question_id,depth,question,expression,expression_json,template_expression,answer,template_depth_requested,template_actual_depth,bound_expression_depth,tree_seed,binding_seed,master_seed,derived_prob,template_internal_nodes,template_leaf_slots,bound_leaf_count,leaf_1_key,leaf_1_concept,leaf_1_label,leaf_1_entity,leaf_1_period,leaf_1_unit,leaf_1_value,leaf_2_key,leaf_2_concept,leaf_2_label,leaf_2_entity,leaf_2_period,leaf_2_unit,leaf_2_value,leaf_3_key,leaf_3_concept,leaf_3_label,leaf_3_entity,leaf_3_period,leaf_3_unit,leaf_3_value,leaf_4_key,leaf_4_concept,leaf_4_label,leaf_4_entity,leaf_4_period,leaf_4_unit,leaf_4_value
1,1,"what do we obtain as the minimum of accounts payable for HLT from December 31, 2024 to July 31, 2025","min(1507_accounts_payable_prior_fy_end, 2442_accounts_payable_current_quarter_end)","{""op"": ""min"", ""left"": {""leaf"": ""1507_accounts_payable_prior_fy_end"", ""depth"": 0}, ""right"": {""leaf"": ""2442_accounts_payable_current_quarter_end"", ""depth"": 0}, ""depth"": 1}","{""kind"": ""time_agg"", ""op"": ""min"", ""depth"": 0}",1567.0,3,0,1,407943839,103848421,42,0.524,0,1,2,1507_accounts_payable_prior_fy_end,accounts_payable,accounts payable,HLT,"December 31, 2024",M_USD,1577.0,2442_accounts_payable_current_quarter_end,accounts_payable,accounts payable,HLT,"July 31, 2025",M_USD,1567.0,,,,,,,,,,,,,,
2,1,"What does the following give: minimum of goodwill for MDI from December 31, 2024 to October 31, 2025?","min(5643_goodwill_prior_fy_end, 5642_goodwill_current_quarter_end)","{""op"": ""min"", ""left"": {""leaf"": ""5643_goodwill_prior_fy_end"", ""depth"": 0}, ""right"": {""leaf"": ""5642_goodwill_current_quarter_end"", ""depth"": 0}, ""depth"": 1}","{""kind"": ""time_agg"", ""op"": ""min"", ""depth"": 0}",1999.0,4,0,1,930379756,108449460,42,0.239,0,1,2,5643_goodwill_prior_fy_end,goodwill,goodwill,MDI,"December 31, 2024",M_USD,2031.0,5642_goodwill_current_quarter_end,goodwill,goodwill,MDI,"October 31, 2025",M_USD,1999.0,,,,,,,,,,,,,,
3,1,"Compute the free cash flow for CRX in Nine Months Ended October 31, 2024.",free_cash_flow,"{""derived"": ""free_cash_flow"", ""expanded"": {""op"": ""diff"", ""left"": {""leaf"": ""5233_net_cash_from_operating_prior_ytd"", ""depth"": 0}, ""right"": {""leaf"": ""5235_capital_expenditures_prior_ytd"", ""depth"": 0}, ""depth"": 1}, ""depth"": 1}","{""kind"": ""derived_concept"", ""name"": ""free_cash_flow"", ""depth"": 0}",8992.0,4,0,1,171779360,850488739,42,0.398,0,1,2,5233_net_cash_from_operating_prior_ytd,net_cash_from_operating,net cash from operating,CRX,"Nine Months Ended October 31, 2024",M_USD,7372.0,5235_capital_expenditures_prior_ytd,capital_expenditures,capital expenditures,CRX,"Nine Months Ended October 31, 2024",M_USD,-1620.0,,,,,,,,,,,,,,
4,1,"compute the minimum of total revenues for INF from Three Months Ended July 31, 2024 to Three Months Ended July 31, 2025.","min(3795_total_revenues_prior_year_quarter, 3794_total_revenues_current_quarter)","{""op"": ""min"", ""left"": {""leaf"": ""3795_total_revenues_prior_year_quarter"", ""depth"": 0}, ""right"": {""leaf"": ""3794_total_revenues_current_quarter"", ""depth"": 0}, ""depth"": 1}","{""kind"": ""time_agg"", ""op"": ""min"", ""depth"": 0}",14473.0,3,0,1,122998994,731980933,42,0.484,0,1,2,3795_total_revenues_prior_year_quarter,total_revenues,total revenues,INF,"Three Months Ended July 31, 2024",M_USD,14473.0,3794_total_revenues_current_quarter,total_revenues,total revenues,INF,"Three Months Ended July 31, 2025",M_USD,15684.0,,,,,,,,,,,,,,
5,0,"what is the value of the other income expense net for CIV in Three Months Ended October 31, 2024 ?",3007_other_income_expense_net_prior_year_quarter,"{""leaf"": ""3007_other_income_expense_net_prior_year_quarter"", ""depth"": 0}","{""kind"": ""leaf"", ""semantic_type_in"": [""amount""], ""depth"": 0}",1.0,2,0,0,320452650,903735581,42,0.176,0,1,1,3007_other_income_expense_net_prior_year_quarter,other_income_expense_net,other income expense net,CIV,"Three Months Ended October 31, 2024",M_USD,1.0,,,,,,,,,,,,,,,,,,,,,
6,2,"which value corresponds to the maximum of current portion of long term debt for MED from December 31, 2024 to October 31, 2025 ?","max(max(1993_current_portion_of_long_term_debt_prior_fy_end, 1752_current_portion_of_long_term_debt_current_quarter_end), 1992_current_portion_of_long_term_debt_current_quarter_end)","{""op"": ""max"", ""left"": {""op"": ""max"", ""left"": {""leaf"": ""1993_current_portion_of_long_term_debt_prior_fy_end"", ""depth"": 0}, ""right"": {""leaf"": ""1752_current_portion_of_long_term_debt_current_quarter_end"", ""depth"": 0}, ""depth"": 1}, ""right"": {""leaf"": ""1992_current_portion_of_long_term_debt_current_quarter_end"", ""depth"": 0}, ""depth"": 2}","{""kind"": ""time_agg"", ""op"": ""max"", ""depth"": 0}",420.0,1,0,2,524636385,20912992,42,0.565,0,1,3,1993_current_portion_of_long_term_debt_prior_fy_end,current_portion_of_long_term_debt,current portion of long term debt,MED,"December 31, 2024",M_USD,162.0,1752_current_portion_of_long_term_debt_current_quarter_end,current_portion_of_long_term_debt,current portion of long term debt,MED,"July 31, 2025",M_USD,420.0,1992_current_portion_of_long_term_debt_current_quarter_end,current_portion_of_long_term_debt,current portion of long term debt,MED,"October 31, 2025",M_USD,156.0,,,,,,,
7,1,"may you calculate the maximum of total costs and expenses for TRU from Three Months Ended July 31, 2024 to Three Months Ended July 31, 2025 ?","max(1129_total_costs_and_expenses_prior_year_quarter, 592_total_costs_and_expenses_current_quarter)","{""op"": ""max"", ""left"": {""leaf"": ""1129_total_costs_and_expenses_prior_year_quarter"", ""depth"": 0}, ""right"": {""leaf"": ""592_total_costs_and_expenses_current_quarter"", ""depth"": 0}, ""depth"": 1}","{""kind"": ""time_agg"", ""op"": ""max"", ""depth"": 0}",15225.0,1,0,1,258633898,942755630,42,0.143,0,1,2,1129_total_costs_and_expenses_prior_year_quarter,total_costs_and_expenses,total costs and expenses,TRU,"Three Months Ended July 31, 2024",M_USD,11271.0,592_total_costs_and_expenses_current_quarter,total_costs_and_expenses,total costs and expenses,TRU,"Three Months Ended July 31, 2025",M_USD,15225.0,,,,,,,,,,,,,,
8,2,"May you give the average gross profit for VRX from Six Months Ended July 31, 2024 to Six Months Ended July 31, 2025","ratio(sum(3101_gross_profit_prior_year_ytd, 3100_gross_profit_current_ytd), 2.0)","{""op"": ""ratio"", ""left"": {""op"": ""sum"", ""left"": {""leaf"": ""3101_gross_profit_prior_year_ytd"", ""depth"": 0}, ""right"": {""leaf"": ""3100_gross_profit_current_ytd"", ""depth"": 0}, ""depth"": 1}, ""right"": {""literal"": 2.0, ""depth"": 0}, ""depth"": 2}","{""kind"": ""time_agg"", ""op"": ""avg"", ""depth"": 0}",22895.0,4,0,2,936767846,651325257,42,0.582,0,1,2,3101_gross_profit_prior_year_ytd,gross_profit,gross profit,VRX,"Six Months Ended July 31, 2024",M_USD,21692.0,3100_gross_profit_current_ytd,gross_profit,gross profit,VRX,"Six Months Ended July 31, 2025",M_USD,24098.0,,,,,,,,,,,,,,
9,0,"May you give the cost of sales for VRX in Six Months Ended July 31, 2025",3096_cost_of_sales_current_ytd,"{""leaf"": ""3096_cost_of_sales_current_ytd"", ""depth"": 0}","{""kind"": ""leaf"", ""semantic_type_in"": [""amount""], ""depth"": 0}",13830.0,2,0,0,997413271,579064766,42,0.456,0,1,1,3096_cost_of_sales_current_ytd,cost_of_sales,cost of sales,VRX,"Six Months Ended July 31, 2025",M_USD,13830.0,,,,,,,,,,,,,,,,,,,,,
10,1,"What does the following give: minimum of cash and cash equivalents for JTX from December 31, 2024 to April 30, 2025","min(4184_cash_and_cash_equivalents_current_quarter_end, 4185_cash_and_cash_equivalents_prior_fy_end)","{""op"": ""min"", ""left"": {""leaf"": ""4184_cash_and_cash_equivalents_current_quarter_end"", ""depth"": 0}, ""right"": {""leaf"": ""4185_cash_and_cash_equivalents_prior_fy_end"", ""depth"": 0}, ""depth"": 1}","{""kind"": ""time_agg"", ""op"": ""min"", ""depth"": 0}",1708.0,3,0,1,428414718,721218382,42,0.319,0,1,2,4184_cash_and_cash_equivalents_current_quarter_end,cash_and_cash_equivalents,cash and cash equivalents,JTX,"April 30, 2025",M_USD,1714.0,4185_cash_and_cash_equivalents_prior_fy_end,cash_and_cash_equivalents,cash and cash equivalents,JTX,"December 31, 2024",M_USD,1708.0,,,,,,,,,,,,,,
11,1,"Evaluate the maximum of other non current liabilities for PRF from December 31, 2024 to October 31, 2025 .","max(2219_other_non_current_liabilities_prior_fy_end, 2582_other_non_current_liabilities_current_quarter_end)","{""op"": ""max"", ""left"": {""leaf"": ""2219_other_non_current_liabilities_prior_fy_end"", ""depth"": 0}, ""right"": {""leaf"": ""2582_other_non_current_liabilities_current_quarter_end"", ""depth"": 0}, ""depth"": 1}","{""kind"": ""time_agg"", ""op"": ""max"", ""depth"": 0}",256.0,1,0,1,555742829,484779555,42,0.224,0,1,2,2219_other_non_current_liabilities_prior_fy_end,other_non_current_liabilities,other non current liabilities,PRF,"December 31, 2024",M_USD,41.0,2582_other_non_current_liabilities_current_quarter_end,other_non_current_liabilities,other non current liabilities,PRF,"October 31, 2025",M_USD,256.0,,,,,,,,,,,,,,
12,2,"What's the value of the average property plant and equipment net for CLR from December 31, 2024 to October 31, 2025 ?","ratio(sum(159_property_plant_and_equipment_net_prior_fy_end, 158_property_plant_and_equipment_net_current_quarter_end), 2.0)","{""op"": ""ratio"", ""left"": {""op"": ""sum"", ""left"": {""leaf"": ""159_property_plant_and_equipment_net_prior_fy_end"", ""depth"": 0}, ""right"": {""leaf"": ""158_property_plant_and_equipment_net_current_quarter_end"", ""depth"": 0}, ""depth"": 1}, ""right"": {""literal"": 2.0, ""depth"": 0}, ""depth"": 2}","{""kind"": ""time_agg"", ""op"": ""avg"", ""depth"": 0}",880.0,1,0,2,68747287,363016614,42,0.394,0,1,2,159_property_plant_and_equipment_net_prior_fy_end,property_plant_and_equipment_net,property plant and equipment net,CLR,"December 31, 2024",M_USD,861.0,158_property_plant_and_equipment_net_current_quarter_end,property_plant_and_equipment_net,property plant and equipment net,CLR,"October 31, 2025",M_USD,899.0,,,,,,,,,,,,,,
13,2,"Which result follows from the average total current liabilities for PLX from September 30, 2025 to July 31, 2026?","ratio(sum(4422_total_current_liabilities_current_quarter_end, 4423_total_current_liabilities_prior_fy_end), 2.0)","{""op"": ""ratio"", ""left"": {""op"": ""sum"", ""left"": {""leaf"": ""4422_total_current_liabilities_current_quarter_end"", ""depth"": 0}, ""right"": {""leaf"": ""4423_total_current_liabilities_prior_fy_end"", ""depth"": 0}, ""depth"": 1}, ""right"": {""literal"": 2.0, ""depth"": 0}, ""depth"": 2}","{""kind"": ""time_agg"", ""op"": ""avg"", ""depth"": 0}",4452.5,2,0,2,247083812,631832764,42,0.104,0,1,2,4422_total_current_liabilities_current_quarter_end,total_current_liabilities,total current liabilities,PLX,"July 31, 2026",M_USD,4808.0,4423_total_current_liabilities_prior_fy_end,total_current_liabilities,total current liabilities,PLX,"September 30, 2025",M_USD,4097.0,,,,,,,,,,,,,,
14,2,"What is the value of the average inventories for BRX from December 31, 2024 to July 31, 2025?","ratio(sum(391_inventories_prior_fy_end, 390_inventories_current_quarter_end), 2.0)","{""op"": ""ratio"", ""left"": {""op"": ""sum"", ""left"": {""leaf"": ""391_inventories_prior_fy_end"", ""depth"": 0}, ""right"": {""leaf"": ""390_inventories_current_quarter_end"", ""depth"": 0}, ""depth"": 1}, ""right"": {""literal"": 2.0, ""depth"": 0}, ""depth"": 2}","{""kind"": ""time_agg"", ""op"": ""avg"", ""depth"": 0}",2433.5,1,0,2,693830224,105675387,42,0.301,0,1,2,391_inventories_prior_fy_end,inventories,inventories,BRX,"December 31, 2024",M_USD,2448.0,390_inventories_current_quarter_end,inventories,inventories,BRX,"July 31, 2025",M_USD,2419.0,,,,,,,,,,,,,,
15,0,"What is the value of the cash and cash equivalents for BRX in December 31, 2024",385_cash_and_cash_equivalents_prior_fy_end,"{""leaf"": ""385_cash_and_cash_equivalents_prior_fy_end"", ""depth"": 0}","{""kind"": ""leaf"", ""semantic_type_in"": [""amount""], ""depth"": 0}",5884.0,2,0,0,521453189,516854671,42,0.532,0,1,1,385_cash_and_cash_equivalents_prior_fy_end,cash_and_cash_equivalents,cash and cash equivalents,BRX,"December 31, 2024",M_USD,5884.0,,,,,,,,,,,,,,,,,,,,,
16,1,"Give the minimum of research and development for CRZ from Nine Months Ended October 31, 2024 to Nine Months Ended October 31, 2025","min(4905_research_and_development_prior_year_ytd, 4904_research_and_development_current_ytd)","{""op"": ""min"", ""left"": {""leaf"": ""4905_research_and_development_prior_year_ytd"", ""depth"": 0}, ""right"": {""leaf"": ""4904_research_and_development_current_ytd"", ""depth"": 0}, ""depth"": 1}","{""kind"": ""time_agg"", ""op"": ""min"", ""depth"": 0}",177.0,1,0,1,318587604,233754555,42,0.39,0,1,2,4905_research_and_development_prior_year_ytd,research_and_development,research and development,CRZ,"Nine Months Ended October 31, 2024",M_USD,180.0,4904_research_and_development_current_ytd,research_and_development,research and development,CRZ,"Nine Months Ended October 31, 2025",M_USD,177.0,,,,,,,,,,,,,,
17,1,"what is the value of the maximum of other non current liabilities for BRX from December 31, 2024 to July 31, 2025 ?","max(421_other_non_current_liabilities_prior_fy_end, 420_other_non_current_liabilities_current_quarter_end)","{""op"": ""max"", ""left"": {""leaf"": ""421_other_non_current_liabilities_prior_fy_end"", ""depth"": 0}, ""right"": {""leaf"": ""420_other_non_current_liabilities_current_quarter_end"", ""depth"": 0}, ""depth"": 1}","{""kind"": ""time_agg"", ""op"": ""max"", ""depth"": 0}",4698.0,2,0,1,72972420,725003955,42,0.302,0,1,2,421_other_non_current_liabilities_prior_fy_end,other_non_current_liabilities,other non current liabilities,BRX,"December 31, 2024",M_USD,4698.0,420_other_non_current_liabilities_current_quarter_end,other_non_current_liabilities,other non current liabilities,BRX,"July 31, 2025",M_USD,4643.0,,,,,,,,,,,,,,
18,1,"Could you give the minimum of property plant and equipment net for TPH from December 31, 2024 to October 31, 2025?","min(2801_property_plant_and_equipment_net_prior_fy_end, 2800_property_plant_and_equipment_net_current_quarter_end)","{""op"": ""min"", ""left"": {""leaf"": ""2801_property_plant_and_equipment_net_prior_fy_end"", ""depth"": 0}, ""right"": {""leaf"": ""2800_property_plant_and_equipment_net_current_quarter_end"", ""depth"": 0}, ""depth"": 1}","{""kind"": ""time_agg"", ""op"": ""min"", ""depth"": 0}",2931.0,3,0,1,219321646,719112790,42,0.219,0,1,2,2801_property_plant_and_equipment_net_prior_fy_end,property_plant_and_equipment_net,property plant and equipment net,TPH,"December 31, 2024",M_USD,2931.0,2800_property_plant_and_equipment_net_current_quarter_end,property_plant_and_equipment_net,property plant and equipment net,TPH,"October 31, 2025",M_USD,2985.0,,,,,,,,,,,,,,
19,1,"What's the value of the minimum of current portion of long term debt for CLD from December 31, 2024 to April 30, 2025?","min(3752_current_portion_of_long_term_debt_current_quarter_end, 3753_current_portion_of_long_term_debt_prior_fy_end)","{""op"": ""min"", ""left"": {""leaf"": ""3752_current_portion_of_long_term_debt_current_quarter_end"", ""depth"": 0}, ""right"": {""leaf"": ""3753_current_portion_of_long_term_debt_prior_fy_end"", ""depth"": 0}, ""depth"": 1}","{""kind"": ""time_agg"", ""op"": ""min"", ""depth"": 0}",165.0,1,0,1,997525838,807308348,42,0.105,0,1,2,3752_current_portion_of_long_term_debt_current_quarter_end,current_portion_of_long_term_debt,current portion of long term debt,CLD,"April 30, 2025",M_USD,165.0,3753_current_portion_of_long_term_debt_prior_fy_end,current_portion_of_long_term_debt,current portion of long term debt,CLD,"December 31, 2024",M_USD,171.0,,,,,,,,,,,,,,
20,2,"compute the average other non current liabilities for IND from December 31, 2024 to April 30, 2025 .","ratio(sum(956_other_non_current_liabilities_current_quarter_end, 957_other_non_current_liabilities_prior_fy_end), 2.0)","{""op"": ""ratio"", ""left"": {""op"": ""sum"", ""left"": {""leaf"": ""956_other_non_current_liabilities_current_quarter_end"", ""depth"": 0}, ""right"": {""leaf"": ""957_other_non_current_liabilities_prior_fy_end"", ""depth"": 0}, ""depth"": 1}, ""right"": {""literal"": 2.0, ""depth"": 0}, ""depth"": 2}","{""kind"": ""time_agg"", ""op"": ""avg"", ""depth"": 0}",1045.5,1,0,2,374745382,945820704,42,0.54,0,1,2,956_other_non_current_liabilities_current_quarter_end,other_non_current_liabilities,other non current liabilities,IND,"April 30, 2025",M_USD,1010.0,957_other_non_current_liabilities_prior_fy_end,other_non_current_liabilities,other non current liabilities,IND,"December 31, 2024",M_USD,1081.0,,,,,,,,,,,,,,
21,1,"Provide the minimum of gross profit for HLT from Nine Months Ended October 31, 2024 to Nine Months Ended October 31, 2025.","min(459_gross_profit_prior_year_ytd, 458_gross_profit_current_ytd)","{""op"": ""min"", ""left"": {""leaf"": ""459_gross_profit_prior_year_ytd"", ""depth"": 0}, ""right"": {""leaf"": ""458_gross_profit_current_ytd"", ""depth"": 0}, ""depth"": 1}","{""kind"": ""time_agg"", ""op"": ""min"", ""depth"": 0}",15528.0,3,0,1,681007818,915808162,42,0.353,0,1,2,459_gross_profit_prior_year_ytd,gross_profit,gross profit,HLT,"Nine Months Ended October 31, 2024",M_USD,15528.0,458_gross_profit_current_ytd,gross_profit,gross profit,HLT,"Nine Months Ended October 31, 2025",M_USD,17760.0,,,,,,,,,,,,,,
22,1,"may you give the minimum of Patient service revenue for VTL from Three Months Ended April 30, 2024 to Three Months Ended April 30, 2025","min(94_patient_service_revenue_prior_year_quarter, 88_patient_service_revenue_current_quarter)","{""op"": ""min"", ""left"": {""leaf"": ""94_patient_service_revenue_prior_year_quarter"", ""depth"": 0}, ""right"": {""leaf"": ""88_patient_service_revenue_current_quarter"", ""depth"": 0}, ""depth"": 1}","{""kind"": ""time_agg"", ""op"": ""min"", ""depth"": 0}",636.0,2,0,1,358153605,827982963,42,0.419,0,1,2,94_patient_service_revenue_prior_year_quarter,patient_service_revenue,Patient service revenue,VTL,"Three Months Ended April 30, 2024",M_USD,636.0,88_patient_service_revenue_current_quarter,patient_service_revenue,Patient service revenue,VTL,"Three Months Ended April 30, 2025",M_USD,1391.0,,,,,,,,,,,,,,
23,2,"provide the average inventories for SUP from December 31, 2024 to April 30, 2025","ratio(sum(838_inventories_current_quarter_end, 2681_inventories_prior_fy_end), 2.0)","{""op"": ""ratio"", ""left"": {""op"": ""sum"", ""left"": {""leaf"": ""838_inventories_current_quarter_end"", ""depth"": 0}, ""right"": {""leaf"": ""2681_inventories_prior_fy_end"", ""depth"": 0}, ""depth"": 1}, ""right"": {""literal"": 2.0, ""depth"": 0}, ""depth"": 2}","{""kind"": ""time_agg"", ""op"": ""avg"", ""depth"": 0}",3691.5,2,0,2,948228268,741976666,42,0.373,0,1,2,838_inventories_current_quarter_end,inventories,inventories,SUP,"April 30, 2025",M_USD,3258.0,2681_inventories_prior_fy_end,inventories,inventories,SUP,"December 31, 2024",M_USD,4125.0,,,,,,,,,,,,,,
24,2,"what is the value of the average provision for income taxes for BRX from Three Months Ended July 31, 2024 to Three Months Ended July 31, 2025 ?","ratio(sum(369_provision_for_income_taxes_prior_year_quarter, 368_provision_for_income_taxes_current_quarter), 2.0)","{""op"": ""ratio"", ""left"": {""op"": ""sum"", ""left"": {""leaf"": ""369_provision_for_income_taxes_prior_year_quarter"", ""depth"": 0}, ""right"": {""leaf"": ""368_provision_for_income_taxes_current_quarter"", ""depth"": 0}, ""depth"": 1}, ""right"": {""literal"": 2.0, ""depth"": 0}, ""depth"": 2}","{""kind"": ""time_agg"", ""op"": ""avg"", ""depth"": 0}",3983.5,4,0,2,41580226,921907485,42,0.211,0,1,2,369_provision_for_income_taxes_prior_year_quarter,provision_for_income_taxes,provision for income taxes,BRX,"Three Months Ended July 31, 2024",M_USD,4025.0,368_provision_for_income_taxes_current_quarter,provision_for_income_taxes,provision for income taxes,BRX,"Three Months Ended July 31, 2025",M_USD,3942.0,,,,,,,,,,,,,,
25,1,"you should calculate the minimum of accounts receivable net for JTX from December 31, 2024 to April 30, 2025 .","min(4188_accounts_receivable_net_current_quarter_end, 4189_accounts_receivable_net_prior_fy_end)","{""op"": ""min"", ""left"": {""leaf"": ""4188_accounts_receivable_net_current_quarter_end"", ""depth"": 0}, ""right"": {""leaf"": ""4189_accounts_receivable_net_prior_fy_end"", ""depth"": 0}, ""depth"": 1}","{""kind"": ""time_agg"", ""op"": ""min"", ""depth"": 0}",1640.0,3,0,1,546970178,429151399,42,0.57,0,1,2,4188_accounts_receivable_net_current_quarter_end,accounts_receivable_net,accounts receivable net,JTX,"April 30, 2025",M_USD,1646.0,4189_accounts_receivable_net_prior_fy_end,accounts_receivable_net,accounts receivable net,JTX,"December 31, 2024",M_USD,1640.0,,,,,,,,,,,,,,
26,2,"which result follows from the average accounts payable for PLZ from December 31, 2024 to July 31, 2025","ratio(sum(2115_accounts_payable_prior_fy_end, 2114_accounts_payable_current_quarter_end), 2.0)","{""op"": ""ratio"", ""left"": {""op"": ""sum"", ""left"": {""leaf"": ""2115_accounts_payable_prior_fy_end"", ""depth"": 0}, ""right"": {""leaf"": ""2114_accounts_payable_current_quarter_end"", ""depth"": 0}, ""depth"": 1}, ""right"": {""literal"": 2.0, ""depth"": 0}, ""depth"": 2}","{""kind"": ""time_agg"", ""op"": ""avg"", ""depth"": 0}",21993.5,1,0,2,213814138,158220114,42,0.123,0,1,2,2115_accounts_payable_prior_fy_end,accounts_payable,accounts payable,PLZ,"December 31, 2024",M_USD,21700.0,2114_accounts_payable_current_quarter_end,accounts_payable,accounts payable,PLZ,"July 31, 2025",M_USD,22287.0,,,,,,,,,,,,,,
27,2,"May you give the average provision for income taxes for MDI from Three Months Ended October 31, 2024 to Three Months Ended October 31, 2025?","ratio(sum(5611_provision_for_income_taxes_prior_year_quarter, 5610_provision_for_income_taxes_current_quarter), 2.0)","{""op"": ""ratio"", ""left"": {""op"": ""sum"", ""left"": {""leaf"": ""5611_provision_for_income_taxes_prior_year_quarter"", ""depth"": 0}, ""right"": {""leaf"": ""5610_provision_for_income_taxes_current_quarter"", ""depth"": 0}, ""depth"": 1}, ""right"": {""literal"": 2.0, ""depth"": 0}, ""depth"": 2}","{""kind"": ""time_agg"", ""op"": ""avg"", ""depth"": 0}",769.5,4,0,2,412293741,530833445,42,0.222,0,1,2,5611_provision_for_income_taxes_prior_year_quarter,provision_for_income_taxes,provision for income taxes,MDI,"Three Months Ended October 31, 2024",M_USD,722.0,5610_provision_for_income_taxes_current_quarter,provision_for_income_taxes,provision for income taxes,MDI,"Three Months Ended October 31, 2025",M_USD,817.0,,,,,,,,,,,,,,
28,2,"may you calculate the average cost of sales for TRD from Three Months Ended April 30, 2024 to Three Months Ended April 30, 2025?","ratio(sum(5381_cost_of_sales_prior_year_quarter, 5380_cost_of_sales_current_quarter), 2.0)","{""op"": ""ratio"", ""left"": {""op"": ""sum"", ""left"": {""leaf"": ""5381_cost_of_sales_prior_year_quarter"", ""depth"": 0}, ""right"": {""leaf"": ""5380_cost_of_sales_current_quarter"", ""depth"": 0}, ""depth"": 1}, ""right"": {""literal"": 2.0, ""depth"": 0}, ""depth"": 2}","{""kind"": ""time_agg"", ""op"": ""avg"", ""depth"": 0}",27594.5,2,0,2,248315126,411281012,42,0.453,0,1,2,5381_cost_of_sales_prior_year_quarter,cost_of_sales,cost of sales,TRD,"Three Months Ended April 30, 2024",M_USD,28819.0,5380_cost_of_sales_current_quarter,cost_of_sales,cost of sales,TRD,"Three Months Ended April 30, 2025",M_USD,26370.0,,,,,,,,,,,,,,
29,0,"What's the value of the current portion of long term debt for CRF in December 31, 2024",1641_current_portion_of_long_term_debt_prior_fy_end,"{""leaf"": ""1641_current_portion_of_long_term_debt_prior_fy_end"", ""depth"": 0}","{""kind"": ""leaf"", ""semantic_type_in"": [""amount""], ""depth"": 0}",633.0,4,0,0,256135680,135528741,42,0.435,0,1,1,1641_current_portion_of_long_term_debt_prior_fy_end,current_portion_of_long_term_debt,current portion of long term debt,CRF,"December 31, 2024",M_USD,633.0,,,,,,,,,,,,,,,,,,,,,
30,1,"you should calculate the maximum of accrued expenses and other for BNK from December 31, 2024 to October 31, 2025","max(4735_accrued_expenses_and_other_prior_fy_end, 4734_accrued_expenses_and_other_current_quarter_end)","{""op"": ""max"", ""left"": {""leaf"": ""4735_accrued_expenses_and_other_prior_fy_end"", ""depth"": 0}, ""right"": {""leaf"": ""4734_accrued_expenses_and_other_current_quarter_end"", ""depth"": 0}, ""depth"": 1}","{""kind"": ""time_agg"", ""op"": ""max"", ""depth"": 0}",631.0,4,0,1,997385005,334961542,42,0.298,0,1,2,4735_accrued_expenses_and_other_prior_fy_end,accrued_expenses_and_other,accrued expenses and other,BNK,"December 31, 2024",M_USD,538.0,4734_accrued_expenses_and_other_current_quarter_end,accrued_expenses_and_other,accrued expenses and other,BNK,"October 31, 2025",M_USD,631.0,,,,,,,,,,,,,,
31,2,"what would be the average net income for FAB from Six Months Ended July 31, 2024 to Six Months Ended July 31, 2025","ratio(sum(3961_net_income_prior_year_ytd, 3960_net_income_current_ytd), 2.0)","{""op"": ""ratio"", ""left"": {""op"": ""sum"", ""left"": {""leaf"": ""3961_net_income_prior_year_ytd"", ""depth"": 0}, ""right"": {""leaf"": ""3960_net_income_current_ytd"", ""depth"": 0}, ""depth"": 1}, ""right"": {""literal"": 2.0, ""depth"": 0}, ""depth"": 2}","{""kind"": ""time_agg"", ""op"": ""avg"", ""depth"": 0}",10299.0,2,0,2,891819497,673496394,42,0.151,0,1,2,3961_net_income_prior_year_ytd,net_income,net income,FAB,"Six Months Ended July 31, 2024",M_USD,10938.0,3960_net_income_current_ytd,net_income,net income,FAB,"Six Months Ended July 31, 2025",M_USD,9660.0,,,,,,,,,,,,,,
32,1,"Could you give the minimum of cost of sales for SUP from Six Months Ended July 31, 2024 to Six Months Ended July 31, 2025","min(2633_cost_of_sales_prior_year_ytd, 2632_cost_of_sales_current_ytd)","{""op"": ""min"", ""left"": {""leaf"": ""2633_cost_of_sales_prior_year_ytd"", ""depth"": 0}, ""right"": {""leaf"": ""2632_cost_of_sales_current_ytd"", ""depth"": 0}, ""depth"": 1}","{""kind"": ""time_agg"", ""op"": ""min"", ""depth"": 0}",40944.0,1,0,1,829445037,323821937,42,0.498,0,1,2,2633_cost_of_sales_prior_year_ytd,cost_of_sales,cost of sales,SUP,"Six Months Ended July 31, 2024",M_USD,45820.0,2632_cost_of_sales_current_ytd,cost_of_sales,cost of sales,SUP,"Six Months Ended July 31, 2025",M_USD,40944.0,,,,,,,,,,,,,,
33,1,"Which quantity is given by the minimum of current portion of long term debt for PRF from December 31, 2024 to April 30, 2025","min(2212_current_portion_of_long_term_debt_current_quarter_end, 2213_current_portion_of_long_term_debt_prior_fy_end)","{""op"": ""min"", ""left"": {""leaf"": ""2212_current_portion_of_long_term_debt_current_quarter_end"", ""depth"": 0}, ""right"": {""leaf"": ""2213_current_portion_of_long_term_debt_prior_fy_end"", ""depth"": 0}, ""depth"": 1}","{""kind"": ""time_agg"", ""op"": ""min"", ""depth"": 0}",63.0,1,0,1,607665448,840348305,42,0.274,0,1,2,2212_current_portion_of_long_term_debt_current_quarter_end,current_portion_of_long_term_debt,current portion of long term debt,PRF,"April 30, 2025",M_USD,66.0,2213_current_portion_of_long_term_debt_prior_fy_end,current_portion_of_long_term_debt,current portion of long term debt,PRF,"December 31, 2024",M_USD,63.0,,,,,,,,,,,,,,
34,2,"may you give the average net income for BNK from Nine Months Ended October 31, 2024 to Nine Months Ended October 31, 2025 ?","ratio(sum(4697_net_income_prior_year_ytd, 4696_net_income_current_ytd), 2.0)","{""op"": ""ratio"", ""left"": {""op"": ""sum"", ""left"": {""leaf"": ""4697_net_income_prior_year_ytd"", ""depth"": 0}, ""right"": {""leaf"": ""4696_net_income_current_ytd"", ""depth"": 0}, ""depth"": 1}, ""right"": {""literal"": 2.0, ""depth"": 0}, ""depth"": 2}","{""kind"": ""time_agg"", ""op"": ""avg"", ""depth"": 0}",5503.5,3,0,2,467600762,189125618,42,0.408,0,1,2,4697_net_income_prior_year_ytd,net_income,net income,BNK,"Nine Months Ended October 31, 2024",M_USD,5199.0,4696_net_income_current_ytd,net_income,net income,BNK,"Nine Months Ended October 31, 2025",M_USD,5808.0,,,,,,,,,,,,,,
35,0,"evaluate the other income expense net for PRD in Three Months Ended October 31, 2025.",1830_other_income_expense_net_current_quarter,"{""leaf"": ""1830_other_income_expense_net_current_quarter"", ""depth"": 0}","{""kind"": ""leaf"", ""semantic_type_in"": [""amount""], ""depth"": 0}",-63.0,4,0,0,987431941,577858758,42,0.332,0,1,1,1830_other_income_expense_net_current_quarter,other_income_expense_net,other income expense net,PRD,"Three Months Ended October 31, 2025",M_USD,-63.0,,,,,,,,,,,,,,,,,,,,,
36,2,"State the average depreciation and amortization for HLT from Six Months Ended July 31, 2024 to Six Months Ended July 31, 2025.","ratio(sum(2469_depreciation_and_amortization_prior_ytd, 1532_depreciation_and_amortization_current_ytd), 2.0)","{""op"": ""ratio"", ""left"": {""op"": ""sum"", ""left"": {""leaf"": ""2469_depreciation_and_amortization_prior_ytd"", ""depth"": 0}, ""right"": {""leaf"": ""1532_depreciation_and_amortization_current_ytd"", ""depth"": 0}, ""depth"": 1}, ""right"": {""literal"": 2.0, ""depth"": 0}, ""depth"": 2}","{""kind"": ""time_agg"", ""op"": ""avg"", ""depth"": 0}",583.0,3,0,2,886625773,784933416,42,0.261,0,1,2,2469_depreciation_and_amortization_prior_ytd,depreciation_and_amortization,depreciation and amortization,HLT,"Six Months Ended July 31, 2024",M_USD,601.0,1532_depreciation_and_amortization_current_ytd,depreciation_and_amortization,depreciation and amortization,HLT,"Six Months Ended July 31, 2025",M_USD,565.0,,,,,,,,,,,,,,
37,1,"which value corresponds to the operating income for MED in Three Months Ended October 31, 2025 ?",operating_income,"{""derived"": ""operating_income"", ""expanded"": {""op"": ""diff"", ""left"": {""leaf"": ""1914_total_revenues_current_quarter"", ""depth"": 0}, ""right"": {""leaf"": ""1934_total_costs_and_expenses_current_quarter"", ""depth"": 0}, ""depth"": 1}, ""depth"": 1}","{""kind"": ""derived_concept"", ""name"": ""operating_income"", ""depth"": 0}",1027.0,3,0,1,717461907,406936666,42,0.114,0,1,2,1914_total_revenues_current_quarter,total_revenues,total revenues,MED,"Three Months Ended October 31, 2025",M_USD,3818.0,1934_total_costs_and_expenses_current_quarter,total_costs_and_expenses,total costs and expenses,MED,"Three Months Ended October 31, 2025",M_USD,2791.0,,,,,,,,,,,,,,
38,1,"may you calculate the maximum of accrued expenses and other for TRU from December 31, 2024 to July 31, 2025?","max(1185_accrued_expenses_and_other_prior_fy_end, 1184_accrued_expenses_and_other_current_quarter_end)","{""op"": ""max"", ""left"": {""leaf"": ""1185_accrued_expenses_and_other_prior_fy_end"", ""depth"": 0}, ""right"": {""leaf"": ""1184_accrued_expenses_and_other_current_quarter_end"", ""depth"": 0}, ""depth"": 1}","{""kind"": ""time_agg"", ""op"": ""max"", ""depth"": 0}",820.0,2,0,1,913703651,348981305,42,0.344,0,1,2,1185_accrued_expenses_and_other_prior_fy_end,accrued_expenses_and_other,accrued expenses and other,TRU,"December 31, 2024",M_USD,756.0,1184_accrued_expenses_and_other_current_quarter_end,accrued_expenses_and_other,accrued expenses and other,TRU,"July 31, 2025",M_USD,820.0,,,,,,,,,,,,,,
39,2,"May you calculate the average total assets for TRD from December 31, 2024 to April 30, 2025 ?","ratio(sum(5424_total_assets_current_quarter_end, 5425_total_assets_prior_fy_end), 2.0)","{""op"": ""ratio"", ""left"": {""op"": ""sum"", ""left"": {""leaf"": ""5424_total_assets_current_quarter_end"", ""depth"": 0}, ""right"": {""leaf"": ""5425_total_assets_prior_fy_end"", ""depth"": 0}, ""depth"": 1}, ""right"": {""literal"": 2.0, ""depth"": 0}, ""depth"": 2}","{""kind"": ""time_agg"", ""op"": ""avg"", ""depth"": 0}",23720.0,1,0,2,554724287,205145276,42,0.221,0,1,2,5424_total_assets_current_quarter_end,total_assets,total assets,TRD,"April 30, 2025",M_USD,24616.0,5425_total_assets_prior_fy_end,total_assets,total assets,TRD,"December 31, 2024",M_USD,22824.0,,,,,,,,,,,,,,
40,1,"What is the minimum of net cash from operating for AST from Six Months Ended July 31, 2024 to Six Months Ended July 31, 2025?","min(4869_net_cash_from_operating_prior_ytd, 4868_net_cash_from_operating_current_ytd)","{""op"": ""min"", ""left"": {""leaf"": ""4869_net_cash_from_operating_prior_ytd"", ""depth"": 0}, ""right"": {""leaf"": ""4868_net_cash_from_operating_current_ytd"", ""depth"": 0}, ""depth"": 1}","{""kind"": ""time_agg"", ""op"": ""min"", ""depth"": 0}",9954.0,3,0,1,18514813,99915275,42,0.211,0,1,2,4869_net_cash_from_operating_prior_ytd,net_cash_from_operating,net cash from operating,AST,"Six Months Ended July 31, 2024",M_USD,10259.0,4868_net_cash_from_operating_current_ytd,net_cash_from_operating,net cash from operating,AST,"Six Months Ended July 31, 2025",M_USD,9954.0,,,,,,,,,,,,,,
41,0,"Compute the prepaid expenses and other for FAB in July 31, 2025",3978_prepaid_expenses_and_other_current_quarter_end,"{""leaf"": ""3978_prepaid_expenses_and_other_current_quarter_end"", ""depth"": 0}","{""kind"": ""leaf"", ""semantic_type_in"": [""amount""], ""depth"": 0}",695.0,2,0,0,129553265,774473159,42,0.258,0,1,1,3978_prepaid_expenses_and_other_current_quarter_end,prepaid_expenses_and_other,prepaid expenses and other,FAB,"July 31, 2025",M_USD,695.0,,,,,,,,,,,,,,,,,,,,,
42,1,"Could you give the minimum of total costs and expenses for SUP from Three Months Ended July 31, 2024 to Three Months Ended July 31, 2025 ?","min(2647_total_costs_and_expenses_prior_year_quarter, 2646_total_costs_and_expenses_current_quarter)","{""op"": ""min"", ""left"": {""leaf"": ""2647_total_costs_and_expenses_prior_year_quarter"", ""depth"": 0}, ""right"": {""leaf"": ""2646_total_costs_and_expenses_current_quarter"", ""depth"": 0}, ""depth"": 1}","{""kind"": ""time_agg"", ""op"": ""min"", ""depth"": 0}",24505.0,2,0,1,797662466,575379544,42,0.196,0,1,2,2647_total_costs_and_expenses_prior_year_quarter,total_costs_and_expenses,total costs and expenses,SUP,"Three Months Ended July 31, 2024",M_USD,27424.0,2646_total_costs_and_expenses_current_quarter,total_costs_and_expenses,total costs and expenses,SUP,"Three Months Ended July 31, 2025",M_USD,24505.0,,,,,,,,,,,,,,
43,1,"which quantity is given by the minimum of accounts receivable net for PRF from December 31, 2024 to October 31, 2025","min(2551_accounts_receivable_net_prior_fy_end, 2550_accounts_receivable_net_current_quarter_end)","{""op"": ""min"", ""left"": {""leaf"": ""2551_accounts_receivable_net_prior_fy_end"", ""depth"": 0}, ""right"": {""leaf"": ""2550_accounts_receivable_net_current_quarter_end"", ""depth"": 0}, ""depth"": 1}","{""kind"": ""time_agg"", ""op"": ""min"", ""depth"": 0}",599.0,2,0,1,594164665,313679331,42,0.419,0,1,2,2551_accounts_receivable_net_prior_fy_end,accounts_receivable_net,accounts receivable net,PRF,"December 31, 2024",M_USD,613.0,2550_accounts_receivable_net_current_quarter_end,accounts_receivable_net,accounts receivable net,PRF,"October 31, 2025",M_USD,599.0,,,,,,,,,,,,,,
44,1,"What does the following give: minimum of net income for MDI from Three Months Ended October 31, 2024 to Three Months Ended October 31, 2025 ?","min(5615_net_income_prior_year_quarter, 5614_net_income_current_quarter)","{""op"": ""min"", ""left"": {""leaf"": ""5615_net_income_prior_year_quarter"", ""depth"": 0}, ""right"": {""leaf"": ""5614_net_income_current_quarter"", ""depth"": 0}, ""depth"": 1}","{""kind"": ""time_agg"", ""op"": ""min"", ""depth"": 0}",2574.0,4,0,1,616396766,305307028,42,0.339,0,1,2,5615_net_income_prior_year_quarter,net_income,net income,MDI,"Three Months Ended October 31, 2024",M_USD,2574.0,5614_net_income_current_quarter,net_income,net income,MDI,"Three Months Ended October 31, 2025",M_USD,2911.0,,,,,,,,,,,,,,
45,2,"What is the value of the average net income for BNK from Nine Months Ended October 31, 2024 to Nine Months Ended October 31, 2025?","ratio(sum(4697_net_income_prior_year_ytd, 4696_net_income_current_ytd), 2.0)","{""op"": ""ratio"", ""left"": {""op"": ""sum"", ""left"": {""leaf"": ""4697_net_income_prior_year_ytd"", ""depth"": 0}, ""right"": {""leaf"": ""4696_net_income_current_ytd"", ""depth"": 0}, ""depth"": 1}, ""right"": {""literal"": 2.0, ""depth"": 0}, ""depth"": 2}","{""kind"": ""time_agg"", ""op"": ""avg"", ""depth"": 0}",5503.5,1,0,2,365830215,197958983,42,0.226,0,1,2,4697_net_income_prior_year_ytd,net_income,net income,BNK,"Nine Months Ended October 31, 2024",M_USD,5199.0,4696_net_income_current_ytd,net_income,net income,BNK,"Nine Months Ended October 31, 2025",M_USD,5808.0,,,,,,,,,,,,,,
46,1,"you should give the minimum of other non current assets for DTA from December 31, 2024 to April 30, 2025.","min(4512_other_non_current_assets_current_quarter_end, 4513_other_non_current_assets_prior_fy_end)","{""op"": ""min"", ""left"": {""leaf"": ""4512_other_non_current_assets_current_quarter_end"", ""depth"": 0}, ""right"": {""leaf"": ""4513_other_non_current_assets_prior_fy_end"", ""depth"": 0}, ""depth"": 1}","{""kind"": ""time_agg"", ""op"": ""min"", ""depth"": 0}",899.0,1,0,1,430256336,528008852,42,0.389,0,1,2,4512_other_non_current_assets_current_quarter_end,other_non_current_assets,other non current assets,DTA,"April 30, 2025",M_USD,899.0,4513_other_non_current_assets_prior_fy_end,other_non_current_assets,other non current assets,DTA,"December 31, 2024",M_USD,913.0,,,,,,,,,,,,,,
47,1,"Which result follows from the maximum of total costs and expenses for PLZ from Three Months Ended July 31, 2024 to Three Months Ended July 31, 2025","max(2063_total_costs_and_expenses_prior_year_quarter, 2062_total_costs_and_expenses_current_quarter)","{""op"": ""max"", ""left"": {""leaf"": ""2063_total_costs_and_expenses_prior_year_quarter"", ""depth"": 0}, ""right"": {""leaf"": ""2062_total_costs_and_expenses_current_quarter"", ""depth"": 0}, ""depth"": 1}","{""kind"": ""time_agg"", ""op"": ""max"", ""depth"": 0}",72184.0,2,0,1,737071174,57562304,42,0.175,0,1,2,2063_total_costs_and_expenses_prior_year_quarter,total_costs_and_expenses,total costs and expenses,PLZ,"Three Months Ended July 31, 2024",M_USD,72184.0,2062_total_costs_and_expenses_current_quarter,total_costs_and_expenses,total costs and expenses,PLZ,"Three Months Ended July 31, 2025",M_USD,67174.0,,,,,,,,,,,,,,
48,1,"what does the following give: maximum of research and development for JTX from Three Months Ended April 30, 2024 to Three Months Ended April 30, 2025 ?","max(4167_research_and_development_prior_year_quarter, 4166_research_and_development_current_quarter)","{""op"": ""max"", ""left"": {""leaf"": ""4167_research_and_development_prior_year_quarter"", ""depth"": 0}, ""right"": {""leaf"": ""4166_research_and_development_current_quarter"", ""depth"": 0}, ""depth"": 1}","{""kind"": ""time_agg"", ""op"": ""max"", ""depth"": 0}",37.0,1,0,1,64671796,654586204,42,0.574,0,1,2,4167_research_and_development_prior_year_quarter,research_and_development,research and development,JTX,"Three Months Ended April 30, 2024",M_USD,36.0,4166_research_and_development_current_quarter,research_and_development,research and development,JTX,"Three Months Ended April 30, 2025",M_USD,37.0,,,,,,,,,,,,,,
49,2,"what do we obtain as the average provision for income taxes for HLT from Six Months Ended July 31, 2024 to Six Months Ended July 31, 2025","ratio(sum(3253_provision_for_income_taxes_prior_year_ytd, 3252_provision_for_income_taxes_current_ytd), 2.0)","{""op"": ""ratio"", ""left"": {""op"": ""sum"", ""left"": {""leaf"": ""3253_provision_for_income_taxes_prior_year_ytd"", ""depth"": 0}, ""right"": {""leaf"": ""3252_provision_for_income_taxes_current_ytd"", ""depth"": 0}, ""depth"": 1}, ""right"": {""literal"": 2.0, ""depth"": 0}, ""depth"": 2}","{""kind"": ""time_agg"", ""op"": ""avg"", ""depth"": 0}",1969.0,2,0,2,223110563,671641650,42,0.232,0,1,2,3253_provision_for_income_taxes_prior_year_ytd,provision_for_income_taxes,provision for income taxes,HLT,"Six Months Ended July 31, 2024",M_USD,2054.0,3252_provision_for_income_taxes_current_ytd,provision_for_income_taxes,provision for income taxes,HLT,"Six Months Ended July 31, 2025",M_USD,1884.0,,,,,,,,,,,,,,
50,1,"Which value corresponds to the sum of gross profit and net change in cash for MTX in Nine Months Ended October 31, 2025","sum(5476_gross_profit_current_ytd, 5576_net_change_in_cash_current_ytd)","{""op"": ""sum"", ""left"": {""leaf"": ""5476_gross_profit_current_ytd"", ""depth"": 0}, ""right"": {""leaf"": ""5576_net_change_in_cash_current_ytd"", ""depth"": 0}, ""depth"": 1}","{""op"": ""sum"", ""left"": {""kind"": ""leaf"", ""semantic_type_in"": [""amount""], ""depth"": 0}, ""right"": {""kind"": ""leaf"", ""semantic_type_in"": [""amount""], ""depth"": 0}, ""depth"": 1, ""kind"": ""node""}",22908.0,1,1,1,80600295,168075622,42,0.304,1,2,2,5476_gross_profit_current_ytd,gross_profit,gross profit,MTX,"Nine Months Ended October 31, 2025",M_USD,20250.0,5576_net_change_in_cash_current_ytd,net_change_in_cash,net change in cash,MTX,"Nine Months Ended October 31, 2025",M_USD,2658.0,,,,,,,,,,,,,,
51,1,"Which value corresponds to the minimum of goodwill for MTX from December 31, 2024 to October 31, 2025 ?","min(5531_goodwill_prior_fy_end, 5530_goodwill_current_quarter_end)","{""op"": ""min"", ""left"": {""leaf"": ""5531_goodwill_prior_fy_end"", ""depth"": 0}, ""right"": {""leaf"": ""5530_goodwill_current_quarter_end"", ""depth"": 0}, ""depth"": 1}","{""kind"": ""time_agg"", ""op"": ""min"", ""depth"": 0}",3431.0,4,0,1,740206617,637599912,42,0.246,0,1,2,5531_goodwill_prior_fy_end,goodwill,goodwill,MTX,"December 31, 2024",M_USD,3431.0,5530_goodwill_current_quarter_end,goodwill,goodwill,MTX,"October 31, 2025",M_USD,3979.0,,,,,,,,,,,,,,
52,2,"Calculate the sum of minimum of depreciation and amortization for QRK from Six Months Ended April 30, 2025 to Six Months Ended April 30, 2026 and minimum of goodwill for QRK from September 30, 2025 to April 30, 2026 .","sum(min(3669_depreciation_and_amortization_prior_ytd, 3668_depreciation_and_amortization_current_ytd), min(3634_goodwill_current_quarter_end, 3635_goodwill_prior_fy_end))","{""op"": ""sum"", ""left"": {""op"": ""min"", ""left"": {""leaf"": ""3669_depreciation_and_amortization_prior_ytd"", ""depth"": 0}, ""right"": {""leaf"": ""3668_depreciation_and_amortization_current_ytd"", ""depth"": 0}, ""depth"": 1}, ""right"": {""op"": ""min"", ""left"": {""leaf"": ""3634_goodwill_current_quarter_end"", ""depth"": 0}, ""right"": {""leaf"": ""3635_goodwill_prior_fy_end"", ""depth"": 0}, ""depth"": 1}, ""depth"": 2}","{""op"": ""sum"", ""left"": {""kind"": ""time_agg"", ""op"": ""min"", ""depth"": 0}, ""right"": {""kind"": ""time_agg"", ""op"": ""min"", ""depth"": 0}, ""depth"": 1, ""kind"": ""node""}",19175.0,2,1,2,487512424,76428684,42,0.562,1,2,4,3669_depreciation_and_amortization_prior_ytd,depreciation_and_amortization,depreciation and amortization,QRK,"Six Months Ended April 30, 2025",M_USD,6180.0,3668_depreciation_and_amortization_current_ytd,depreciation_and_amortization,depreciation and amortization,QRK,"Six Months Ended April 30, 2026",M_USD,5519.0,3634_goodwill_current_quarter_end,goodwill,goodwill,QRK,"April 30, 2026",M_USD,13656.0,3635_goodwill_prior_fy_end,goodwill,goodwill,QRK,"September 30, 2025",M_USD,14447.0
53,1,"Give the maximum of cost of sales for AST from Three Months Ended July 31, 2024 to Three Months Ended July 31, 2025.","max(4783_cost_of_sales_prior_year_quarter, 4782_cost_of_sales_current_quarter)","{""op"": ""max"", ""left"": {""leaf"": ""4783_cost_of_sales_prior_year_quarter"", ""depth"": 0}, ""right"": {""leaf"": ""4782_cost_of_sales_current_quarter"", ""depth"": 0}, ""depth"": 1}","{""kind"": ""time_agg"", ""op"": ""max"", ""depth"": 0}",6687.0,2,0,1,845923902,849595796,42,0.313,0,1,2,4783_cost_of_sales_prior_year_quarter,cost_of_sales,cost of sales,AST,"Three Months Ended July 31, 2024",M_USD,6445.0,4782_cost_of_sales_current_quarter,cost_of_sales,cost of sales,AST,"Three Months Ended July 31, 2025",M_USD,6687.0,,,,,,,,,,,,,,
54,2,"What is the value of the average net income for BRX from Six Months Ended July 31, 2024 to Six Months Ended July 31, 2025","ratio(sum(375_net_income_prior_year_ytd, 374_net_income_current_ytd), 2.0)","{""op"": ""ratio"", ""left"": {""op"": ""sum"", ""left"": {""leaf"": ""375_net_income_prior_year_ytd"", ""depth"": 0}, ""right"": {""leaf"": ""374_net_income_current_ytd"", ""depth"": 0}, ""depth"": 1}, ""right"": {""literal"": 2.0, ""depth"": 0}, ""depth"": 2}","{""kind"": ""time_agg"", ""op"": ""avg"", ""depth"": 0}",23866.0,3,0,2,851078441,330295664,42,0.32,0,1,2,375_net_income_prior_year_ytd,net_income,net income,BRX,"Six Months Ended July 31, 2024",M_USD,24114.0,374_net_income_current_ytd,net_income,net income,BRX,"Six Months Ended July 31, 2025",M_USD,23618.0,,,,,,,,,,,,,,
55,1,"state the minimum of long term debt for FAB from December 31, 2024 to July 31, 2025.","min(4005_long_term_debt_prior_fy_end, 4004_long_term_debt_current_quarter_end)","{""op"": ""min"", ""left"": {""leaf"": ""4005_long_term_debt_prior_fy_end"", ""depth"": 0}, ""right"": {""leaf"": ""4004_long_term_debt_current_quarter_end"", ""depth"": 0}, ""depth"": 1}","{""kind"": ""time_agg"", ""op"": ""min"", ""depth"": 0}",9591.0,3,0,1,503260608,739462365,42,0.45,0,1,2,4005_long_term_debt_prior_fy_end,long_term_debt,long term debt,FAB,"December 31, 2024",M_USD,9736.0,4004_long_term_debt_current_quarter_end,long_term_debt,long term debt,FAB,"July 31, 2025",M_USD,9591.0,,,,,,,,,,,,,,
56,2,"what do we obtain as the average Subscription revenue for INF from Three Months Ended July 31, 2024 to Three Months Ended July 31, 2025 ?","ratio(sum(3910_subscription_revenue_prior_year_quarter, 3908_subscription_revenue_current_quarter), 2.0)","{""op"": ""ratio"", ""left"": {""op"": ""sum"", ""left"": {""leaf"": ""3910_subscription_revenue_prior_year_quarter"", ""depth"": 0}, ""right"": {""leaf"": ""3908_subscription_revenue_current_quarter"", ""depth"": 0}, ""depth"": 1}, ""right"": {""literal"": 2.0, ""depth"": 0}, ""depth"": 2}","{""kind"": ""time_agg"", ""op"": ""avg"", ""depth"": 0}",9093.5,1,0,2,724022357,897603725,42,0.6,0,1,2,3910_subscription_revenue_prior_year_quarter,subscription_revenue,Subscription revenue,INF,"Three Months Ended July 31, 2024",M_USD,11907.0,3908_subscription_revenue_current_quarter,subscription_revenue,Subscription revenue,INF,"Three Months Ended July 31, 2025",M_USD,6280.0,,,,,,,,,,,,,,
57,2,"Compute the average total revenues for INF from Six Months Ended July 31, 2024 to Six Months Ended July 31, 2025.","ratio(sum(3797_total_revenues_prior_year_ytd, 3796_total_revenues_current_ytd), 2.0)","{""op"": ""ratio"", ""left"": {""op"": ""sum"", ""left"": {""leaf"": ""3797_total_revenues_prior_year_ytd"", ""depth"": 0}, ""right"": {""leaf"": ""3796_total_revenues_current_ytd"", ""depth"": 0}, ""depth"": 1}, ""right"": {""literal"": 2.0, ""depth"": 0}, ""depth"": 2}","{""kind"": ""time_agg"", ""op"": ""avg"", ""depth"": 0}",30157.0,4,0,2,628492896,468027936,42,0.585,0,1,2,3797_total_revenues_prior_year_ytd,total_revenues,total revenues,INF,"Six Months Ended July 31, 2024",M_USD,28946.0,3796_total_revenues_current_ytd,total_revenues,total revenues,INF,"Six Months Ended July 31, 2025",M_USD,31368.0,,,,,,,,,,,,,,
58,1,"state the maximum of research and development for SUP from Three Months Ended July 31, 2024 to Three Months Ended July 31, 2025.","max(2639_research_and_development_prior_year_quarter, 2638_research_and_development_current_quarter)","{""op"": ""max"", ""left"": {""leaf"": ""2639_research_and_development_prior_year_quarter"", ""depth"": 0}, ""right"": {""leaf"": ""2638_research_and_development_current_quarter"", ""depth"": 0}, ""depth"": 1}","{""kind"": ""time_agg"", ""op"": ""max"", ""depth"": 0}",259.0,2,0,1,719550381,112313264,42,0.265,0,1,2,2639_research_and_development_prior_year_quarter,research_and_development,research and development,SUP,"Three Months Ended July 31, 2024",M_USD,259.0,2638_research_and_development_current_quarter,research_and_development,research and development,SUP,"Three Months Ended July 31, 2025",M_USD,231.0,,,,,,,,,,,,,,
59,1,"What is the minimum of research and development for AST from Three Months Ended July 31, 2024 to Three Months Ended July 31, 2025 ?","min(4787_research_and_development_prior_year_quarter, 4786_research_and_development_current_quarter)","{""op"": ""min"", ""left"": {""leaf"": ""4787_research_and_development_prior_year_quarter"", ""depth"": 0}, ""right"": {""leaf"": ""4786_research_and_development_current_quarter"", ""depth"": 0}, ""depth"": 1}","{""kind"": ""time_agg"", ""op"": ""min"", ""depth"": 0}",67.0,2,0,1,816033628,55417727,42,0.234,0,1,2,4787_research_and_development_prior_year_quarter,research_and_development,research and development,AST,"Three Months Ended July 31, 2024",M_USD,67.0,4786_research_and_development_current_quarter,research_and_development,research and development,AST,"Three Months Ended July 31, 2025",M_USD,70.0,,,,,,,,,,,,,,
60,1,"You should give the minimum of Technology services for SCI from Six Months Ended July 31, 2024 to Six Months Ended July 31, 2025 .","min(5135_technology_services_prior_year_ytd, 5133_technology_services_current_ytd)","{""op"": ""min"", ""left"": {""leaf"": ""5135_technology_services_prior_year_ytd"", ""depth"": 0}, ""right"": {""leaf"": ""5133_technology_services_current_ytd"", ""depth"": 0}, ""depth"": 1}","{""kind"": ""time_agg"", ""op"": ""min"", ""depth"": 0}",2554.0,2,0,1,518079974,507042130,42,0.328,0,1,2,5135_technology_services_prior_year_ytd,technology_services,Technology services,SCI,"Six Months Ended July 31, 2024",M_USD,3430.0,5133_technology_services_current_ytd,technology_services,Technology services,SCI,"Six Months Ended July 31, 2025",M_USD,2554.0,,,,,,,,,,,,,,
61,2,"which value corresponds to the average gross profit for MTX from Three Months Ended October 31, 2024 to Three Months Ended October 31, 2025?","ratio(sum(5475_gross_profit_prior_year_quarter, 5474_gross_profit_current_quarter), 2.0)","{""op"": ""ratio"", ""left"": {""op"": ""sum"", ""left"": {""leaf"": ""5475_gross_profit_prior_year_quarter"", ""depth"": 0}, ""right"": {""leaf"": ""5474_gross_profit_current_quarter"", ""depth"": 0}, ""depth"": 1}, ""right"": {""literal"": 2.0, ""depth"": 0}, ""depth"": 2}","{""kind"": ""time_agg"", ""op"": ""avg"", ""depth"": 0}",6794.5,4,0,2,507854378,757232668,42,0.293,0,1,2,5475_gross_profit_prior_year_quarter,gross_profit,gross profit,MTX,"Three Months Ended October 31, 2024",M_USD,6839.0,5474_gross_profit_current_quarter,gross_profit,gross profit,MTX,"Three Months Ended October 31, 2025",M_USD,6750.0,,,,,,,,,,,,,,
62,1,"Calculate the maximum of property plant and equipment net for FAB from December 31, 2024 to July 31, 2025","max(3985_property_plant_and_equipment_net_prior_fy_end, 3984_property_plant_and_equipment_net_current_quarter_end)","{""op"": ""max"", ""left"": {""leaf"": ""3985_property_plant_and_equipment_net_prior_fy_end"", ""depth"": 0}, ""right"": {""leaf"": ""3984_property_plant_and_equipment_net_current_quarter_end"", ""depth"": 0}, ""depth"": 1}","{""kind"": ""time_agg"", ""op"": ""max"", ""depth"": 0}",7872.0,3,0,1,39749508,135555899,42,0.535,0,1,2,3985_property_plant_and_equipment_net_prior_fy_end,property_plant_and_equipment_net,property plant and equipment net,FAB,"December 31, 2024",M_USD,7872.0,3984_property_plant_and_equipment_net_current_quarter_end,property_plant_and_equipment_net,property plant and equipment net,FAB,"July 31, 2025",M_USD,7755.0,,,,,,,,,,,,,,
63,1,"may you give the minimum of stock based compensation for IND from Three Months Ended April 30, 2024 to Three Months Ended April 30, 2025?","min(973_stock_based_compensation_prior_ytd, 972_stock_based_compensation_current_ytd)","{""op"": ""min"", ""left"": {""leaf"": ""973_stock_based_compensation_prior_ytd"", ""depth"": 0}, ""right"": {""leaf"": ""972_stock_based_compensation_current_ytd"", ""depth"": 0}, ""depth"": 1}","{""kind"": ""time_agg"", ""op"": ""min"", ""depth"": 0}",522.0,3,0,1,839156387,284566044,42,0.412,0,1,2,973_stock_based_compensation_prior_ytd,stock_based_compensation,stock based compensation,IND,"Three Months Ended April 30, 2024",M_USD,581.0,972_stock_based_compensation_current_ytd,stock_based_compensation,stock based compensation,IND,"Three Months Ended April 30, 2025",M_USD,522.0,,,,,,,,,,,,,,
64,1,"which result follows from the maximum of long term debt for PLZ from December 31, 2024 to July 31, 2025","max(2125_long_term_debt_prior_fy_end, 2124_long_term_debt_current_quarter_end)","{""op"": ""max"", ""left"": {""leaf"": ""2125_long_term_debt_prior_fy_end"", ""depth"": 0}, ""right"": {""leaf"": ""2124_long_term_debt_current_quarter_end"", ""depth"": 0}, ""depth"": 1}","{""kind"": ""time_agg"", ""op"": ""max"", ""depth"": 0}",18032.0,1,0,1,745178074,321549249,42,0.123,0,1,2,2125_long_term_debt_prior_fy_end,long_term_debt,long term debt,PLZ,"December 31, 2024",M_USD,17557.0,2124_long_term_debt_current_quarter_end,long_term_debt,long term debt,PLZ,"July 31, 2025",M_USD,18032.0,,,,,,,,,,,,,,
65,1,"What do we obtain as the maximum of net income for HLT from Nine Months Ended October 31, 2024 to Nine Months Ended October 31, 2025","max(487_net_income_prior_year_ytd, 486_net_income_current_ytd)","{""op"": ""max"", ""left"": {""leaf"": ""487_net_income_prior_year_ytd"", ""depth"": 0}, ""right"": {""leaf"": ""486_net_income_current_ytd"", ""depth"": 0}, ""depth"": 1}","{""kind"": ""time_agg"", ""op"": ""max"", ""depth"": 0}",8223.0,4,0,1,10090412,965195684,42,0.551,0,1,2,487_net_income_prior_year_ytd,net_income,net income,HLT,"Nine Months Ended October 31, 2024",M_USD,7188.0,486_net_income_current_ytd,net_income,net income,HLT,"Nine Months Ended October 31, 2025",M_USD,8223.0,,,,,,,,,,,,,,
66,1,"may you give the minimum of cash and cash equivalents for VTL from December 31, 2024 to April 30, 2025","min(24_cash_and_cash_equivalents_current_quarter_end, 25_cash_and_cash_equivalents_prior_fy_end)","{""op"": ""min"", ""left"": {""leaf"": ""24_cash_and_cash_equivalents_current_quarter_end"", ""depth"": 0}, ""right"": {""leaf"": ""25_cash_and_cash_equivalents_prior_fy_end"", ""depth"": 0}, ""depth"": 1}","{""kind"": ""time_agg"", ""op"": ""min"", ""depth"": 0}",116.0,1,0,1,607661655,928859046,42,0.555,0,1,2,24_cash_and_cash_equivalents_current_quarter_end,cash_and_cash_equivalents,cash and cash equivalents,VTL,"April 30, 2025",M_USD,116.0,25_cash_and_cash_equivalents_prior_fy_end,cash_and_cash_equivalents,cash and cash equivalents,VTL,"December 31, 2024",M_USD,118.0,,,,,,,,,,,,,,
67,1,"Provide the maximum of depreciation and amortization for SCI from Six Months Ended July 31, 2024 to Six Months Ended July 31, 2025.","max(5109_depreciation_and_amortization_prior_ytd, 5108_depreciation_and_amortization_current_ytd)","{""op"": ""max"", ""left"": {""leaf"": ""5109_depreciation_and_amortization_prior_ytd"", ""depth"": 0}, ""right"": {""leaf"": ""5108_depreciation_and_amortization_current_ytd"", ""depth"": 0}, ""depth"": 1}","{""kind"": ""time_agg"", ""op"": ""max"", ""depth"": 0}",271.0,1,0,1,970022337,673728014,42,0.254,0,1,2,5109_depreciation_and_amortization_prior_ytd,depreciation_and_amortization,depreciation and amortization,SCI,"Six Months Ended July 31, 2024",M_USD,253.0,5108_depreciation_and_amortization_current_ytd,depreciation_and_amortization,depreciation and amortization,SCI,"Six Months Ended July 31, 2025",M_USD,271.0,,,,,,,,,,,,,,
68,1,"Provide the maximum of goodwill for BNK from December 31, 2024 to October 31, 2025.","max(4723_goodwill_prior_fy_end, 4722_goodwill_current_quarter_end)","{""op"": ""max"", ""left"": {""leaf"": ""4723_goodwill_prior_fy_end"", ""depth"": 0}, ""right"": {""leaf"": ""4722_goodwill_current_quarter_end"", ""depth"": 0}, ""depth"": 1}","{""kind"": ""time_agg"", ""op"": ""max"", ""depth"": 0}",1783.0,2,0,1,446143048,188592093,42,0.166,0,1,2,4723_goodwill_prior_fy_end,goodwill,goodwill,BNK,"December 31, 2024",M_USD,1521.0,4722_goodwill_current_quarter_end,goodwill,goodwill,BNK,"October 31, 2025",M_USD,1783.0,,,,,,,,,,,,,,
69,1,"which quantity is given by the minimum of total non current liabilities for SCI from December 31, 2024 to July 31, 2025 ?","min(5097_total_non_current_liabilities_prior_fy_end, 5096_total_non_current_liabilities_current_quarter_end)","{""op"": ""min"", ""left"": {""leaf"": ""5097_total_non_current_liabilities_prior_fy_end"", ""depth"": 0}, ""right"": {""leaf"": ""5096_total_non_current_liabilities_current_quarter_end"", ""depth"": 0}, ""depth"": 1}","{""kind"": ""time_agg"", ""op"": ""min"", ""depth"": 0}",1071.0,4,0,1,777621770,724138175,42,0.584,0,1,2,5097_total_non_current_liabilities_prior_fy_end,total_non_current_liabilities,total non current liabilities,SCI,"December 31, 2024",M_USD,1071.0,5096_total_non_current_liabilities_current_quarter_end,total_non_current_liabilities,total non current liabilities,SCI,"July 31, 2025",M_USD,1227.0,,,,,,,,,,,,,,
70,1,"state the minimum of research and development for CLR from Nine Months Ended October 31, 2024 to Nine Months Ended October 31, 2025","min(111_research_and_development_prior_year_ytd, 110_research_and_development_current_ytd)","{""op"": ""min"", ""left"": {""leaf"": ""111_research_and_development_prior_year_ytd"", ""depth"": 0}, ""right"": {""leaf"": ""110_research_and_development_current_ytd"", ""depth"": 0}, ""depth"": 1}","{""kind"": ""time_agg"", ""op"": ""min"", ""depth"": 0}",4779.0,3,0,1,488322781,395765839,42,0.392,0,1,2,111_research_and_development_prior_year_ytd,research_and_development,research and development,CLR,"Nine Months Ended October 31, 2024",M_USD,5205.0,110_research_and_development_current_ytd,research_and_development,research and development,CLR,"Nine Months Ended October 31, 2025",M_USD,4779.0,,,,,,,,,,,,,,
71,1,"could you give the maximum of total current assets for STR from December 31, 2024 to July 31, 2025 ?","max(3501_total_current_assets_prior_fy_end, 3500_total_current_assets_current_quarter_end)","{""op"": ""max"", ""left"": {""leaf"": ""3501_total_current_assets_prior_fy_end"", ""depth"": 0}, ""right"": {""leaf"": ""3500_total_current_assets_current_quarter_end"", ""depth"": 0}, ""depth"": 1}","{""kind"": ""time_agg"", ""op"": ""max"", ""depth"": 0}",6044.0,1,0,1,251064359,506244434,42,0.41,0,1,2,3501_total_current_assets_prior_fy_end,total_current_assets,total current assets,STR,"December 31, 2024",M_USD,6044.0,3500_total_current_assets_current_quarter_end,total_current_assets,total current assets,STR,"July 31, 2025",M_USD,5905.0,,,,,,,,,,,,,,
72,1,"What is the value of the maximum of deferred revenue current for CIV from December 31, 2024 to October 31, 2025 ?","max(3053_deferred_revenue_current_prior_fy_end, 3052_deferred_revenue_current_current_quarter_end)","{""op"": ""max"", ""left"": {""leaf"": ""3053_deferred_revenue_current_prior_fy_end"", ""depth"": 0}, ""right"": {""leaf"": ""3052_deferred_revenue_current_current_quarter_end"", ""depth"": 0}, ""depth"": 1}","{""kind"": ""time_agg"", ""op"": ""max"", ""depth"": 0}",94.0,2,0,1,124683417,104359116,42,0.544,0,1,2,3053_deferred_revenue_current_prior_fy_end,deferred_revenue_current,deferred revenue current,CIV,"December 31, 2024",M_USD,88.0,3052_deferred_revenue_current_current_quarter_end,deferred_revenue_current,deferred revenue current,CIV,"October 31, 2025",M_USD,94.0,,,,,,,,,,,,,,
73,2,"what is the average total current assets for AST from December 31, 2024 to July 31, 2025?","ratio(sum(4833_total_current_assets_prior_fy_end, 4832_total_current_assets_current_quarter_end), 2.0)","{""op"": ""ratio"", ""left"": {""op"": ""sum"", ""left"": {""leaf"": ""4833_total_current_assets_prior_fy_end"", ""depth"": 0}, ""right"": {""leaf"": ""4832_total_current_assets_current_quarter_end"", ""depth"": 0}, ""depth"": 1}, ""right"": {""literal"": 2.0, ""depth"": 0}, ""depth"": 2}","{""kind"": ""time_agg"", ""op"": ""avg"", ""depth"": 0}",16825.5,4,0,2,797940629,747843987,42,0.394,0,1,2,4833_total_current_assets_prior_fy_end,total_current_assets,total current assets,AST,"December 31, 2024",M_USD,16773.0,4832_total_current_assets_current_quarter_end,total_current_assets,total current assets,AST,"July 31, 2025",M_USD,16878.0,,,,,,,,,,,,,,
74,1,"Evaluate the minimum of long term debt for GRD from December 31, 2024 to July 31, 2025","min(307_long_term_debt_prior_fy_end, 306_long_term_debt_current_quarter_end)","{""op"": ""min"", ""left"": {""leaf"": ""307_long_term_debt_prior_fy_end"", ""depth"": 0}, ""right"": {""leaf"": ""306_long_term_debt_current_quarter_end"", ""depth"": 0}, ""depth"": 1}","{""kind"": ""time_agg"", ""op"": ""min"", ""depth"": 0}",2763.0,4,0,1,780179899,165917699,42,0.427,0,1,2,307_long_term_debt_prior_fy_end,long_term_debt,long term debt,GRD,"December 31, 2024",M_USD,2981.0,306_long_term_debt_current_quarter_end,long_term_debt,long term debt,GRD,"July 31, 2025",M_USD,2763.0,,,,,,,,,,,,,,
75,1,"whats the value of the maximum of depreciation and amortization for CRZ from Nine Months Ended October 31, 2024 to Nine Months Ended October 31, 2025","max(4989_depreciation_and_amortization_prior_ytd, 4988_depreciation_and_amortization_current_ytd)","{""op"": ""max"", ""left"": {""leaf"": ""4989_depreciation_and_amortization_prior_ytd"", ""depth"": 0}, ""right"": {""leaf"": ""4988_depreciation_and_amortization_current_ytd"", ""depth"": 0}, ""depth"": 1}","{""kind"": ""time_agg"", ""op"": ""max"", ""depth"": 0}",1296.0,3,0,1,477488537,253524015,42,0.15,0,1,2,4989_depreciation_and_amortization_prior_ytd,depreciation_and_amortization,depreciation and amortization,CRZ,"Nine Months Ended October 31, 2024",M_USD,1296.0,4988_depreciation_and_amortization_current_ytd,depreciation_and_amortization,depreciation and amortization,CRZ,"Nine Months Ended October 31, 2025",M_USD,1270.0,,,,,,,,,,,,,,
76,1,"Calculate the minimum of current portion of long term debt for CRZ from December 31, 2024 to October 31, 2025.","min(4969_current_portion_of_long_term_debt_prior_fy_end, 4968_current_portion_of_long_term_debt_current_quarter_end)","{""op"": ""min"", ""left"": {""leaf"": ""4969_current_portion_of_long_term_debt_prior_fy_end"", ""depth"": 0}, ""right"": {""leaf"": ""4968_current_portion_of_long_term_debt_current_quarter_end"", ""depth"": 0}, ""depth"": 1}","{""kind"": ""time_agg"", ""op"": ""min"", ""depth"": 0}",428.0,3,0,1,736243579,394422907,42,0.13,0,1,2,4969_current_portion_of_long_term_debt_prior_fy_end,current_portion_of_long_term_debt,current portion of long term debt,CRZ,"December 31, 2024",M_USD,428.0,4968_current_portion_of_long_term_debt_current_quarter_end,current_portion_of_long_term_debt,current portion of long term debt,CRZ,"October 31, 2025",M_USD,447.0,,,,,,,,,,,,,,
77,2,"what do we obtain as the average net cash from operating for IND from Three Months Ended April 30, 2024 to Three Months Ended April 30, 2025 ?","ratio(sum(967_net_cash_from_operating_prior_ytd, 966_net_cash_from_operating_current_ytd), 2.0)","{""op"": ""ratio"", ""left"": {""op"": ""sum"", ""left"": {""leaf"": ""967_net_cash_from_operating_prior_ytd"", ""depth"": 0}, ""right"": {""leaf"": ""966_net_cash_from_operating_current_ytd"", ""depth"": 0}, ""depth"": 1}, ""right"": {""literal"": 2.0, ""depth"": 0}, ""depth"": 2}","{""kind"": ""time_agg"", ""op"": ""avg"", ""depth"": 0}",3058.0,1,0,2,296225446,203805386,42,0.575,0,1,2,967_net_cash_from_operating_prior_ytd,net_cash_from_operating,net cash from operating,IND,"Three Months Ended April 30, 2024",M_USD,3242.0,966_net_cash_from_operating_current_ytd,net_cash_from_operating,net cash from operating,IND,"Three Months Ended April 30, 2025",M_USD,2874.0,,,,,,,,,,,,,,
78,1,"Evaluate the difference between dividends paid and net change in cash for CRX in Three Months Ended January 31, 2026","diff(4648_dividends_paid_current_ytd, 4652_net_change_in_cash_current_ytd)","{""op"": ""diff"", ""left"": {""leaf"": ""4648_dividends_paid_current_ytd"", ""depth"": 0}, ""right"": {""leaf"": ""4652_net_change_in_cash_current_ytd"", ""depth"": 0}, ""depth"": 1}","{""op"": ""diff"", ""left"": {""kind"": ""leaf"", ""semantic_type_in"": [""amount""], ""depth"": 0}, ""right"": {""kind"": ""leaf"", ""semantic_type_in"": [""amount""], ""depth"": 0}, ""depth"": 1, ""kind"": ""node""}",-13555.0,1,1,1,158435089,846799779,42,0.239,1,2,2,4648_dividends_paid_current_ytd,dividends_paid,dividends paid,CRX,"Three Months Ended January 31, 2026",M_USD,-4607.0,4652_net_change_in_cash_current_ytd,net_change_in_cash,net change in cash,CRX,"Three Months Ended January 31, 2026",M_USD,8948.0,,,,,,,,,,,,,,
79,1,"give the maximum of accounts payable for BLD from December 31, 2024 to July 31, 2025.","max(2939_accounts_payable_prior_fy_end, 5338_accounts_payable_current_quarter_end)","{""op"": ""max"", ""left"": {""leaf"": ""2939_accounts_payable_prior_fy_end"", ""depth"": 0}, ""right"": {""leaf"": ""5338_accounts_payable_current_quarter_end"", ""depth"": 0}, ""depth"": 1}","{""kind"": ""time_agg"", ""op"": ""max"", ""depth"": 0}",7754.0,3,0,1,155357534,139577989,42,0.499,0,1,2,2939_accounts_payable_prior_fy_end,accounts_payable,accounts payable,BLD,"December 31, 2024",M_USD,4763.0,5338_accounts_payable_current_quarter_end,accounts_payable,accounts payable,BLD,"July 31, 2025",M_USD,7754.0,,,,,,,,,,,,,,
80,1,"may you calculate the minimum of net income for TRU from Six Months Ended July 31, 2024 to Six Months Ended July 31, 2025","min(727_net_income_prior_year_ytd, 1146_net_income_current_ytd)","{""op"": ""min"", ""left"": {""leaf"": ""727_net_income_prior_year_ytd"", ""depth"": 0}, ""right"": {""leaf"": ""1146_net_income_current_ytd"", ""depth"": 0}, ""depth"": 1}","{""kind"": ""time_agg"", ""op"": ""min"", ""depth"": 0}",10922.0,1,0,1,118032515,709805235,42,0.166,0,1,2,727_net_income_prior_year_ytd,net_income,net income,TRU,"Six Months Ended July 31, 2024",M_USD,15418.0,1146_net_income_current_ytd,net_income,net income,TRU,"Six Months Ended July 31, 2025",M_USD,10922.0,,,,,,,,,,,,,,
81,1,"What is the minimum of accounts receivable net for BLD from December 31, 2024 to July 31, 2025","min(2919_accounts_receivable_net_prior_fy_end, 2918_accounts_receivable_net_current_quarter_end)","{""op"": ""min"", ""left"": {""leaf"": ""2919_accounts_receivable_net_prior_fy_end"", ""depth"": 0}, ""right"": {""leaf"": ""2918_accounts_receivable_net_current_quarter_end"", ""depth"": 0}, ""depth"": 1}","{""kind"": ""time_agg"", ""op"": ""min"", ""depth"": 0}",1683.0,2,0,1,384659715,848239575,42,0.394,0,1,2,2919_accounts_receivable_net_prior_fy_end,accounts_receivable_net,accounts receivable net,BLD,"December 31, 2024",M_USD,1687.0,2918_accounts_receivable_net_current_quarter_end,accounts_receivable_net,accounts receivable net,BLD,"July 31, 2025",M_USD,1683.0,,,,,,,,,,,,,,
82,0,"what is the value of the share repurchases for BRX in Six Months Ended July 31, 2025 ?",440_share_repurchases_current_ytd,"{""leaf"": ""440_share_repurchases_current_ytd"", ""depth"": 0}","{""kind"": ""leaf"", ""semantic_type_in"": [""amount""], ""depth"": 0}",-1899.0,3,0,0,511365210,481331845,42,0.357,0,1,1,440_share_repurchases_current_ytd,share_repurchases,share repurchases,BRX,"Six Months Ended July 31, 2025",M_USD,-1899.0,,,,,,,,,,,,,,,,,,,,,
83,3,"Could you give the average total non current assets for SUP from December 31, 2024 to July 31, 2025?","ratio(sum(sum(852_total_non_current_assets_current_quarter_end, 2695_total_non_current_assets_prior_fy_end), 2694_total_non_current_assets_current_quarter_end), 3.0)","{""op"": ""ratio"", ""left"": {""op"": ""sum"", ""left"": {""op"": ""sum"", ""left"": {""leaf"": ""852_total_non_current_assets_current_quarter_end"", ""depth"": 0}, ""right"": {""leaf"": ""2695_total_non_current_assets_prior_fy_end"", ""depth"": 0}, ""depth"": 1}, ""right"": {""leaf"": ""2694_total_non_current_assets_current_quarter_end"", ""depth"": 0}, ""depth"": 2}, ""right"": {""literal"": 3.0, ""depth"": 0}, ""depth"": 3}","{""kind"": ""time_agg"", ""op"": ""avg"", ""depth"": 0}",8478.333333333334,3,0,3,295296179,670355806,42,0.29,0,1,3,852_total_non_current_assets_current_quarter_end,total_non_current_assets,total non current assets,SUP,"April 30, 2025",M_USD,7487.0,2695_total_non_current_assets_prior_fy_end,total_non_current_assets,total non current assets,SUP,"December 31, 2024",M_USD,9251.0,2694_total_non_current_assets_current_quarter_end,total_non_current_assets,total non current assets,SUP,"July 31, 2025",M_USD,8697.0,,,,,,,
84,2,"Provide the average accounts receivable net for AVX from December 31, 2024 to October 31, 2025.","ratio(sum(1277_accounts_receivable_net_prior_fy_end, 1276_accounts_receivable_net_current_quarter_end), 2.0)","{""op"": ""ratio"", ""left"": {""op"": ""sum"", ""left"": {""leaf"": ""1277_accounts_receivable_net_prior_fy_end"", ""depth"": 0}, ""right"": {""leaf"": ""1276_accounts_receivable_net_current_quarter_end"", ""depth"": 0}, ""depth"": 1}, ""right"": {""literal"": 2.0, ""depth"": 0}, ""depth"": 2}","{""kind"": ""time_agg"", ""op"": ""avg"", ""depth"": 0}",93.0,3,0,2,335596237,458234365,42,0.433,0,1,2,1277_accounts_receivable_net_prior_fy_end,accounts_receivable_net,accounts receivable net,AVX,"December 31, 2024",M_USD,94.0,1276_accounts_receivable_net_current_quarter_end,accounts_receivable_net,accounts receivable net,AVX,"October 31, 2025",M_USD,92.0,,,,,,,,,,,,,,
85,0,"whats the value of the net cash from operating for CRX in Three Months Ended January 31, 2026?",4636_net_cash_from_operating_current_ytd,"{""leaf"": ""4636_net_cash_from_operating_current_ytd"", ""depth"": 0}","{""kind"": ""leaf"", ""semantic_type_in"": [""amount""], ""depth"": 0}",17519.0,3,0,0,799496315,793276164,42,0.506,0,1,1,4636_net_cash_from_operating_current_ytd,net_cash_from_operating,net cash from operating,CRX,"Three Months Ended January 31, 2026",M_USD,17519.0,,,,,,,,,,,,,,,,,,,,,
86,1,"Could you give the maximum of prepaid expenses and other for TPH from December 31, 2024 to October 31, 2025 ?","max(2795_prepaid_expenses_and_other_prior_fy_end, 2794_prepaid_expenses_and_other_current_quarter_end)","{""op"": ""max"", ""left"": {""leaf"": ""2795_prepaid_expenses_and_other_prior_fy_end"", ""depth"": 0}, ""right"": {""leaf"": ""2794_prepaid_expenses_and_other_current_quarter_end"", ""depth"": 0}, ""depth"": 1}","{""kind"": ""time_agg"", ""op"": ""max"", ""depth"": 0}",1125.0,3,0,1,774233009,55239803,42,0.4,0,1,2,2795_prepaid_expenses_and_other_prior_fy_end,prepaid_expenses_and_other,prepaid expenses and other,TPH,"December 31, 2024",M_USD,1105.0,2794_prepaid_expenses_and_other_current_quarter_end,prepaid_expenses_and_other,prepaid expenses and other,TPH,"October 31, 2025",M_USD,1125.0,,,,,,,,,,,,,,
87,1,"State the sum of other income expense net and depreciation and amortization for BLD in Six Months Ended July 31, 2024 .","sum(5297_other_income_expense_net_prior_year_ytd, 2965_depreciation_and_amortization_prior_ytd)","{""op"": ""sum"", ""left"": {""leaf"": ""5297_other_income_expense_net_prior_year_ytd"", ""depth"": 0}, ""right"": {""leaf"": ""2965_depreciation_and_amortization_prior_ytd"", ""depth"": 0}, ""depth"": 1}","{""op"": ""sum"", ""left"": {""kind"": ""leaf"", ""semantic_type_in"": [""amount""], ""depth"": 0}, ""right"": {""kind"": ""leaf"", ""semantic_type_in"": [""amount""], ""depth"": 0}, ""depth"": 1, ""kind"": ""node""}",320.0,1,1,1,597285504,394665673,42,0.481,1,2,2,5297_other_income_expense_net_prior_year_ytd,other_income_expense_net,other income expense net,BLD,"Six Months Ended July 31, 2024",M_USD,-228.0,2965_depreciation_and_amortization_prior_ytd,depreciation_and_amortization,depreciation and amortization,BLD,"Six Months Ended July 31, 2024",M_USD,548.0,,,,,,,,,,,,,,
88,1,"You should give the minimum of prepaid expenses and other for CLR from December 31, 2024 to October 31, 2025.","min(153_prepaid_expenses_and_other_prior_fy_end, 152_prepaid_expenses_and_other_current_quarter_end)","{""op"": ""min"", ""left"": {""leaf"": ""153_prepaid_expenses_and_other_prior_fy_end"", ""depth"": 0}, ""right"": {""leaf"": ""152_prepaid_expenses_and_other_current_quarter_end"", ""depth"": 0}, ""depth"": 1}","{""kind"": ""time_agg"", ""op"": ""min"", ""depth"": 0}",229.0,1,0,1,795609471,679863265,42,0.146,0,1,2,153_prepaid_expenses_and_other_prior_fy_end,prepaid_expenses_and_other,prepaid expenses and other,CLR,"December 31, 2024",M_USD,229.0,152_prepaid_expenses_and_other_current_quarter_end,prepaid_expenses_and_other,prepaid expenses and other,CLR,"October 31, 2025",M_USD,239.0,,,,,,,,,,,,,,
89,2,"which result follows from the sum of maximum of total current assets for PLZ from December 31, 2024 to July 31, 2025 and research and development for PLZ in Six Months Ended July 31, 2025 ?","sum(max(2101_total_current_assets_prior_fy_end, 2100_total_current_assets_current_quarter_end), 2056_research_and_development_current_ytd)","{""op"": ""sum"", ""left"": {""op"": ""max"", ""left"": {""leaf"": ""2101_total_current_assets_prior_fy_end"", ""depth"": 0}, ""right"": {""leaf"": ""2100_total_current_assets_current_quarter_end"", ""depth"": 0}, ""depth"": 1}, ""right"": {""leaf"": ""2056_research_and_development_current_ytd"", ""depth"": 0}, ""depth"": 2}","{""op"": ""sum"", ""left"": {""kind"": ""time_agg"", ""op"": ""max"", ""depth"": 0}, ""right"": {""kind"": ""leaf"", ""semantic_type_in"": [""amount""], ""depth"": 0}, ""depth"": 1, ""kind"": ""node""}",36717.0,3,1,2,474641329,444726404,42,0.208,1,2,3,2101_total_current_assets_prior_fy_end,total_current_assets,total current assets,PLZ,"December 31, 2024",M_USD,35199.0,2100_total_current_assets_current_quarter_end,total_current_assets,total current assets,PLZ,"July 31, 2025",M_USD,36151.0,2056_research_and_development_current_ytd,research_and_development,research and development,PLZ,"Six Months Ended July 31, 2025",M_USD,566.0,,,,,,,
90,1,"what is the value of the maximum of research and development for BNK from Nine Months Ended October 31, 2024 to Nine Months Ended October 31, 2025?","max(4673_research_and_development_prior_year_ytd, 4672_research_and_development_current_ytd)","{""op"": ""max"", ""left"": {""leaf"": ""4673_research_and_development_prior_year_ytd"", ""depth"": 0}, ""right"": {""leaf"": ""4672_research_and_development_current_ytd"", ""depth"": 0}, ""depth"": 1}","{""kind"": ""time_agg"", ""op"": ""max"", ""depth"": 0}",192.0,3,0,1,550127661,122210617,42,0.315,0,1,2,4673_research_and_development_prior_year_ytd,research_and_development,research and development,BNK,"Nine Months Ended October 31, 2024",M_USD,171.0,4672_research_and_development_current_ytd,research_and_development,research and development,BNK,"Nine Months Ended October 31, 2025",M_USD,192.0,,,,,,,,,,,,,,
