question_id,depth,question,question_original,obstacle,useless_info_family_used,expression,expression_json,template_expression,answer,template_depth_requested,template_actual_depth,bound_expression_depth,tree_seed,binding_seed,master_seed,derived_prob,template_internal_nodes,template_leaf_slots,bound_leaf_count,leaf_1_key,leaf_1_concept,leaf_1_label,leaf_1_entity,leaf_1_period,leaf_1_unit,leaf_1_value,leaf_2_key,leaf_2_concept,leaf_2_label,leaf_2_entity,leaf_2_period,leaf_2_unit,leaf_2_value,leaf_3_key,leaf_3_concept,leaf_3_label,leaf_3_entity,leaf_3_period,leaf_3_unit,leaf_3_value,leaf_4_key,leaf_4_concept,leaf_4_label,leaf_4_entity,leaf_4_period,leaf_4_unit,leaf_4_value,leaf_5_key,leaf_5_concept,leaf_5_label,leaf_5_entity,leaf_5_period,leaf_5_unit,leaf_5_value,leaf_6_key,leaf_6_concept,leaf_6_label,leaf_6_entity,leaf_6_period,leaf_6_unit,leaf_6_value,leaf_7_key,leaf_7_concept,leaf_7_label,leaf_7_entity,leaf_7_period,leaf_7_unit,leaf_7_value,leaf_8_key,leaf_8_concept,leaf_8_label,leaf_8_entity,leaf_8_period,leaf_8_unit,leaf_8_value
1,2,may you calculate the operating income for NovaStar Technologies in 2022,,,,operating_income,"{""derived"": ""operating_income"", ""expanded"": {""op"": ""diff"", ""left"": {""derived"": ""gross_profit"", ""expanded"": {""op"": ""diff"", ""left"": {""leaf"": ""20_revenue"", ""depth"": 0}, ""right"": {""leaf"": ""20_cost_of_goods_sold"", ""depth"": 0}, ""depth"": 1}, ""depth"": 1}, ""right"": {""leaf"": ""20_operating_expenses"", ""depth"": 0}, ""depth"": 2}, ""depth"": 2}","{""kind"": ""derived_concept"", ""name"": ""operating_income"", ""depth"": 0}",59123.0,4,0,2,443631655,210800470,527794695,0.486,0,1,3,20_revenue,revenue,revenue,NovaStar Technologies,2022,M_USD,149263.0,20_cost_of_goods_sold,cost_of_goods_sold,cost of goods sold,NovaStar Technologies,2022,M_USD,63527.0,20_operating_expenses,operating_expenses,operating expenses,NovaStar Technologies,2022,M_USD,26613.0,,,,,,,,,,,,,,,,,,,,,,,,,,,,,,,,,,,
2,3,could you give the current assets for Meridian Systems Inc in 2025 ?,,,,current_assets,"{""derived"": ""current_assets"", ""expanded"": {""op"": ""sum"", ""left"": {""op"": ""sum"", ""left"": {""op"": ""sum"", ""left"": {""leaf"": ""11_cash"", ""depth"": 0}, ""right"": {""leaf"": ""11_accounts_receivable"", ""depth"": 0}, ""depth"": 1}, ""right"": {""leaf"": ""11_inventories"", ""depth"": 0}, ""depth"": 2}, ""right"": {""leaf"": ""11_short_term_investments"", ""depth"": 0}, ""depth"": 3}, ""depth"": 3}","{""kind"": ""derived_concept"", ""name"": ""current_assets"", ""depth"": 0}",65884.0,3,0,3,557385285,876717945,527794695,0.353,0,1,4,11_cash,cash,cash,Meridian Systems Inc,2025,M_USD,6070.0,11_accounts_receivable,accounts_receivable,accounts receivable,Meridian Systems Inc,2025,M_USD,27542.0,11_inventories,inventories,inventories,Meridian Systems Inc,2025,M_USD,10774.0,11_short_term_investments,short_term_investments,short term investments,Meridian Systems Inc,2025,M_USD,21498.0,,,,,,,,,,,,,,,,,,,,,,,,,,,,
4,3,you should calculate the current assets for Titan Consumer Brands in 2022.,,,,current_assets,"{""derived"": ""current_assets"", ""expanded"": {""op"": ""sum"", ""left"": {""op"": ""sum"", ""left"": {""op"": ""sum"", ""left"": {""leaf"": ""62_cash"", ""depth"": 0}, ""right"": {""leaf"": ""62_accounts_receivable"", ""depth"": 0}, ""depth"": 1}, ""right"": {""leaf"": ""62_inventories"", ""depth"": 0}, ""depth"": 2}, ""right"": {""leaf"": ""62_short_term_investments"", ""depth"": 0}, ""depth"": 3}, ""depth"": 3}","{""kind"": ""derived_concept"", ""name"": ""current_assets"", ""depth"": 0}",203231.0,2,0,3,347966118,459582780,527794695,0.581,0,1,4,62_cash,cash,cash,Titan Consumer Brands,2022,M_USD,65913.0,62_accounts_receivable,accounts_receivable,accounts receivable,Titan Consumer Brands,2022,M_USD,59855.0,62_inventories,inventories,inventories,Titan Consumer Brands,2022,M_USD,18939.0,62_short_term_investments,short_term_investments,short term investments,Titan Consumer Brands,2022,M_USD,58524.0,,,,,,,,,,,,,,,,,,,,,,,,,,,,
6,3,Which quantity is given by the current assets for Ironclad Manufacturing in 2021,,,,current_assets,"{""derived"": ""current_assets"", ""expanded"": {""op"": ""sum"", ""left"": {""op"": ""sum"", ""left"": {""op"": ""sum"", ""left"": {""leaf"": ""37_cash"", ""depth"": 0}, ""right"": {""leaf"": ""37_accounts_receivable"", ""depth"": 0}, ""depth"": 1}, ""right"": {""leaf"": ""37_inventories"", ""depth"": 0}, ""depth"": 2}, ""right"": {""leaf"": ""37_short_term_investments"", ""depth"": 0}, ""depth"": 3}, ""depth"": 3}","{""kind"": ""derived_concept"", ""name"": ""current_assets"", ""depth"": 0}",57969.0,2,0,3,954676366,757922120,527794695,0.301,0,1,4,37_cash,cash,cash,Ironclad Manufacturing,2021,M_USD,9253.0,37_accounts_receivable,accounts_receivable,accounts receivable,Ironclad Manufacturing,2021,M_USD,23302.0,37_inventories,inventories,inventories,Ironclad Manufacturing,2021,M_USD,9087.0,37_short_term_investments,short_term_investments,short term investments,Ironclad Manufacturing,2021,M_USD,16327.0,,,,,,,,,,,,,,,,,,,,,,,,,,,,
6,1,May you calculate the gross profit for NovaStar Technologies in 2020?,,,,gross_profit,"{""derived"": ""gross_profit"", ""expanded"": {""op"": ""diff"", ""left"": {""leaf"": ""18_revenue"", ""depth"": 0}, ""right"": {""leaf"": ""18_cost_of_goods_sold"", ""depth"": 0}, ""depth"": 1}, ""depth"": 1}","{""kind"": ""derived_concept"", ""name"": ""gross_profit"", ""depth"": 0}",70528.0,4,0,1,322849989,551056915,527794695,0.598,0,1,2,18_revenue,revenue,revenue,NovaStar Technologies,2020,M_USD,107884.0,18_cost_of_goods_sold,cost_of_goods_sold,cost of goods sold,NovaStar Technologies,2020,M_USD,37356.0,,,,,,,,,,,,,,,,,,,,,,,,,,,,,,,,,,,,,,,,,,
6,4,What do we obtain as the longterm assets for Cobalt Semiconductor in 2023 ?,,,,longterm_assets,"{""derived"": ""longterm_assets"", ""expanded"": {""op"": ""diff"", ""left"": {""leaf"": ""69_total_assets"", ""depth"": 0}, ""right"": {""derived"": ""current_assets"", ""expanded"": {""op"": ""sum"", ""left"": {""op"": ""sum"", ""left"": {""op"": ""sum"", ""left"": {""leaf"": ""69_cash"", ""depth"": 0}, ""right"": {""leaf"": ""69_accounts_receivable"", ""depth"": 0}, ""depth"": 1}, ""right"": {""leaf"": ""69_inventories"", ""depth"": 0}, ""depth"": 2}, ""right"": {""leaf"": ""69_short_term_investments"", ""depth"": 0}, ""depth"": 3}, ""depth"": 3}, ""depth"": 4}, ""depth"": 4}","{""kind"": ""derived_concept"", ""name"": ""longterm_assets"", ""depth"": 0}",48259.0,4,0,4,423094623,830302775,527794695,0.376,0,1,5,69_total_assets,total_assets,total assets,Cobalt Semiconductor,2023,M_USD,65727.0,69_cash,cash,cash,Cobalt Semiconductor,2023,M_USD,7204.0,69_accounts_receivable,accounts_receivable,accounts receivable,Cobalt Semiconductor,2023,M_USD,4686.0,69_inventories,inventories,inventories,Cobalt Semiconductor,2023,M_USD,912.0,69_short_term_investments,short_term_investments,short term investments,Cobalt Semiconductor,2023,M_USD,4666.0,,,,,,,,,,,,,,,,,,,,,
6,2,what does the following give: difference between longterm liabilities and gross profit for Crimson Pharmaceuticals in 2024 ?,,,,"diff(longterm_liabilities, gross_profit)","{""op"": ""diff"", ""left"": {""derived"": ""longterm_liabilities"", ""expanded"": {""op"": ""diff"", ""left"": {""leaf"": ""88_total_liabilities"", ""depth"": 0}, ""right"": {""leaf"": ""88_current_liabilities"", ""depth"": 0}, ""depth"": 1}, ""depth"": 1}, ""right"": {""derived"": ""gross_profit"", ""expanded"": {""op"": ""diff"", ""left"": {""leaf"": ""88_revenue"", ""depth"": 0}, ""right"": {""leaf"": ""88_cost_of_goods_sold"", ""depth"": 0}, ""depth"": 1}, ""depth"": 1}, ""depth"": 2}","{""op"": ""diff"", ""left"": {""kind"": ""derived_concept"", ""name"": ""longterm_liabilities"", ""depth"": 0}, ""right"": {""kind"": ""derived_concept"", ""name"": ""gross_profit"", ""depth"": 0}, ""depth"": 1, ""kind"": ""node""}",-78434.0,3,1,2,868716505,252274726,527794695,0.43,1,2,4,88_total_liabilities,total_liabilities,total liabilities,Crimson Pharmaceuticals,2024,M_USD,194929.0,88_current_liabilities,current_liabilities,current liabilities,Crimson Pharmaceuticals,2024,M_USD,82551.0,88_revenue,revenue,revenue,Crimson Pharmaceuticals,2024,M_USD,712606.0,88_cost_of_goods_sold,cost_of_goods_sold,cost of goods sold,Crimson Pharmaceuticals,2024,M_USD,521794.0,,,,,,,,,,,,,,,,,,,,,,,,,,,,
6,4,evaluate the sum of current assets and gross profit for Titan Consumer Brands in 2025 .,,,,"sum(current_assets, gross_profit)","{""op"": ""sum"", ""left"": {""derived"": ""current_assets"", ""expanded"": {""op"": ""sum"", ""left"": {""op"": ""sum"", ""left"": {""op"": ""sum"", ""left"": {""leaf"": ""65_cash"", ""depth"": 0}, ""right"": {""leaf"": ""65_accounts_receivable"", ""depth"": 0}, ""depth"": 1}, ""right"": {""leaf"": ""65_inventories"", ""depth"": 0}, ""depth"": 2}, ""right"": {""leaf"": ""65_short_term_investments"", ""depth"": 0}, ""depth"": 3}, ""depth"": 3}, ""right"": {""derived"": ""gross_profit"", ""expanded"": {""op"": ""diff"", ""left"": {""leaf"": ""65_revenue"", ""depth"": 0}, ""right"": {""leaf"": ""65_cost_of_goods_sold"", ""depth"": 0}, ""depth"": 1}, ""depth"": 1}, ""depth"": 4}","{""op"": ""sum"", ""left"": {""kind"": ""derived_concept"", ""name"": ""current_assets"", ""depth"": 0}, ""right"": {""kind"": ""derived_concept"", ""name"": ""gross_profit"", ""depth"": 0}, ""depth"": 1, ""kind"": ""node""}",396537.0,3,1,4,109086007,781513009,527794695,0.495,1,2,6,65_cash,cash,cash,Titan Consumer Brands,2025,M_USD,18448.0,65_accounts_receivable,accounts_receivable,accounts receivable,Titan Consumer Brands,2025,M_USD,37204.0,65_inventories,inventories,inventories,Titan Consumer Brands,2025,M_USD,38161.0,65_short_term_investments,short_term_investments,short term investments,Titan Consumer Brands,2025,M_USD,70514.0,65_revenue,revenue,revenue,Titan Consumer Brands,2025,M_USD,552586.0,65_cost_of_goods_sold,cost_of_goods_sold,cost of goods sold,Titan Consumer Brands,2025,M_USD,320376.0,,,,,,,,,,,,,,
6,3,evaluate the current assets for SilverLine Retail Inc in 2020 .,,,,current_assets,"{""derived"": ""current_assets"", ""expanded"": {""op"": ""sum"", ""left"": {""op"": ""sum"", ""left"": {""op"": ""sum"", ""left"": {""leaf"": ""42_cash"", ""depth"": 0}, ""right"": {""leaf"": ""42_accounts_receivable"", ""depth"": 0}, ""depth"": 1}, ""right"": {""leaf"": ""42_inventories"", ""depth"": 0}, ""depth"": 2}, ""right"": {""leaf"": ""42_short_term_investments"", ""depth"": 0}, ""depth"": 3}, ""depth"": 3}","{""kind"": ""derived_concept"", ""name"": ""current_assets"", ""depth"": 0}",154669.0,3,0,3,938388442,623852206,527794695,0.51,0,1,4,42_cash,cash,cash,SilverLine Retail Inc,2020,M_USD,35803.0,42_accounts_receivable,accounts_receivable,accounts receivable,SilverLine Retail Inc,2020,M_USD,54576.0,42_inventories,inventories,inventories,SilverLine Retail Inc,2020,M_USD,23923.0,42_short_term_investments,short_term_investments,short term investments,SilverLine Retail Inc,2020,M_USD,40367.0,,,,,,,,,,,,,,,,,,,,,,,,,,,,
6,1,what's the value of the longterm liabilities for ClearPath Logistics in 2024,,,,longterm_liabilities,"{""derived"": ""longterm_liabilities"", ""expanded"": {""op"": ""diff"", ""left"": {""leaf"": ""82_total_liabilities"", ""depth"": 0}, ""right"": {""leaf"": ""82_current_liabilities"", ""depth"": 0}, ""depth"": 1}, ""depth"": 1}","{""kind"": ""derived_concept"", ""name"": ""longterm_liabilities"", ""depth"": 0}",260787.0,4,0,1,339745274,530734608,527794695,0.355,0,1,2,82_total_liabilities,total_liabilities,total liabilities,ClearPath Logistics,2024,M_USD,516676.0,82_current_liabilities,current_liabilities,current liabilities,ClearPath Logistics,2024,M_USD,255889.0,,,,,,,,,,,,,,,,,,,,,,,,,,,,,,,,,,,,,,,,,,
6,1,you should give the gross profit for ClearPath Logistics in 2022.,,,,gross_profit,"{""derived"": ""gross_profit"", ""expanded"": {""op"": ""diff"", ""left"": {""leaf"": ""80_revenue"", ""depth"": 0}, ""right"": {""leaf"": ""80_cost_of_goods_sold"", ""depth"": 0}, ""depth"": 1}, ""depth"": 1}","{""kind"": ""derived_concept"", ""name"": ""gross_profit"", ""depth"": 0}",195040.0,4,0,1,832804918,923603468,527794695,0.358,0,1,2,80_revenue,revenue,revenue,ClearPath Logistics,2022,M_USD,567176.0,80_cost_of_goods_sold,cost_of_goods_sold,cost of goods sold,ClearPath Logistics,2022,M_USD,372136.0,,,,,,,,,,,,,,,,,,,,,,,,,,,,,,,,,,,,,,,,,,
6,4,Evaluate the difference between current assets and current assets for Titan Consumer Brands in 2020.,,,,"diff(current_assets, current_assets)","{""op"": ""diff"", ""left"": {""derived"": ""current_assets"", ""expanded"": {""op"": ""sum"", ""left"": {""op"": ""sum"", ""left"": {""op"": ""sum"", ""left"": {""leaf"": ""60_cash"", ""depth"": 0}, ""right"": {""leaf"": ""60_accounts_receivable"", ""depth"": 0}, ""depth"": 1}, ""right"": {""leaf"": ""60_inventories"", ""depth"": 0}, ""depth"": 2}, ""right"": {""leaf"": ""60_short_term_investments"", ""depth"": 0}, ""depth"": 3}, ""depth"": 3}, ""right"": {""derived"": ""current_assets"", ""expanded"": {""op"": ""sum"", ""left"": {""op"": ""sum"", ""left"": {""op"": ""sum"", ""left"": {""leaf"": ""60_cash"", ""depth"": 0}, ""right"": {""leaf"": ""60_accounts_receivable"", ""depth"": 0}, ""depth"": 1}, ""right"": {""leaf"": ""60_inventories"", ""depth"": 0}, ""depth"": 2}, ""right"": {""leaf"": ""60_short_term_investments"", ""depth"": 0}, ""depth"": 3}, ""depth"": 3}, ""depth"": 4}","{""op"": ""diff"", ""left"": {""kind"": ""derived_concept"", ""name"": ""current_assets"", ""depth"": 0}, ""right"": {""kind"": ""derived_concept"", ""name"": ""current_assets"", ""depth"": 0}, ""depth"": 1, ""kind"": ""node""}",0.0,3,1,4,717157433,849753389,527794695,0.243,1,2,8,60_cash,cash,cash,Titan Consumer Brands,2020,M_USD,126394.0,60_accounts_receivable,accounts_receivable,accounts receivable,Titan Consumer Brands,2020,M_USD,32678.0,60_inventories,inventories,inventories,Titan Consumer Brands,2020,M_USD,12797.0,60_short_term_investments,short_term_investments,short term investments,Titan Consumer Brands,2020,M_USD,72012.0,60_cash,cash,cash,Titan Consumer Brands,2020,M_USD,126394.0,60_accounts_receivable,accounts_receivable,accounts receivable,Titan Consumer Brands,2020,M_USD,32678.0,60_inventories,inventories,inventories,Titan Consumer Brands,2020,M_USD,12797.0,60_short_term_investments,short_term_investments,short term investments,Titan Consumer Brands,2020,M_USD,72012.0
6,3,whats the value of the pretax income for ClearPath Logistics in 2024?,,,,pretax_income,"{""derived"": ""pretax_income"", ""expanded"": {""op"": ""diff"", ""left"": {""derived"": ""operating_income"", ""expanded"": {""op"": ""diff"", ""left"": {""derived"": ""gross_profit"", ""expanded"": {""op"": ""diff"", ""left"": {""leaf"": ""82_revenue"", ""depth"": 0}, ""right"": {""leaf"": ""82_cost_of_goods_sold"", ""depth"": 0}, ""depth"": 1}, ""depth"": 1}, ""right"": {""leaf"": ""82_operating_expenses"", ""depth"": 0}, ""depth"": 2}, ""depth"": 2}, ""right"": {""leaf"": ""82_non_operating_expenses"", ""depth"": 0}, ""depth"": 3}, ""depth"": 3}","{""kind"": ""derived_concept"", ""name"": ""pretax_income"", ""depth"": 0}",221594.0,4,0,3,723976950,991825676,527794695,0.474,0,1,4,82_revenue,revenue,revenue,ClearPath Logistics,2024,M_USD,627730.0,82_cost_of_goods_sold,cost_of_goods_sold,cost of goods sold,ClearPath Logistics,2024,M_USD,212503.0,82_operating_expenses,operating_expenses,operating expenses,ClearPath Logistics,2024,M_USD,153750.0,82_non_operating_expenses,non_operating_expenses,non operating expenses,ClearPath Logistics,2024,M_USD,39883.0,,,,,,,,,,,,,,,,,,,,,,,,,,,,
6,3,compute the current assets for Quantum Bridge Holdings in 2021,,,,current_assets,"{""derived"": ""current_assets"", ""expanded"": {""op"": ""sum"", ""left"": {""op"": ""sum"", ""left"": {""op"": ""sum"", ""left"": {""leaf"": ""13_cash"", ""depth"": 0}, ""right"": {""leaf"": ""13_accounts_receivable"", ""depth"": 0}, ""depth"": 1}, ""right"": {""leaf"": ""13_inventories"", ""depth"": 0}, ""depth"": 2}, ""right"": {""leaf"": ""13_short_term_investments"", ""depth"": 0}, ""depth"": 3}, ""depth"": 3}","{""kind"": ""derived_concept"", ""name"": ""current_assets"", ""depth"": 0}",26780.0,4,0,3,633297880,132179069,527794695,0.271,0,1,4,13_cash,cash,cash,Quantum Bridge Holdings,2021,M_USD,2853.0,13_accounts_receivable,accounts_receivable,accounts receivable,Quantum Bridge Holdings,2021,M_USD,10585.0,13_inventories,inventories,inventories,Quantum Bridge Holdings,2021,M_USD,4340.0,13_short_term_investments,short_term_investments,short term investments,Quantum Bridge Holdings,2021,M_USD,9002.0,,,,,,,,,,,,,,,,,,,,,,,,,,,,
6,3,Compute the current assets for Quantum Bridge Holdings in 2023 .,,,,current_assets,"{""derived"": ""current_assets"", ""expanded"": {""op"": ""sum"", ""left"": {""op"": ""sum"", ""left"": {""op"": ""sum"", ""left"": {""leaf"": ""15_cash"", ""depth"": 0}, ""right"": {""leaf"": ""15_accounts_receivable"", ""depth"": 0}, ""depth"": 1}, ""right"": {""leaf"": ""15_inventories"", ""depth"": 0}, ""depth"": 2}, ""right"": {""leaf"": ""15_short_term_investments"", ""depth"": 0}, ""depth"": 3}, ""depth"": 3}","{""kind"": ""derived_concept"", ""name"": ""current_assets"", ""depth"": 0}",44581.0,4,0,3,789913436,832019007,527794695,0.108,0,1,4,15_cash,cash,cash,Quantum Bridge Holdings,2023,M_USD,22294.0,15_accounts_receivable,accounts_receivable,accounts receivable,Quantum Bridge Holdings,2023,M_USD,10394.0,15_inventories,inventories,inventories,Quantum Bridge Holdings,2023,M_USD,2530.0,15_short_term_investments,short_term_investments,short term investments,Quantum Bridge Holdings,2023,M_USD,9363.0,,,,,,,,,,,,,,,,,,,,,,,,,,,,
8,1,Which quantity is given by the longterm liabilities for Meridian Systems Inc in 2020?,,,,longterm_liabilities,"{""derived"": ""longterm_liabilities"", ""expanded"": {""op"": ""diff"", ""left"": {""leaf"": ""6_total_liabilities"", ""depth"": 0}, ""right"": {""leaf"": ""6_current_liabilities"", ""depth"": 0}, ""depth"": 1}, ""depth"": 1}","{""kind"": ""derived_concept"", ""name"": ""longterm_liabilities"", ""depth"": 0}",37881.0,4,0,1,801081111,368641293,527794695,0.571,0,1,2,6_total_liabilities,total_liabilities,total liabilities,Meridian Systems Inc,2020,M_USD,56087.0,6_current_liabilities,current_liabilities,current liabilities,Meridian Systems Inc,2020,M_USD,18206.0,,,,,,,,,,,,,,,,,,,,,,,,,,,,,,,,,,,,,,,,,,
8,4,what is the longterm assets for Apex Dynamics Corp in 2023 ?,,,,longterm_assets,"{""derived"": ""longterm_assets"", ""expanded"": {""op"": ""diff"", ""left"": {""leaf"": ""3_total_assets"", ""depth"": 0}, ""right"": {""derived"": ""current_assets"", ""expanded"": {""op"": ""sum"", ""left"": {""op"": ""sum"", ""left"": {""op"": ""sum"", ""left"": {""leaf"": ""3_cash"", ""depth"": 0}, ""right"": {""leaf"": ""3_accounts_receivable"", ""depth"": 0}, ""depth"": 1}, ""right"": {""leaf"": ""3_inventories"", ""depth"": 0}, ""depth"": 2}, ""right"": {""leaf"": ""3_short_term_investments"", ""depth"": 0}, ""depth"": 3}, ""depth"": 3}, ""depth"": 4}, ""depth"": 4}","{""kind"": ""derived_concept"", ""name"": ""longterm_assets"", ""depth"": 0}",111691.0,4,0,4,739005434,379095576,527794695,0.463,0,1,5,3_total_assets,total_assets,total assets,Apex Dynamics Corp,2023,M_USD,148589.0,3_cash,cash,cash,Apex Dynamics Corp,2023,M_USD,13282.0,3_accounts_receivable,accounts_receivable,accounts receivable,Apex Dynamics Corp,2023,M_USD,11694.0,3_inventories,inventories,inventories,Apex Dynamics Corp,2023,M_USD,5868.0,3_short_term_investments,short_term_investments,short term investments,Apex Dynamics Corp,2023,M_USD,6054.0,,,,,,,,,,,,,,,,,,,,,
12,2,You should give the operating income for Cobalt Semiconductor in 2022,,,,operating_income,"{""derived"": ""operating_income"", ""expanded"": {""op"": ""diff"", ""left"": {""derived"": ""gross_profit"", ""expanded"": {""op"": ""diff"", ""left"": {""leaf"": ""68_revenue"", ""depth"": 0}, ""right"": {""leaf"": ""68_cost_of_goods_sold"", ""depth"": 0}, ""depth"": 1}, ""depth"": 1}, ""right"": {""leaf"": ""68_operating_expenses"", ""depth"": 0}, ""depth"": 2}, ""depth"": 2}","{""kind"": ""derived_concept"", ""name"": ""operating_income"", ""depth"": 0}",24078.0,3,0,2,553257223,268236083,527794695,0.561,0,1,3,68_revenue,revenue,revenue,Cobalt Semiconductor,2022,M_USD,55948.0,68_cost_of_goods_sold,cost_of_goods_sold,cost of goods sold,Cobalt Semiconductor,2022,M_USD,27627.0,68_operating_expenses,operating_expenses,operating expenses,Cobalt Semiconductor,2022,M_USD,4243.0,,,,,,,,,,,,,,,,,,,,,,,,,,,,,,,,,,,
13,1,which result follows from the gross profit for Ironclad Manufacturing in 2025,,,,gross_profit,"{""derived"": ""gross_profit"", ""expanded"": {""op"": ""diff"", ""left"": {""leaf"": ""41_revenue"", ""depth"": 0}, ""right"": {""leaf"": ""41_cost_of_goods_sold"", ""depth"": 0}, ""depth"": 1}, ""depth"": 1}","{""kind"": ""derived_concept"", ""name"": ""gross_profit"", ""depth"": 0}",272997.0,4,0,1,354509861,454803190,527794695,0.449,0,1,2,41_revenue,revenue,revenue,Ironclad Manufacturing,2025,M_USD,543407.0,41_cost_of_goods_sold,cost_of_goods_sold,cost of goods sold,Ironclad Manufacturing,2025,M_USD,270410.0,,,,,,,,,,,,,,,,,,,,,,,,,,,,,,,,,,,,,,,,,,
13,1,Which result follows from the gross profit for Helix BioSciences in 2022,,,,gross_profit,"{""derived"": ""gross_profit"", ""expanded"": {""op"": ""diff"", ""left"": {""leaf"": ""74_revenue"", ""depth"": 0}, ""right"": {""leaf"": ""74_cost_of_goods_sold"", ""depth"": 0}, ""depth"": 1}, ""depth"": 1}","{""kind"": ""derived_concept"", ""name"": ""gross_profit"", ""depth"": 0}",93560.0,2,0,1,686010154,419282996,527794695,0.597,0,1,2,74_revenue,revenue,revenue,Helix BioSciences,2022,M_USD,228915.0,74_cost_of_goods_sold,cost_of_goods_sold,cost of goods sold,Helix BioSciences,2022,M_USD,135355.0,,,,,,,,,,,,,,,,,,,,,,,,,,,,,,,,,,,,,,,,,,
13,2,What does the following give: operating income for Helix BioSciences in 2020,,,,operating_income,"{""derived"": ""operating_income"", ""expanded"": {""op"": ""diff"", ""left"": {""derived"": ""gross_profit"", ""expanded"": {""op"": ""diff"", ""left"": {""leaf"": ""72_revenue"", ""depth"": 0}, ""right"": {""leaf"": ""72_cost_of_goods_sold"", ""depth"": 0}, ""depth"": 1}, ""depth"": 1}, ""right"": {""leaf"": ""72_operating_expenses"", ""depth"": 0}, ""depth"": 2}, ""depth"": 2}","{""kind"": ""derived_concept"", ""name"": ""operating_income"", ""depth"": 0}",55735.0,3,0,2,453168314,683536658,527794695,0.492,0,1,3,72_revenue,revenue,revenue,Helix BioSciences,2020,M_USD,214045.0,72_cost_of_goods_sold,cost_of_goods_sold,cost of goods sold,Helix BioSciences,2020,M_USD,144323.0,72_operating_expenses,operating_expenses,operating expenses,Helix BioSciences,2020,M_USD,13987.0,,,,,,,,,,,,,,,,,,,,,,,,,,,,,,,,,,,
13,1,state the gross profit for Pinnacle Health Group in 2025.,,,,gross_profit,"{""derived"": ""gross_profit"", ""expanded"": {""op"": ""diff"", ""left"": {""leaf"": ""35_revenue"", ""depth"": 0}, ""right"": {""leaf"": ""35_cost_of_goods_sold"", ""depth"": 0}, ""depth"": 1}, ""depth"": 1}","{""kind"": ""derived_concept"", ""name"": ""gross_profit"", ""depth"": 0}",9547.0,2,0,1,755506477,569922946,527794695,0.598,0,1,2,35_revenue,revenue,revenue,Pinnacle Health Group,2025,M_USD,23323.0,35_cost_of_goods_sold,cost_of_goods_sold,cost of goods sold,Pinnacle Health Group,2025,M_USD,13776.0,,,,,,,,,,,,,,,,,,,,,,,,,,,,,,,,,,,,,,,,,,
16,3,State the current assets for Pinnacle Health Group in 2023.,,,,current_assets,"{""derived"": ""current_assets"", ""expanded"": {""op"": ""sum"", ""left"": {""op"": ""sum"", ""left"": {""op"": ""sum"", ""left"": {""leaf"": ""33_cash"", ""depth"": 0}, ""right"": {""leaf"": ""33_accounts_receivable"", ""depth"": 0}, ""depth"": 1}, ""right"": {""leaf"": ""33_inventories"", ""depth"": 0}, ""depth"": 2}, ""right"": {""leaf"": ""33_short_term_investments"", ""depth"": 0}, ""depth"": 3}, ""depth"": 3}","{""kind"": ""derived_concept"", ""name"": ""current_assets"", ""depth"": 0}",5482.0,4,0,3,434500248,562492425,527794695,0.535,0,1,4,33_cash,cash,cash,Pinnacle Health Group,2023,M_USD,2062.0,33_accounts_receivable,accounts_receivable,accounts receivable,Pinnacle Health Group,2023,M_USD,1605.0,33_inventories,inventories,inventories,Pinnacle Health Group,2023,M_USD,1096.0,33_short_term_investments,short_term_investments,short term investments,Pinnacle Health Group,2023,M_USD,719.0,,,,,,,,,,,,,,,,,,,,,,,,,,,,
18,2,You should calculate the sum of longterm liabilities and total liabilities for Titan Consumer Brands in 2021 .,,,,"sum(longterm_liabilities, 61_total_liabilities)","{""op"": ""sum"", ""left"": {""derived"": ""longterm_liabilities"", ""expanded"": {""op"": ""diff"", ""left"": {""leaf"": ""61_total_liabilities"", ""depth"": 0}, ""right"": {""leaf"": ""61_current_liabilities"", ""depth"": 0}, ""depth"": 1}, ""depth"": 1}, ""right"": {""leaf"": ""61_total_liabilities"", ""depth"": 0}, ""depth"": 2}","{""op"": ""sum"", ""left"": {""kind"": ""derived_concept"", ""name"": ""longterm_liabilities"", ""depth"": 0}, ""right"": {""kind"": ""leaf"", ""semantic_type_in"": [""amount""], ""depth"": 0}, ""depth"": 1, ""kind"": ""node""}",1301825.0,3,1,2,718604656,595535703,527794695,0.407,1,2,3,61_total_liabilities,total_liabilities,total liabilities,Titan Consumer Brands,2021,M_USD,757557.0,61_current_liabilities,current_liabilities,current liabilities,Titan Consumer Brands,2021,M_USD,213289.0,61_total_liabilities,total_liabilities,total liabilities,Titan Consumer Brands,2021,M_USD,757557.0,,,,,,,,,,,,,,,,,,,,,,,,,,,,,,,,,,,
18,2,Evaluate the operating income for SilverLine Retail Inc in 2023.,,,,operating_income,"{""derived"": ""operating_income"", ""expanded"": {""op"": ""diff"", ""left"": {""derived"": ""gross_profit"", ""expanded"": {""op"": ""diff"", ""left"": {""leaf"": ""45_revenue"", ""depth"": 0}, ""right"": {""leaf"": ""45_cost_of_goods_sold"", ""depth"": 0}, ""depth"": 1}, ""depth"": 1}, ""right"": {""leaf"": ""45_operating_expenses"", ""depth"": 0}, ""depth"": 2}, ""depth"": 2}","{""kind"": ""derived_concept"", ""name"": ""operating_income"", ""depth"": 0}",343951.0,4,0,2,96652343,873932681,527794695,0.532,0,1,3,45_revenue,revenue,revenue,SilverLine Retail Inc,2023,M_USD,821168.0,45_cost_of_goods_sold,cost_of_goods_sold,cost of goods sold,SilverLine Retail Inc,2023,M_USD,416867.0,45_operating_expenses,operating_expenses,operating expenses,SilverLine Retail Inc,2023,M_USD,60350.0,,,,,,,,,,,,,,,,,,,,,,,,,,,,,,,,,,,
19,1,you should calculate the gross profit for Titan Consumer Brands in 2021 .,,,,gross_profit,"{""derived"": ""gross_profit"", ""expanded"": {""op"": ""diff"", ""left"": {""leaf"": ""61_revenue"", ""depth"": 0}, ""right"": {""leaf"": ""61_cost_of_goods_sold"", ""depth"": 0}, ""depth"": 1}, ""depth"": 1}","{""kind"": ""derived_concept"", ""name"": ""gross_profit"", ""depth"": 0}",323622.0,2,0,1,527221237,224760254,527794695,0.541,0,1,2,61_revenue,revenue,revenue,Titan Consumer Brands,2021,M_USD,471764.0,61_cost_of_goods_sold,cost_of_goods_sold,cost of goods sold,Titan Consumer Brands,2021,M_USD,148142.0,,,,,,,,,,,,,,,,,,,,,,,,,,,,,,,,,,,,,,,,,,
19,3,which value corresponds to the current assets for Helix BioSciences in 2024?,,,,current_assets,"{""derived"": ""current_assets"", ""expanded"": {""op"": ""sum"", ""left"": {""op"": ""sum"", ""left"": {""op"": ""sum"", ""left"": {""leaf"": ""76_cash"", ""depth"": 0}, ""right"": {""leaf"": ""76_accounts_receivable"", ""depth"": 0}, ""depth"": 1}, ""right"": {""leaf"": ""76_inventories"", ""depth"": 0}, ""depth"": 2}, ""right"": {""leaf"": ""76_short_term_investments"", ""depth"": 0}, ""depth"": 3}, ""depth"": 3}","{""kind"": ""derived_concept"", ""name"": ""current_assets"", ""depth"": 0}",105291.0,3,0,3,653561575,172173968,527794695,0.154,0,1,4,76_cash,cash,cash,Helix BioSciences,2024,M_USD,44810.0,76_accounts_receivable,accounts_receivable,accounts receivable,Helix BioSciences,2024,M_USD,36417.0,76_inventories,inventories,inventories,Helix BioSciences,2024,M_USD,20633.0,76_short_term_investments,short_term_investments,short term investments,Helix BioSciences,2024,M_USD,3431.0,,,,,,,,,,,,,,,,,,,,,,,,,,,,
19,3,Give the current assets for Orion Financial Group in 2022.,,,,current_assets,"{""derived"": ""current_assets"", ""expanded"": {""op"": ""sum"", ""left"": {""op"": ""sum"", ""left"": {""op"": ""sum"", ""left"": {""leaf"": ""56_cash"", ""depth"": 0}, ""right"": {""leaf"": ""56_accounts_receivable"", ""depth"": 0}, ""depth"": 1}, ""right"": {""leaf"": ""56_inventories"", ""depth"": 0}, ""depth"": 2}, ""right"": {""leaf"": ""56_short_term_investments"", ""depth"": 0}, ""depth"": 3}, ""depth"": 3}","{""kind"": ""derived_concept"", ""name"": ""current_assets"", ""depth"": 0}",33146.0,4,0,3,948823352,304641399,527794695,0.529,0,1,4,56_cash,cash,cash,Orion Financial Group,2022,M_USD,8636.0,56_accounts_receivable,accounts_receivable,accounts receivable,Orion Financial Group,2022,M_USD,9324.0,56_inventories,inventories,inventories,Orion Financial Group,2022,M_USD,2433.0,56_short_term_investments,short_term_investments,short term investments,Orion Financial Group,2022,M_USD,12753.0,,,,,,,,,,,,,,,,,,,,,,,,,,,,
20,3,determine the current assets for Quantum Bridge Holdings in 2022.,,,,current_assets,"{""derived"": ""current_assets"", ""expanded"": {""op"": ""sum"", ""left"": {""op"": ""sum"", ""left"": {""op"": ""sum"", ""left"": {""leaf"": ""14_cash"", ""depth"": 0}, ""right"": {""leaf"": ""14_accounts_receivable"", ""depth"": 0}, ""depth"": 1}, ""right"": {""leaf"": ""14_inventories"", ""depth"": 0}, ""depth"": 2}, ""right"": {""leaf"": ""14_short_term_investments"", ""depth"": 0}, ""depth"": 3}, ""depth"": 3}","{""kind"": ""derived_concept"", ""name"": ""current_assets"", ""depth"": 0}",42514.0,2,0,3,958944671,975798195,527794695,0.519,0,1,4,14_cash,cash,cash,Quantum Bridge Holdings,2022,M_USD,24174.0,14_accounts_receivable,accounts_receivable,accounts receivable,Quantum Bridge Holdings,2022,M_USD,11245.0,14_inventories,inventories,inventories,Quantum Bridge Holdings,2022,M_USD,5002.0,14_short_term_investments,short_term_investments,short term investments,Quantum Bridge Holdings,2022,M_USD,2093.0,,,,,,,,,,,,,,,,,,,,,,,,,,,,
22,1,Whats the value of the longterm liabilities for ClearPath Logistics in 2021?,,,,longterm_liabilities,"{""derived"": ""longterm_liabilities"", ""expanded"": {""op"": ""diff"", ""left"": {""leaf"": ""79_total_liabilities"", ""depth"": 0}, ""right"": {""leaf"": ""79_current_liabilities"", ""depth"": 0}, ""depth"": 1}, ""depth"": 1}","{""kind"": ""derived_concept"", ""name"": ""longterm_liabilities"", ""depth"": 0}",378544.0,4,0,1,855451239,946335571,527794695,0.562,0,1,2,79_total_liabilities,total_liabilities,total liabilities,ClearPath Logistics,2021,M_USD,547777.0,79_current_liabilities,current_liabilities,current liabilities,ClearPath Logistics,2021,M_USD,169233.0,,,,,,,,,,,,,,,,,,,,,,,,,,,,,,,,,,,,,,,,,,
22,4,May you calculate the longterm assets for NovaStar Technologies in 2021?,,,,longterm_assets,"{""derived"": ""longterm_assets"", ""expanded"": {""op"": ""diff"", ""left"": {""leaf"": ""19_total_assets"", ""depth"": 0}, ""right"": {""derived"": ""current_assets"", ""expanded"": {""op"": ""sum"", ""left"": {""op"": ""sum"", ""left"": {""op"": ""sum"", ""left"": {""leaf"": ""19_cash"", ""depth"": 0}, ""right"": {""leaf"": ""19_accounts_receivable"", ""depth"": 0}, ""depth"": 1}, ""right"": {""leaf"": ""19_inventories"", ""depth"": 0}, ""depth"": 2}, ""right"": {""leaf"": ""19_short_term_investments"", ""depth"": 0}, ""depth"": 3}, ""depth"": 3}, ""depth"": 4}, ""depth"": 4}","{""kind"": ""derived_concept"", ""name"": ""longterm_assets"", ""depth"": 0}",58929.0,3,0,4,154360516,772577748,527794695,0.45,0,1,5,19_total_assets,total_assets,total assets,NovaStar Technologies,2021,M_USD,93089.0,19_cash,cash,cash,NovaStar Technologies,2021,M_USD,7348.0,19_accounts_receivable,accounts_receivable,accounts receivable,NovaStar Technologies,2021,M_USD,15250.0,19_inventories,inventories,inventories,NovaStar Technologies,2021,M_USD,6654.0,19_short_term_investments,short_term_investments,short term investments,NovaStar Technologies,2021,M_USD,4908.0,,,,,,,,,,,,,,,,,,,,,
24,3,compute the current assets for Quantum Bridge Holdings in 2023.,,,,current_assets,"{""derived"": ""current_assets"", ""expanded"": {""op"": ""sum"", ""left"": {""op"": ""sum"", ""left"": {""op"": ""sum"", ""left"": {""leaf"": ""15_cash"", ""depth"": 0}, ""right"": {""leaf"": ""15_accounts_receivable"", ""depth"": 0}, ""depth"": 1}, ""right"": {""leaf"": ""15_inventories"", ""depth"": 0}, ""depth"": 2}, ""right"": {""leaf"": ""15_short_term_investments"", ""depth"": 0}, ""depth"": 3}, ""depth"": 3}","{""kind"": ""derived_concept"", ""name"": ""current_assets"", ""depth"": 0}",44581.0,3,0,3,589610346,236322228,527794695,0.259,0,1,4,15_cash,cash,cash,Quantum Bridge Holdings,2023,M_USD,22294.0,15_accounts_receivable,accounts_receivable,accounts receivable,Quantum Bridge Holdings,2023,M_USD,10394.0,15_inventories,inventories,inventories,Quantum Bridge Holdings,2023,M_USD,2530.0,15_short_term_investments,short_term_investments,short term investments,Quantum Bridge Holdings,2023,M_USD,9363.0,,,,,,,,,,,,,,,,,,,,,,,,,,,,
29,1,What would be the gross profit for Cobalt Semiconductor in 2020,,,,gross_profit,"{""derived"": ""gross_profit"", ""expanded"": {""op"": ""diff"", ""left"": {""leaf"": ""66_revenue"", ""depth"": 0}, ""right"": {""leaf"": ""66_cost_of_goods_sold"", ""depth"": 0}, ""depth"": 1}, ""depth"": 1}","{""kind"": ""derived_concept"", ""name"": ""gross_profit"", ""depth"": 0}",28593.0,2,0,1,739149508,303396033,527794695,0.49,0,1,2,66_revenue,revenue,revenue,Cobalt Semiconductor,2020,M_USD,53876.0,66_cost_of_goods_sold,cost_of_goods_sold,cost of goods sold,Cobalt Semiconductor,2020,M_USD,25283.0,,,,,,,,,,,,,,,,,,,,,,,,,,,,,,,,,,,,,,,,,,
31,2,determine the operating income for Quantum Bridge Holdings in 2024,,,,operating_income,"{""derived"": ""operating_income"", ""expanded"": {""op"": ""diff"", ""left"": {""derived"": ""gross_profit"", ""expanded"": {""op"": ""diff"", ""left"": {""leaf"": ""16_revenue"", ""depth"": 0}, ""right"": {""leaf"": ""16_cost_of_goods_sold"", ""depth"": 0}, ""depth"": 1}, ""depth"": 1}, ""right"": {""leaf"": ""16_operating_expenses"", ""depth"": 0}, ""depth"": 2}, ""depth"": 2}","{""kind"": ""derived_concept"", ""name"": ""operating_income"", ""depth"": 0}",50861.0,3,0,2,9345572,651664983,527794695,0.578,0,1,3,16_revenue,revenue,revenue,Quantum Bridge Holdings,2024,M_USD,97119.0,16_cost_of_goods_sold,cost_of_goods_sold,cost of goods sold,Quantum Bridge Holdings,2024,M_USD,35929.0,16_operating_expenses,operating_expenses,operating expenses,Quantum Bridge Holdings,2024,M_USD,10329.0,,,,,,,,,,,,,,,,,,,,,,,,,,,,,,,,,,,
32,3,could you give the sum of operating income and difference between revenue and gross profit for Meridian Systems Inc in 2025 ?,,,,"sum(operating_income, diff(11_revenue, gross_profit))","{""op"": ""sum"", ""left"": {""derived"": ""operating_income"", ""expanded"": {""op"": ""diff"", ""left"": {""derived"": ""gross_profit"", ""expanded"": {""op"": ""diff"", ""left"": {""leaf"": ""11_revenue"", ""depth"": 0}, ""right"": {""leaf"": ""11_cost_of_goods_sold"", ""depth"": 0}, ""depth"": 1}, ""depth"": 1}, ""right"": {""leaf"": ""11_operating_expenses"", ""depth"": 0}, ""depth"": 2}, ""depth"": 2}, ""right"": {""op"": ""diff"", ""left"": {""leaf"": ""11_revenue"", ""depth"": 0}, ""right"": {""derived"": ""gross_profit"", ""expanded"": {""op"": ""diff"", ""left"": {""leaf"": ""11_revenue"", ""depth"": 0}, ""right"": {""leaf"": ""11_cost_of_goods_sold"", ""depth"": 0}, ""depth"": 1}, ""depth"": 1}, ""depth"": 2}, ""depth"": 3}","{""op"": ""sum"", ""left"": {""kind"": ""derived_concept"", ""name"": ""operating_income"", ""depth"": 0}, ""right"": {""op"": ""diff"", ""left"": {""kind"": ""leaf"", ""semantic_type_in"": [""amount""], ""depth"": 0}, ""right"": {""kind"": ""derived_concept"", ""name"": ""gross_profit"", ""depth"": 0}, ""depth"": 1, ""kind"": ""node""}, ""depth"": 2, ""kind"": ""node""}",177156.0,4,2,3,641615501,503149267,527794695,0.511,2,3,6,11_revenue,revenue,revenue,Meridian Systems Inc,2025,M_USD,196832.0,11_cost_of_goods_sold,cost_of_goods_sold,cost of goods sold,Meridian Systems Inc,2025,M_USD,83722.0,11_operating_expenses,operating_expenses,operating expenses,Meridian Systems Inc,2025,M_USD,19676.0,11_revenue,revenue,revenue,Meridian Systems Inc,2025,M_USD,196832.0,11_revenue,revenue,revenue,Meridian Systems Inc,2025,M_USD,196832.0,11_cost_of_goods_sold,cost_of_goods_sold,cost of goods sold,Meridian Systems Inc,2025,M_USD,83722.0,,,,,,,,,,,,,,
32,4,Which value corresponds to the longterm assets for Helix BioSciences in 2020,,,,longterm_assets,"{""derived"": ""longterm_assets"", ""expanded"": {""op"": ""diff"", ""left"": {""leaf"": ""72_total_assets"", ""depth"": 0}, ""right"": {""derived"": ""current_assets"", ""expanded"": {""op"": ""sum"", ""left"": {""op"": ""sum"", ""left"": {""op"": ""sum"", ""left"": {""leaf"": ""72_cash"", ""depth"": 0}, ""right"": {""leaf"": ""72_accounts_receivable"", ""depth"": 0}, ""depth"": 1}, ""right"": {""leaf"": ""72_inventories"", ""depth"": 0}, ""depth"": 2}, ""right"": {""leaf"": ""72_short_term_investments"", ""depth"": 0}, ""depth"": 3}, ""depth"": 3}, ""depth"": 4}, ""depth"": 4}","{""kind"": ""derived_concept"", ""name"": ""longterm_assets"", ""depth"": 0}",112935.0,4,0,4,950549070,525678274,527794695,0.185,0,1,5,72_total_assets,total_assets,total assets,Helix BioSciences,2020,M_USD,206207.0,72_cash,cash,cash,Helix BioSciences,2020,M_USD,27177.0,72_accounts_receivable,accounts_receivable,accounts receivable,Helix BioSciences,2020,M_USD,20427.0,72_inventories,inventories,inventories,Helix BioSciences,2020,M_USD,17743.0,72_short_term_investments,short_term_investments,short term investments,Helix BioSciences,2020,M_USD,27925.0,,,,,,,,,,,,,,,,,,,,,
32,2,what is the value of the operating income for Apex Dynamics Corp in 2021,,,,operating_income,"{""derived"": ""operating_income"", ""expanded"": {""op"": ""diff"", ""left"": {""derived"": ""gross_profit"", ""expanded"": {""op"": ""diff"", ""left"": {""leaf"": ""1_revenue"", ""depth"": 0}, ""right"": {""leaf"": ""1_cost_of_goods_sold"", ""depth"": 0}, ""depth"": 1}, ""depth"": 1}, ""right"": {""leaf"": ""1_operating_expenses"", ""depth"": 0}, ""depth"": 2}, ""depth"": 2}","{""kind"": ""derived_concept"", ""name"": ""operating_income"", ""depth"": 0}",21812.0,4,0,2,269570008,235662063,527794695,0.303,0,1,3,1_revenue,revenue,revenue,Apex Dynamics Corp,2021,M_USD,78856.0,1_cost_of_goods_sold,cost_of_goods_sold,cost of goods sold,Apex Dynamics Corp,2021,M_USD,50583.0,1_operating_expenses,operating_expenses,operating expenses,Apex Dynamics Corp,2021,M_USD,6461.0,,,,,,,,,,,,,,,,,,,,,,,,,,,,,,,,,,,
32,1,state the gross profit for Pinnacle Health Group in 2024 .,,,,gross_profit,"{""derived"": ""gross_profit"", ""expanded"": {""op"": ""diff"", ""left"": {""leaf"": ""34_revenue"", ""depth"": 0}, ""right"": {""leaf"": ""34_cost_of_goods_sold"", ""depth"": 0}, ""depth"": 1}, ""depth"": 1}","{""kind"": ""derived_concept"", ""name"": ""gross_profit"", ""depth"": 0}",11091.0,3,0,1,652104753,828794945,527794695,0.49,0,1,2,34_revenue,revenue,revenue,Pinnacle Health Group,2024,M_USD,20948.0,34_cost_of_goods_sold,cost_of_goods_sold,cost of goods sold,Pinnacle Health Group,2024,M_USD,9857.0,,,,,,,,,,,,,,,,,,,,,,,,,,,,,,,,,,,,,,,,,,
32,4,Which value corresponds to the longterm assets for Helix BioSciences in 2020 ?,,,,longterm_assets,"{""derived"": ""longterm_assets"", ""expanded"": {""op"": ""diff"", ""left"": {""leaf"": ""72_total_assets"", ""depth"": 0}, ""right"": {""derived"": ""current_assets"", ""expanded"": {""op"": ""sum"", ""left"": {""op"": ""sum"", ""left"": {""op"": ""sum"", ""left"": {""leaf"": ""72_cash"", ""depth"": 0}, ""right"": {""leaf"": ""72_accounts_receivable"", ""depth"": 0}, ""depth"": 1}, ""right"": {""leaf"": ""72_inventories"", ""depth"": 0}, ""depth"": 2}, ""right"": {""leaf"": ""72_short_term_investments"", ""depth"": 0}, ""depth"": 3}, ""depth"": 3}, ""depth"": 4}, ""depth"": 4}","{""kind"": ""derived_concept"", ""name"": ""longterm_assets"", ""depth"": 0}",112935.0,3,0,4,28151827,7116689,527794695,0.592,0,1,5,72_total_assets,total_assets,total assets,Helix BioSciences,2020,M_USD,206207.0,72_cash,cash,cash,Helix BioSciences,2020,M_USD,27177.0,72_accounts_receivable,accounts_receivable,accounts receivable,Helix BioSciences,2020,M_USD,20427.0,72_inventories,inventories,inventories,Helix BioSciences,2020,M_USD,17743.0,72_short_term_investments,short_term_investments,short term investments,Helix BioSciences,2020,M_USD,27925.0,,,,,,,,,,,,,,,,,,,,,
32,2,compute the operating income for SilverLine Retail Inc in 2025,,,,operating_income,"{""derived"": ""operating_income"", ""expanded"": {""op"": ""diff"", ""left"": {""derived"": ""gross_profit"", ""expanded"": {""op"": ""diff"", ""left"": {""leaf"": ""47_revenue"", ""depth"": 0}, ""right"": {""leaf"": ""47_cost_of_goods_sold"", ""depth"": 0}, ""depth"": 1}, ""depth"": 1}, ""right"": {""leaf"": ""47_operating_expenses"", ""depth"": 0}, ""depth"": 2}, ""depth"": 2}","{""kind"": ""derived_concept"", ""name"": ""operating_income"", ""depth"": 0}",352088.0,4,0,2,511286589,497262209,527794695,0.45,0,1,3,47_revenue,revenue,revenue,SilverLine Retail Inc,2025,M_USD,827261.0,47_cost_of_goods_sold,cost_of_goods_sold,cost of goods sold,SilverLine Retail Inc,2025,M_USD,318407.0,47_operating_expenses,operating_expenses,operating expenses,SilverLine Retail Inc,2025,M_USD,156766.0,,,,,,,,,,,,,,,,,,,,,,,,,,,,,,,,,,,
33,1,You should calculate the longterm liabilities for Cobalt Semiconductor in 2022.,,,,longterm_liabilities,"{""derived"": ""longterm_liabilities"", ""expanded"": {""op"": ""diff"", ""left"": {""leaf"": ""68_total_liabilities"", ""depth"": 0}, ""right"": {""leaf"": ""68_current_liabilities"", ""depth"": 0}, ""depth"": 1}, ""depth"": 1}","{""kind"": ""derived_concept"", ""name"": ""longterm_liabilities"", ""depth"": 0}",24816.0,4,0,1,73278848,33322184,527794695,0.322,0,1,2,68_total_liabilities,total_liabilities,total liabilities,Cobalt Semiconductor,2022,M_USD,39076.0,68_current_liabilities,current_liabilities,current liabilities,Cobalt Semiconductor,2022,M_USD,14260.0,,,,,,,,,,,,,,,,,,,,,,,,,,,,,,,,,,,,,,,,,,
35,1,What is the longterm liabilities for Apex Dynamics Corp in 2024 ?,,,,longterm_liabilities,"{""derived"": ""longterm_liabilities"", ""expanded"": {""op"": ""diff"", ""left"": {""leaf"": ""4_total_liabilities"", ""depth"": 0}, ""right"": {""leaf"": ""4_current_liabilities"", ""depth"": 0}, ""depth"": 1}, ""depth"": 1}","{""kind"": ""derived_concept"", ""name"": ""longterm_liabilities"", ""depth"": 0}",41303.0,3,0,1,117166005,174622596,527794695,0.338,0,1,2,4_total_liabilities,total_liabilities,total liabilities,Apex Dynamics Corp,2024,M_USD,67131.0,4_current_liabilities,current_liabilities,current liabilities,Apex Dynamics Corp,2024,M_USD,25828.0,,,,,,,,,,,,,,,,,,,,,,,,,,,,,,,,,,,,,,,,,,
35,1,Compute the gross profit for Quantum Bridge Holdings in 2020 .,,,,gross_profit,"{""derived"": ""gross_profit"", ""expanded"": {""op"": ""diff"", ""left"": {""leaf"": ""12_revenue"", ""depth"": 0}, ""right"": {""leaf"": ""12_cost_of_goods_sold"", ""depth"": 0}, ""depth"": 1}, ""depth"": 1}","{""kind"": ""derived_concept"", ""name"": ""gross_profit"", ""depth"": 0}",41750.0,2,0,1,628418055,219125413,527794695,0.553,0,1,2,12_revenue,revenue,revenue,Quantum Bridge Holdings,2020,M_USD,79628.0,12_cost_of_goods_sold,cost_of_goods_sold,cost of goods sold,Quantum Bridge Holdings,2020,M_USD,37878.0,,,,,,,,,,,,,,,,,,,,,,,,,,,,,,,,,,,,,,,,,,
37,2,May you calculate the operating income for NovaStar Technologies in 2021,,,,operating_income,"{""derived"": ""operating_income"", ""expanded"": {""op"": ""diff"", ""left"": {""derived"": ""gross_profit"", ""expanded"": {""op"": ""diff"", ""left"": {""leaf"": ""19_revenue"", ""depth"": 0}, ""right"": {""leaf"": ""19_cost_of_goods_sold"", ""depth"": 0}, ""depth"": 1}, ""depth"": 1}, ""right"": {""leaf"": ""19_operating_expenses"", ""depth"": 0}, ""depth"": 2}, ""depth"": 2}","{""kind"": ""derived_concept"", ""name"": ""operating_income"", ""depth"": 0}",29057.0,3,0,2,230263414,127962561,527794695,0.518,0,1,3,19_revenue,revenue,revenue,NovaStar Technologies,2021,M_USD,125354.0,19_cost_of_goods_sold,cost_of_goods_sold,cost of goods sold,NovaStar Technologies,2021,M_USD,83340.0,19_operating_expenses,operating_expenses,operating expenses,NovaStar Technologies,2021,M_USD,12957.0,,,,,,,,,,,,,,,,,,,,,,,,,,,,,,,,,,,
39,3,determine the current assets for Pinnacle Health Group in 2020,,,,current_assets,"{""derived"": ""current_assets"", ""expanded"": {""op"": ""sum"", ""left"": {""op"": ""sum"", ""left"": {""op"": ""sum"", ""left"": {""leaf"": ""30_cash"", ""depth"": 0}, ""right"": {""leaf"": ""30_accounts_receivable"", ""depth"": 0}, ""depth"": 1}, ""right"": {""leaf"": ""30_inventories"", ""depth"": 0}, ""depth"": 2}, ""right"": {""leaf"": ""30_short_term_investments"", ""depth"": 0}, ""depth"": 3}, ""depth"": 3}","{""kind"": ""derived_concept"", ""name"": ""current_assets"", ""depth"": 0}",5107.0,2,0,3,842988606,953711482,527794695,0.169,0,1,4,30_cash,cash,cash,Pinnacle Health Group,2020,M_USD,3451.0,30_accounts_receivable,accounts_receivable,accounts receivable,Pinnacle Health Group,2020,M_USD,937.0,30_inventories,inventories,inventories,Pinnacle Health Group,2020,M_USD,266.0,30_short_term_investments,short_term_investments,short term investments,Pinnacle Health Group,2020,M_USD,453.0,,,,,,,,,,,,,,,,,,,,,,,,,,,,
40,1,Whats the value of the gross profit for ClearPath Logistics in 2021,,,,gross_profit,"{""derived"": ""gross_profit"", ""expanded"": {""op"": ""diff"", ""left"": {""leaf"": ""79_revenue"", ""depth"": 0}, ""right"": {""leaf"": ""79_cost_of_goods_sold"", ""depth"": 0}, ""depth"": 1}, ""depth"": 1}","{""kind"": ""derived_concept"", ""name"": ""gross_profit"", ""depth"": 0}",150603.0,4,0,1,624826077,632556230,527794695,0.375,0,1,2,79_revenue,revenue,revenue,ClearPath Logistics,2021,M_USD,514684.0,79_cost_of_goods_sold,cost_of_goods_sold,cost of goods sold,ClearPath Logistics,2021,M_USD,364081.0,,,,,,,,,,,,,,,,,,,,,,,,,,,,,,,,,,,,,,,,,,
40,4,what's the value of the longterm assets for Atlas Global Industries in 2023,,,,longterm_assets,"{""derived"": ""longterm_assets"", ""expanded"": {""op"": ""diff"", ""left"": {""leaf"": ""27_total_assets"", ""depth"": 0}, ""right"": {""derived"": ""current_assets"", ""expanded"": {""op"": ""sum"", ""left"": {""op"": ""sum"", ""left"": {""op"": ""sum"", ""left"": {""leaf"": ""27_cash"", ""depth"": 0}, ""right"": {""leaf"": ""27_accounts_receivable"", ""depth"": 0}, ""depth"": 1}, ""right"": {""leaf"": ""27_inventories"", ""depth"": 0}, ""depth"": 2}, ""right"": {""leaf"": ""27_short_term_investments"", ""depth"": 0}, ""depth"": 3}, ""depth"": 3}, ""depth"": 4}, ""depth"": 4}","{""kind"": ""derived_concept"", ""name"": ""longterm_assets"", ""depth"": 0}",56016.0,4,0,4,590075741,992666481,527794695,0.388,0,1,5,27_total_assets,total_assets,total assets,Atlas Global Industries,2023,M_USD,104031.0,27_cash,cash,cash,Atlas Global Industries,2023,M_USD,22183.0,27_accounts_receivable,accounts_receivable,accounts receivable,Atlas Global Industries,2023,M_USD,7056.0,27_inventories,inventories,inventories,Atlas Global Industries,2023,M_USD,3957.0,27_short_term_investments,short_term_investments,short term investments,Atlas Global Industries,2023,M_USD,14819.0,,,,,,,,,,,,,,,,,,,,,
40,3,What would be the result of operating expenses scaled by ratio of total liabilities to longterm liabilities for Cobalt Semiconductor in 2024 ?,,,,"mul(70_operating_expenses, ratio(70_total_liabilities, longterm_liabilities))","{""op"": ""mul"", ""left"": {""leaf"": ""70_operating_expenses"", ""depth"": 0}, ""right"": {""op"": ""ratio"", ""left"": {""leaf"": ""70_total_liabilities"", ""depth"": 0}, ""right"": {""derived"": ""longterm_liabilities"", ""expanded"": {""op"": ""diff"", ""left"": {""leaf"": ""70_total_liabilities"", ""depth"": 0}, ""right"": {""leaf"": ""70_current_liabilities"", ""depth"": 0}, ""depth"": 1}, ""depth"": 1}, ""depth"": 2}, ""depth"": 3}","{""op"": ""mul"", ""left"": {""kind"": ""leaf"", ""semantic_type_in"": [""amount""], ""depth"": 0}, ""right"": {""op"": ""ratio"", ""left"": {""kind"": ""leaf"", ""semantic_type_in"": [""amount""], ""depth"": 0}, ""right"": {""kind"": ""derived_concept"", ""name"": ""longterm_liabilities"", ""depth"": 0}, ""depth"": 1, ""kind"": ""node""}, ""depth"": 2, ""kind"": ""node""}",11648.443057112323,4,2,3,4441361,73968476,527794695,0.448,2,3,4,70_operating_expenses,operating_expenses,operating expenses,Cobalt Semiconductor,2024,M_USD,8231.0,70_total_liabilities,total_liabilities,total liabilities,Cobalt Semiconductor,2024,M_USD,54291.0,70_total_liabilities,total_liabilities,total liabilities,Cobalt Semiconductor,2024,M_USD,54291.0,70_current_liabilities,current_liabilities,current liabilities,Cobalt Semiconductor,2024,M_USD,15928.0,,,,,,,,,,,,,,,,,,,,,,,,,,,,
41,1,May you calculate the gross profit for NovaStar Technologies in 2022 ?,,,,gross_profit,"{""derived"": ""gross_profit"", ""expanded"": {""op"": ""diff"", ""left"": {""leaf"": ""20_revenue"", ""depth"": 0}, ""right"": {""leaf"": ""20_cost_of_goods_sold"", ""depth"": 0}, ""depth"": 1}, ""depth"": 1}","{""kind"": ""derived_concept"", ""name"": ""gross_profit"", ""depth"": 0}",85736.0,4,0,1,357090006,803606007,527794695,0.427,0,1,2,20_revenue,revenue,revenue,NovaStar Technologies,2022,M_USD,149263.0,20_cost_of_goods_sold,cost_of_goods_sold,cost of goods sold,NovaStar Technologies,2022,M_USD,63527.0,,,,,,,,,,,,,,,,,,,,,,,,,,,,,,,,,,,,,,,,,,
44,1,Calculate the gross profit for SilverLine Retail Inc in 2022.,,,,gross_profit,"{""derived"": ""gross_profit"", ""expanded"": {""op"": ""diff"", ""left"": {""leaf"": ""44_revenue"", ""depth"": 0}, ""right"": {""leaf"": ""44_cost_of_goods_sold"", ""depth"": 0}, ""depth"": 1}, ""depth"": 1}","{""kind"": ""derived_concept"", ""name"": ""gross_profit"", ""depth"": 0}",292368.0,3,0,1,972049881,687495589,527794695,0.423,0,1,2,44_revenue,revenue,revenue,SilverLine Retail Inc,2022,M_USD,698498.0,44_cost_of_goods_sold,cost_of_goods_sold,cost of goods sold,SilverLine Retail Inc,2022,M_USD,406130.0,,,,,,,,,,,,,,,,,,,,,,,,,,,,,,,,,,,,,,,,,,
45,4,you should calculate the longterm assets for Orion Financial Group in 2023.,,,,longterm_assets,"{""derived"": ""longterm_assets"", ""expanded"": {""op"": ""diff"", ""left"": {""leaf"": ""57_total_assets"", ""depth"": 0}, ""right"": {""derived"": ""current_assets"", ""expanded"": {""op"": ""sum"", ""left"": {""op"": ""sum"", ""left"": {""op"": ""sum"", ""left"": {""leaf"": ""57_cash"", ""depth"": 0}, ""right"": {""leaf"": ""57_accounts_receivable"", ""depth"": 0}, ""depth"": 1}, ""right"": {""leaf"": ""57_inventories"", ""depth"": 0}, ""depth"": 2}, ""right"": {""leaf"": ""57_short_term_investments"", ""depth"": 0}, ""depth"": 3}, ""depth"": 3}, ""depth"": 4}, ""depth"": 4}","{""kind"": ""derived_concept"", ""name"": ""longterm_assets"", ""depth"": 0}",194608.0,4,0,4,154062000,986725415,527794695,0.44,0,1,5,57_total_assets,total_assets,total assets,Orion Financial Group,2023,M_USD,263222.0,57_cash,cash,cash,Orion Financial Group,2023,M_USD,13631.0,57_accounts_receivable,accounts_receivable,accounts receivable,Orion Financial Group,2023,M_USD,11364.0,57_inventories,inventories,inventories,Orion Financial Group,2023,M_USD,5922.0,57_short_term_investments,short_term_investments,short term investments,Orion Financial Group,2023,M_USD,37697.0,,,,,,,,,,,,,,,,,,,,,
47,2,Determine the operating income for Pinnacle Health Group in 2023 .,,,,operating_income,"{""derived"": ""operating_income"", ""expanded"": {""op"": ""diff"", ""left"": {""derived"": ""gross_profit"", ""expanded"": {""op"": ""diff"", ""left"": {""leaf"": ""33_revenue"", ""depth"": 0}, ""right"": {""leaf"": ""33_cost_of_goods_sold"", ""depth"": 0}, ""depth"": 1}, ""depth"": 1}, ""right"": {""leaf"": ""33_operating_expenses"", ""depth"": 0}, ""depth"": 2}, ""depth"": 2}","{""kind"": ""derived_concept"", ""name"": ""operating_income"", ""depth"": 0}",5901.0,4,0,2,889015535,782701283,527794695,0.571,0,1,3,33_revenue,revenue,revenue,Pinnacle Health Group,2023,M_USD,19203.0,33_cost_of_goods_sold,cost_of_goods_sold,cost of goods sold,Pinnacle Health Group,2023,M_USD,9524.0,33_operating_expenses,operating_expenses,operating expenses,Pinnacle Health Group,2023,M_USD,3778.0,,,,,,,,,,,,,,,,,,,,,,,,,,,,,,,,,,,
48,1,You should give the longterm liabilities for NovaStar Technologies in 2025 .,,,,longterm_liabilities,"{""derived"": ""longterm_liabilities"", ""expanded"": {""op"": ""diff"", ""left"": {""leaf"": ""23_total_liabilities"", ""depth"": 0}, ""right"": {""leaf"": ""23_current_liabilities"", ""depth"": 0}, ""depth"": 1}, ""depth"": 1}","{""kind"": ""derived_concept"", ""name"": ""longterm_liabilities"", ""depth"": 0}",96177.0,2,0,1,469568889,801115507,527794695,0.547,0,1,2,23_total_liabilities,total_liabilities,total liabilities,NovaStar Technologies,2025,M_USD,162525.0,23_current_liabilities,current_liabilities,current liabilities,NovaStar Technologies,2025,M_USD,66348.0,,,,,,,,,,,,,,,,,,,,,,,,,,,,,,,,,,,,,,,,,,
48,3,which result follows from the current assets for Ironclad Manufacturing in 2022 ?,,,,current_assets,"{""derived"": ""current_assets"", ""expanded"": {""op"": ""sum"", ""left"": {""op"": ""sum"", ""left"": {""op"": ""sum"", ""left"": {""leaf"": ""38_cash"", ""depth"": 0}, ""right"": {""leaf"": ""38_accounts_receivable"", ""depth"": 0}, ""depth"": 1}, ""right"": {""leaf"": ""38_inventories"", ""depth"": 0}, ""depth"": 2}, ""right"": {""leaf"": ""38_short_term_investments"", ""depth"": 0}, ""depth"": 3}, ""depth"": 3}","{""kind"": ""derived_concept"", ""name"": ""current_assets"", ""depth"": 0}",280237.0,2,0,3,575890264,721854204,527794695,0.251,0,1,4,38_cash,cash,cash,Ironclad Manufacturing,2022,M_USD,139886.0,38_accounts_receivable,accounts_receivable,accounts receivable,Ironclad Manufacturing,2022,M_USD,30058.0,38_inventories,inventories,inventories,Ironclad Manufacturing,2022,M_USD,21863.0,38_short_term_investments,short_term_investments,short term investments,Ironclad Manufacturing,2022,M_USD,88430.0,,,,,,,,,,,,,,,,,,,,,,,,,,,,
48,3,What's the value of the pretax income for Atlas Global Industries in 2020,,,,pretax_income,"{""derived"": ""pretax_income"", ""expanded"": {""op"": ""diff"", ""left"": {""derived"": ""operating_income"", ""expanded"": {""op"": ""diff"", ""left"": {""derived"": ""gross_profit"", ""expanded"": {""op"": ""diff"", ""left"": {""leaf"": ""24_revenue"", ""depth"": 0}, ""right"": {""leaf"": ""24_cost_of_goods_sold"", ""depth"": 0}, ""depth"": 1}, ""depth"": 1}, ""right"": {""leaf"": ""24_operating_expenses"", ""depth"": 0}, ""depth"": 2}, ""depth"": 2}, ""right"": {""leaf"": ""24_non_operating_expenses"", ""depth"": 0}, ""depth"": 3}, ""depth"": 3}","{""kind"": ""derived_concept"", ""name"": ""pretax_income"", ""depth"": 0}",-8633.0,4,0,3,929973359,860287216,527794695,0.136,0,1,4,24_revenue,revenue,revenue,Atlas Global Industries,2020,M_USD,72714.0,24_cost_of_goods_sold,cost_of_goods_sold,cost of goods sold,Atlas Global Industries,2020,M_USD,54010.0,24_operating_expenses,operating_expenses,operating expenses,Atlas Global Industries,2020,M_USD,12525.0,24_non_operating_expenses,non_operating_expenses,non operating expenses,Atlas Global Industries,2020,M_USD,14812.0,,,,,,,,,,,,,,,,,,,,,,,,,,,,
50,3,You should give the current assets for Atlas Global Industries in 2025.,,,,current_assets,"{""derived"": ""current_assets"", ""expanded"": {""op"": ""sum"", ""left"": {""op"": ""sum"", ""left"": {""op"": ""sum"", ""left"": {""leaf"": ""29_cash"", ""depth"": 0}, ""right"": {""leaf"": ""29_accounts_receivable"", ""depth"": 0}, ""depth"": 1}, ""right"": {""leaf"": ""29_inventories"", ""depth"": 0}, ""depth"": 2}, ""right"": {""leaf"": ""29_short_term_investments"", ""depth"": 0}, ""depth"": 3}, ""depth"": 3}","{""kind"": ""derived_concept"", ""name"": ""current_assets"", ""depth"": 0}",28206.0,4,0,3,832871667,405916988,527794695,0.446,0,1,4,29_cash,cash,cash,Atlas Global Industries,2025,M_USD,8454.0,29_accounts_receivable,accounts_receivable,accounts receivable,Atlas Global Industries,2025,M_USD,6495.0,29_inventories,inventories,inventories,Atlas Global Industries,2025,M_USD,4358.0,29_short_term_investments,short_term_investments,short term investments,Atlas Global Industries,2025,M_USD,8899.0,,,,,,,,,,,,,,,,,,,,,,,,,,,,
51,1,evaluate the gross profit for Titan Consumer Brands in 2023 .,,,,gross_profit,"{""derived"": ""gross_profit"", ""expanded"": {""op"": ""diff"", ""left"": {""leaf"": ""63_revenue"", ""depth"": 0}, ""right"": {""leaf"": ""63_cost_of_goods_sold"", ""depth"": 0}, ""depth"": 1}, ""depth"": 1}","{""kind"": ""derived_concept"", ""name"": ""gross_profit"", ""depth"": 0}",127016.0,4,0,1,641301626,175601234,527794695,0.329,0,1,2,63_revenue,revenue,revenue,Titan Consumer Brands,2023,M_USD,468895.0,63_cost_of_goods_sold,cost_of_goods_sold,cost of goods sold,Titan Consumer Brands,2023,M_USD,341879.0,,,,,,,,,,,,,,,,,,,,,,,,,,,,,,,,,,,,,,,,,,
55,3,Which quantity is given by the current assets for Ironclad Manufacturing in 2022,,,,current_assets,"{""derived"": ""current_assets"", ""expanded"": {""op"": ""sum"", ""left"": {""op"": ""sum"", ""left"": {""op"": ""sum"", ""left"": {""leaf"": ""38_cash"", ""depth"": 0}, ""right"": {""leaf"": ""38_accounts_receivable"", ""depth"": 0}, ""depth"": 1}, ""right"": {""leaf"": ""38_inventories"", ""depth"": 0}, ""depth"": 2}, ""right"": {""leaf"": ""38_short_term_investments"", ""depth"": 0}, ""depth"": 3}, ""depth"": 3}","{""kind"": ""derived_concept"", ""name"": ""current_assets"", ""depth"": 0}",280237.0,4,0,3,170878729,102430697,527794695,0.535,0,1,4,38_cash,cash,cash,Ironclad Manufacturing,2022,M_USD,139886.0,38_accounts_receivable,accounts_receivable,accounts receivable,Ironclad Manufacturing,2022,M_USD,30058.0,38_inventories,inventories,inventories,Ironclad Manufacturing,2022,M_USD,21863.0,38_short_term_investments,short_term_investments,short term investments,Ironclad Manufacturing,2022,M_USD,88430.0,,,,,,,,,,,,,,,,,,,,,,,,,,,,
56,4,what's the value of the longterm assets for Atlas Global Industries in 2025,,,,longterm_assets,"{""derived"": ""longterm_assets"", ""expanded"": {""op"": ""diff"", ""left"": {""leaf"": ""29_total_assets"", ""depth"": 0}, ""right"": {""derived"": ""current_assets"", ""expanded"": {""op"": ""sum"", ""left"": {""op"": ""sum"", ""left"": {""op"": ""sum"", ""left"": {""leaf"": ""29_cash"", ""depth"": 0}, ""right"": {""leaf"": ""29_accounts_receivable"", ""depth"": 0}, ""depth"": 1}, ""right"": {""leaf"": ""29_inventories"", ""depth"": 0}, ""depth"": 2}, ""right"": {""leaf"": ""29_short_term_investments"", ""depth"": 0}, ""depth"": 3}, ""depth"": 3}, ""depth"": 4}, ""depth"": 4}","{""kind"": ""derived_concept"", ""name"": ""longterm_assets"", ""depth"": 0}",92605.0,3,0,4,411559883,856479487,527794695,0.471,0,1,5,29_total_assets,total_assets,total assets,Atlas Global Industries,2025,M_USD,120811.0,29_cash,cash,cash,Atlas Global Industries,2025,M_USD,8454.0,29_accounts_receivable,accounts_receivable,accounts receivable,Atlas Global Industries,2025,M_USD,6495.0,29_inventories,inventories,inventories,Atlas Global Industries,2025,M_USD,4358.0,29_short_term_investments,short_term_investments,short term investments,Atlas Global Industries,2025,M_USD,8899.0,,,,,,,,,,,,,,,,,,,,,
56,1,what is the value of the gross profit for Atlas Global Industries in 2022 ?,,,,gross_profit,"{""derived"": ""gross_profit"", ""expanded"": {""op"": ""diff"", ""left"": {""leaf"": ""26_revenue"", ""depth"": 0}, ""right"": {""leaf"": ""26_cost_of_goods_sold"", ""depth"": 0}, ""depth"": 1}, ""depth"": 1}","{""kind"": ""derived_concept"", ""name"": ""gross_profit"", ""depth"": 0}",54671.0,2,0,1,773076644,965829780,527794695,0.289,0,1,2,26_revenue,revenue,revenue,Atlas Global Industries,2022,M_USD,87003.0,26_cost_of_goods_sold,cost_of_goods_sold,cost of goods sold,Atlas Global Industries,2022,M_USD,32332.0,,,,,,,,,,,,,,,,,,,,,,,,,,,,,,,,,,,,,,,,,,
57,3,give the current assets for Pacific Crest Energy in 2021,,,,current_assets,"{""derived"": ""current_assets"", ""expanded"": {""op"": ""sum"", ""left"": {""op"": ""sum"", ""left"": {""op"": ""sum"", ""left"": {""leaf"": ""49_cash"", ""depth"": 0}, ""right"": {""leaf"": ""49_accounts_receivable"", ""depth"": 0}, ""depth"": 1}, ""right"": {""leaf"": ""49_inventories"", ""depth"": 0}, ""depth"": 2}, ""right"": {""leaf"": ""49_short_term_investments"", ""depth"": 0}, ""depth"": 3}, ""depth"": 3}","{""kind"": ""derived_concept"", ""name"": ""current_assets"", ""depth"": 0}",55811.0,2,0,3,836981507,358161969,527794695,0.205,0,1,4,49_cash,cash,cash,Pacific Crest Energy,2021,M_USD,33062.0,49_accounts_receivable,accounts_receivable,accounts receivable,Pacific Crest Energy,2021,M_USD,13101.0,49_inventories,inventories,inventories,Pacific Crest Energy,2021,M_USD,5500.0,49_short_term_investments,short_term_investments,short term investments,Pacific Crest Energy,2021,M_USD,4148.0,,,,,,,,,,,,,,,,,,,,,,,,,,,,
60,3,you should give the current assets for Apex Dynamics Corp in 2024 .,,,,current_assets,"{""derived"": ""current_assets"", ""expanded"": {""op"": ""sum"", ""left"": {""op"": ""sum"", ""left"": {""op"": ""sum"", ""left"": {""leaf"": ""4_cash"", ""depth"": 0}, ""right"": {""leaf"": ""4_accounts_receivable"", ""depth"": 0}, ""depth"": 1}, ""right"": {""leaf"": ""4_inventories"", ""depth"": 0}, ""depth"": 2}, ""right"": {""leaf"": ""4_short_term_investments"", ""depth"": 0}, ""depth"": 3}, ""depth"": 3}","{""kind"": ""derived_concept"", ""name"": ""current_assets"", ""depth"": 0}",33056.0,3,0,3,549618904,856678907,527794695,0.298,0,1,4,4_cash,cash,cash,Apex Dynamics Corp,2024,M_USD,15788.0,4_accounts_receivable,accounts_receivable,accounts receivable,Apex Dynamics Corp,2024,M_USD,4495.0,4_inventories,inventories,inventories,Apex Dynamics Corp,2024,M_USD,2246.0,4_short_term_investments,short_term_investments,short term investments,Apex Dynamics Corp,2024,M_USD,10527.0,,,,,,,,,,,,,,,,,,,,,,,,,,,,
60,1,determine the longterm liabilities for Pinnacle Health Group in 2025,,,,longterm_liabilities,"{""derived"": ""longterm_liabilities"", ""expanded"": {""op"": ""diff"", ""left"": {""leaf"": ""35_total_liabilities"", ""depth"": 0}, ""right"": {""leaf"": ""35_current_liabilities"", ""depth"": 0}, ""depth"": 1}, ""depth"": 1}","{""kind"": ""derived_concept"", ""name"": ""longterm_liabilities"", ""depth"": 0}",18152.0,4,0,1,701122626,992726427,527794695,0.373,0,1,2,35_total_liabilities,total_liabilities,total liabilities,Pinnacle Health Group,2025,M_USD,28203.0,35_current_liabilities,current_liabilities,current liabilities,Pinnacle Health Group,2025,M_USD,10051.0,,,,,,,,,,,,,,,,,,,,,,,,,,,,,,,,,,,,,,,,,,
62,2,What does the following give: difference between gross profit and revenue for Crimson Pharmaceuticals in 2024,,,,"diff(gross_profit, 88_revenue)","{""op"": ""diff"", ""left"": {""derived"": ""gross_profit"", ""expanded"": {""op"": ""diff"", ""left"": {""leaf"": ""88_revenue"", ""depth"": 0}, ""right"": {""leaf"": ""88_cost_of_goods_sold"", ""depth"": 0}, ""depth"": 1}, ""depth"": 1}, ""right"": {""leaf"": ""88_revenue"", ""depth"": 0}, ""depth"": 2}","{""op"": ""diff"", ""left"": {""kind"": ""derived_concept"", ""name"": ""gross_profit"", ""depth"": 0}, ""right"": {""kind"": ""leaf"", ""semantic_type_in"": [""amount""], ""depth"": 0}, ""depth"": 1, ""kind"": ""node""}",-521794.0,4,1,2,650324415,328688537,527794695,0.42,1,2,3,88_revenue,revenue,revenue,Crimson Pharmaceuticals,2024,M_USD,712606.0,88_cost_of_goods_sold,cost_of_goods_sold,cost of goods sold,Crimson Pharmaceuticals,2024,M_USD,521794.0,88_revenue,revenue,revenue,Crimson Pharmaceuticals,2024,M_USD,712606.0,,,,,,,,,,,,,,,,,,,,,,,,,,,,,,,,,,,
63,4,What is the longterm assets for Apex Dynamics Corp in 2024?,,,,longterm_assets,"{""derived"": ""longterm_assets"", ""expanded"": {""op"": ""diff"", ""left"": {""leaf"": ""4_total_assets"", ""depth"": 0}, ""right"": {""derived"": ""current_assets"", ""expanded"": {""op"": ""sum"", ""left"": {""op"": ""sum"", ""left"": {""op"": ""sum"", ""left"": {""leaf"": ""4_cash"", ""depth"": 0}, ""right"": {""leaf"": ""4_accounts_receivable"", ""depth"": 0}, ""depth"": 1}, ""right"": {""leaf"": ""4_inventories"", ""depth"": 0}, ""depth"": 2}, ""right"": {""leaf"": ""4_short_term_investments"", ""depth"": 0}, ""depth"": 3}, ""depth"": 3}, ""depth"": 4}, ""depth"": 4}","{""kind"": ""derived_concept"", ""name"": ""longterm_assets"", ""depth"": 0}",59044.0,4,0,4,26740034,215303467,527794695,0.204,0,1,5,4_total_assets,total_assets,total assets,Apex Dynamics Corp,2024,M_USD,92100.0,4_cash,cash,cash,Apex Dynamics Corp,2024,M_USD,15788.0,4_accounts_receivable,accounts_receivable,accounts receivable,Apex Dynamics Corp,2024,M_USD,4495.0,4_inventories,inventories,inventories,Apex Dynamics Corp,2024,M_USD,2246.0,4_short_term_investments,short_term_investments,short term investments,Apex Dynamics Corp,2024,M_USD,10527.0,,,,,,,,,,,,,,,,,,,,,
63,1,you should calculate the gross profit for Pinnacle Health Group in 2020,,,,gross_profit,"{""derived"": ""gross_profit"", ""expanded"": {""op"": ""diff"", ""left"": {""leaf"": ""30_revenue"", ""depth"": 0}, ""right"": {""leaf"": ""30_cost_of_goods_sold"", ""depth"": 0}, ""depth"": 1}, ""depth"": 1}","{""kind"": ""derived_concept"", ""name"": ""gross_profit"", ""depth"": 0}",3908.0,2,0,1,56633645,428512782,527794695,0.338,0,1,2,30_revenue,revenue,revenue,Pinnacle Health Group,2020,M_USD,15631.0,30_cost_of_goods_sold,cost_of_goods_sold,cost of goods sold,Pinnacle Health Group,2020,M_USD,11723.0,,,,,,,,,,,,,,,,,,,,,,,,,,,,,,,,,,,,,,,,,,
67,3,which quantity is given by the current assets for Ironclad Manufacturing in 2022,,,,current_assets,"{""derived"": ""current_assets"", ""expanded"": {""op"": ""sum"", ""left"": {""op"": ""sum"", ""left"": {""op"": ""sum"", ""left"": {""leaf"": ""38_cash"", ""depth"": 0}, ""right"": {""leaf"": ""38_accounts_receivable"", ""depth"": 0}, ""depth"": 1}, ""right"": {""leaf"": ""38_inventories"", ""depth"": 0}, ""depth"": 2}, ""right"": {""leaf"": ""38_short_term_investments"", ""depth"": 0}, ""depth"": 3}, ""depth"": 3}","{""kind"": ""derived_concept"", ""name"": ""current_assets"", ""depth"": 0}",280237.0,3,0,3,109325547,493121502,527794695,0.406,0,1,4,38_cash,cash,cash,Ironclad Manufacturing,2022,M_USD,139886.0,38_accounts_receivable,accounts_receivable,accounts receivable,Ironclad Manufacturing,2022,M_USD,30058.0,38_inventories,inventories,inventories,Ironclad Manufacturing,2022,M_USD,21863.0,38_short_term_investments,short_term_investments,short term investments,Ironclad Manufacturing,2022,M_USD,88430.0,,,,,,,,,,,,,,,,,,,,,,,,,,,,
69,1,what is the value of the gross profit for Atlas Global Industries in 2021,,,,gross_profit,"{""derived"": ""gross_profit"", ""expanded"": {""op"": ""diff"", ""left"": {""leaf"": ""25_revenue"", ""depth"": 0}, ""right"": {""leaf"": ""25_cost_of_goods_sold"", ""depth"": 0}, ""depth"": 1}, ""depth"": 1}","{""kind"": ""derived_concept"", ""name"": ""gross_profit"", ""depth"": 0}",32211.0,2,0,1,611512064,692938959,527794695,0.572,0,1,2,25_revenue,revenue,revenue,Atlas Global Industries,2021,M_USD,83268.0,25_cost_of_goods_sold,cost_of_goods_sold,cost of goods sold,Atlas Global Industries,2021,M_USD,51057.0,,,,,,,,,,,,,,,,,,,,,,,,,,,,,,,,,,,,,,,,,,
78,2,state the operating income for Pinnacle Health Group in 2021,,,,operating_income,"{""derived"": ""operating_income"", ""expanded"": {""op"": ""diff"", ""left"": {""derived"": ""gross_profit"", ""expanded"": {""op"": ""diff"", ""left"": {""leaf"": ""31_revenue"", ""depth"": 0}, ""right"": {""leaf"": ""31_cost_of_goods_sold"", ""depth"": 0}, ""depth"": 1}, ""depth"": 1}, ""right"": {""leaf"": ""31_operating_expenses"", ""depth"": 0}, ""depth"": 2}, ""depth"": 2}","{""kind"": ""derived_concept"", ""name"": ""operating_income"", ""depth"": 0}",3433.0,3,0,2,63671311,820982821,527794695,0.575,0,1,3,31_revenue,revenue,revenue,Pinnacle Health Group,2021,M_USD,15115.0,31_cost_of_goods_sold,cost_of_goods_sold,cost of goods sold,Pinnacle Health Group,2021,M_USD,8665.0,31_operating_expenses,operating_expenses,operating expenses,Pinnacle Health Group,2021,M_USD,3017.0,,,,,,,,,,,,,,,,,,,,,,,,,,,,,,,,,,,
79,1,May you give the longterm liabilities for NovaStar Technologies in 2025 ?,,,,longterm_liabilities,"{""derived"": ""longterm_liabilities"", ""expanded"": {""op"": ""diff"", ""left"": {""leaf"": ""23_total_liabilities"", ""depth"": 0}, ""right"": {""leaf"": ""23_current_liabilities"", ""depth"": 0}, ""depth"": 1}, ""depth"": 1}","{""kind"": ""derived_concept"", ""name"": ""longterm_liabilities"", ""depth"": 0}",96177.0,2,0,1,329491583,248758398,527794695,0.398,0,1,2,23_total_liabilities,total_liabilities,total liabilities,NovaStar Technologies,2025,M_USD,162525.0,23_current_liabilities,current_liabilities,current liabilities,NovaStar Technologies,2025,M_USD,66348.0,,,,,,,,,,,,,,,,,,,,,,,,,,,,,,,,,,,,,,,,,,
79,3,What would be the difference between operating income and operating expenses for Cobalt Semiconductor in 2022 ?,,,,"diff(operating_income, 68_operating_expenses)","{""op"": ""diff"", ""left"": {""derived"": ""operating_income"", ""expanded"": {""op"": ""diff"", ""left"": {""derived"": ""gross_profit"", ""expanded"": {""op"": ""diff"", ""left"": {""leaf"": ""68_revenue"", ""depth"": 0}, ""right"": {""leaf"": ""68_cost_of_goods_sold"", ""depth"": 0}, ""depth"": 1}, ""depth"": 1}, ""right"": {""leaf"": ""68_operating_expenses"", ""depth"": 0}, ""depth"": 2}, ""depth"": 2}, ""right"": {""leaf"": ""68_operating_expenses"", ""depth"": 0}, ""depth"": 3}","{""op"": ""diff"", ""left"": {""kind"": ""derived_concept"", ""name"": ""operating_income"", ""depth"": 0}, ""right"": {""kind"": ""leaf"", ""semantic_type_in"": [""amount""], ""depth"": 0}, ""depth"": 1, ""kind"": ""node""}",19835.0,4,1,3,181582464,130062289,527794695,0.392,1,2,4,68_revenue,revenue,revenue,Cobalt Semiconductor,2022,M_USD,55948.0,68_cost_of_goods_sold,cost_of_goods_sold,cost of goods sold,Cobalt Semiconductor,2022,M_USD,27627.0,68_operating_expenses,operating_expenses,operating expenses,Cobalt Semiconductor,2022,M_USD,4243.0,68_operating_expenses,operating_expenses,operating expenses,Cobalt Semiconductor,2022,M_USD,4243.0,,,,,,,,,,,,,,,,,,,,,,,,,,,,
79,3,May you calculate the current assets for NovaStar Technologies in 2021,,,,current_assets,"{""derived"": ""current_assets"", ""expanded"": {""op"": ""sum"", ""left"": {""op"": ""sum"", ""left"": {""op"": ""sum"", ""left"": {""leaf"": ""19_cash"", ""depth"": 0}, ""right"": {""leaf"": ""19_accounts_receivable"", ""depth"": 0}, ""depth"": 1}, ""right"": {""leaf"": ""19_inventories"", ""depth"": 0}, ""depth"": 2}, ""right"": {""leaf"": ""19_short_term_investments"", ""depth"": 0}, ""depth"": 3}, ""depth"": 3}","{""kind"": ""derived_concept"", ""name"": ""current_assets"", ""depth"": 0}",34160.0,4,0,3,604426324,473474428,527794695,0.473,0,1,4,19_cash,cash,cash,NovaStar Technologies,2021,M_USD,7348.0,19_accounts_receivable,accounts_receivable,accounts receivable,NovaStar Technologies,2021,M_USD,15250.0,19_inventories,inventories,inventories,NovaStar Technologies,2021,M_USD,6654.0,19_short_term_investments,short_term_investments,short term investments,NovaStar Technologies,2021,M_USD,4908.0,,,,,,,,,,,,,,,,,,,,,,,,,,,,
80,3,What would be the pretax income for Cobalt Semiconductor in 2021?,,,,pretax_income,"{""derived"": ""pretax_income"", ""expanded"": {""op"": ""diff"", ""left"": {""derived"": ""operating_income"", ""expanded"": {""op"": ""diff"", ""left"": {""derived"": ""gross_profit"", ""expanded"": {""op"": ""diff"", ""left"": {""leaf"": ""67_revenue"", ""depth"": 0}, ""right"": {""leaf"": ""67_cost_of_goods_sold"", ""depth"": 0}, ""depth"": 1}, ""depth"": 1}, ""right"": {""leaf"": ""67_operating_expenses"", ""depth"": 0}, ""depth"": 2}, ""depth"": 2}, ""right"": {""leaf"": ""67_non_operating_expenses"", ""depth"": 0}, ""depth"": 3}, ""depth"": 3}","{""kind"": ""derived_concept"", ""name"": ""pretax_income"", ""depth"": 0}",14696.0,4,0,3,860620848,375632144,527794695,0.103,0,1,4,67_revenue,revenue,revenue,Cobalt Semiconductor,2021,M_USD,52817.0,67_cost_of_goods_sold,cost_of_goods_sold,cost of goods sold,Cobalt Semiconductor,2021,M_USD,28022.0,67_operating_expenses,operating_expenses,operating expenses,Cobalt Semiconductor,2021,M_USD,6287.0,67_non_operating_expenses,non_operating_expenses,non operating expenses,Cobalt Semiconductor,2021,M_USD,3812.0,,,,,,,,,,,,,,,,,,,,,,,,,,,,
80,1,What does the following give: longterm liabilities for Crimson Pharmaceuticals in 2020?,,,,longterm_liabilities,"{""derived"": ""longterm_liabilities"", ""expanded"": {""op"": ""diff"", ""left"": {""leaf"": ""84_total_liabilities"", ""depth"": 0}, ""right"": {""leaf"": ""84_current_liabilities"", ""depth"": 0}, ""depth"": 1}, ""depth"": 1}","{""kind"": ""derived_concept"", ""name"": ""longterm_liabilities"", ""depth"": 0}",89176.0,4,0,1,827856911,237638901,527794695,0.372,0,1,2,84_total_liabilities,total_liabilities,total liabilities,Crimson Pharmaceuticals,2020,M_USD,152160.0,84_current_liabilities,current_liabilities,current liabilities,Crimson Pharmaceuticals,2020,M_USD,62984.0,,,,,,,,,,,,,,,,,,,,,,,,,,,,,,,,,,,,,,,,,,
82,1,Determine the longterm liabilities for Pinnacle Health Group in 2020.,,,,longterm_liabilities,"{""derived"": ""longterm_liabilities"", ""expanded"": {""op"": ""diff"", ""left"": {""leaf"": ""30_total_liabilities"", ""depth"": 0}, ""right"": {""leaf"": ""30_current_liabilities"", ""depth"": 0}, ""depth"": 1}, ""depth"": 1}","{""kind"": ""derived_concept"", ""name"": ""longterm_liabilities"", ""depth"": 0}",7268.0,3,0,1,550428293,349077484,527794695,0.127,0,1,2,30_total_liabilities,total_liabilities,total liabilities,Pinnacle Health Group,2020,M_USD,10116.0,30_current_liabilities,current_liabilities,current liabilities,Pinnacle Health Group,2020,M_USD,2848.0,,,,,,,,,,,,,,,,,,,,,,,,,,,,,,,,,,,,,,,,,,
83,2,determine the operating income for Pinnacle Health Group in 2023,,,,operating_income,"{""derived"": ""operating_income"", ""expanded"": {""op"": ""diff"", ""left"": {""derived"": ""gross_profit"", ""expanded"": {""op"": ""diff"", ""left"": {""leaf"": ""33_revenue"", ""depth"": 0}, ""right"": {""leaf"": ""33_cost_of_goods_sold"", ""depth"": 0}, ""depth"": 1}, ""depth"": 1}, ""right"": {""leaf"": ""33_operating_expenses"", ""depth"": 0}, ""depth"": 2}, ""depth"": 2}","{""kind"": ""derived_concept"", ""name"": ""operating_income"", ""depth"": 0}",5901.0,3,0,2,256989978,528579657,527794695,0.552,0,1,3,33_revenue,revenue,revenue,Pinnacle Health Group,2023,M_USD,19203.0,33_cost_of_goods_sold,cost_of_goods_sold,cost of goods sold,Pinnacle Health Group,2023,M_USD,9524.0,33_operating_expenses,operating_expenses,operating expenses,Pinnacle Health Group,2023,M_USD,3778.0,,,,,,,,,,,,,,,,,,,,,,,,,,,,,,,,,,,
83,1,You should give the longterm liabilities for ClearPath Logistics in 2023 .,,,,longterm_liabilities,"{""derived"": ""longterm_liabilities"", ""expanded"": {""op"": ""diff"", ""left"": {""leaf"": ""81_total_liabilities"", ""depth"": 0}, ""right"": {""leaf"": ""81_current_liabilities"", ""depth"": 0}, ""depth"": 1}, ""depth"": 1}","{""kind"": ""derived_concept"", ""name"": ""longterm_liabilities"", ""depth"": 0}",172824.0,3,0,1,178015331,990203805,527794695,0.337,0,1,2,81_total_liabilities,total_liabilities,total liabilities,ClearPath Logistics,2023,M_USD,250646.0,81_current_liabilities,current_liabilities,current liabilities,ClearPath Logistics,2023,M_USD,77822.0,,,,,,,,,,,,,,,,,,,,,,,,,,,,,,,,,,,,,,,,,,
84,3,What's the value of the current assets for Atlas Global Industries in 2021,,,,current_assets,"{""derived"": ""current_assets"", ""expanded"": {""op"": ""sum"", ""left"": {""op"": ""sum"", ""left"": {""op"": ""sum"", ""left"": {""leaf"": ""25_cash"", ""depth"": 0}, ""right"": {""leaf"": ""25_accounts_receivable"", ""depth"": 0}, ""depth"": 1}, ""right"": {""leaf"": ""25_inventories"", ""depth"": 0}, ""depth"": 2}, ""right"": {""leaf"": ""25_short_term_investments"", ""depth"": 0}, ""depth"": 3}, ""depth"": 3}","{""kind"": ""derived_concept"", ""name"": ""current_assets"", ""depth"": 0}",47359.0,4,0,3,220859498,100329349,527794695,0.586,0,1,4,25_cash,cash,cash,Atlas Global Industries,2021,M_USD,24706.0,25_accounts_receivable,accounts_receivable,accounts receivable,Atlas Global Industries,2021,M_USD,7753.0,25_inventories,inventories,inventories,Atlas Global Industries,2021,M_USD,4731.0,25_short_term_investments,short_term_investments,short term investments,Atlas Global Industries,2021,M_USD,10169.0,,,,,,,,,,,,,,,,,,,,,,,,,,,,
85,2,evaluate the difference between gross profit and cost of goods sold for Titan Consumer Brands in 2020,,,,"diff(gross_profit, 60_cost_of_goods_sold)","{""op"": ""diff"", ""left"": {""derived"": ""gross_profit"", ""expanded"": {""op"": ""diff"", ""left"": {""leaf"": ""60_revenue"", ""depth"": 0}, ""right"": {""leaf"": ""60_cost_of_goods_sold"", ""depth"": 0}, ""depth"": 1}, ""depth"": 1}, ""right"": {""leaf"": ""60_cost_of_goods_sold"", ""depth"": 0}, ""depth"": 2}","{""op"": ""diff"", ""left"": {""kind"": ""derived_concept"", ""name"": ""gross_profit"", ""depth"": 0}, ""right"": {""kind"": ""leaf"", ""semantic_type_in"": [""amount""], ""depth"": 0}, ""depth"": 1, ""kind"": ""node""}",165440.0,4,1,2,398573493,270964569,527794695,0.119,1,2,3,60_revenue,revenue,revenue,Titan Consumer Brands,2020,M_USD,428824.0,60_cost_of_goods_sold,cost_of_goods_sold,cost of goods sold,Titan Consumer Brands,2020,M_USD,131692.0,60_cost_of_goods_sold,cost_of_goods_sold,cost of goods sold,Titan Consumer Brands,2020,M_USD,131692.0,,,,,,,,,,,,,,,,,,,,,,,,,,,,,,,,,,,
86,4,you should give the longterm assets for Titan Consumer Brands in 2024 .,,,,longterm_assets,"{""derived"": ""longterm_assets"", ""expanded"": {""op"": ""diff"", ""left"": {""leaf"": ""64_total_assets"", ""depth"": 0}, ""right"": {""derived"": ""current_assets"", ""expanded"": {""op"": ""sum"", ""left"": {""op"": ""sum"", ""left"": {""op"": ""sum"", ""left"": {""leaf"": ""64_cash"", ""depth"": 0}, ""right"": {""leaf"": ""64_accounts_receivable"", ""depth"": 0}, ""depth"": 1}, ""right"": {""leaf"": ""64_inventories"", ""depth"": 0}, ""depth"": 2}, ""right"": {""leaf"": ""64_short_term_investments"", ""depth"": 0}, ""depth"": 3}, ""depth"": 3}, ""depth"": 4}, ""depth"": 4}","{""kind"": ""derived_concept"", ""name"": ""longterm_assets"", ""depth"": 0}",918217.0,3,0,4,835734850,366536318,527794695,0.482,0,1,5,64_total_assets,total_assets,total assets,Titan Consumer Brands,2024,M_USD,1147507.0,64_cash,cash,cash,Titan Consumer Brands,2024,M_USD,73487.0,64_accounts_receivable,accounts_receivable,accounts receivable,Titan Consumer Brands,2024,M_USD,42955.0,64_inventories,inventories,inventories,Titan Consumer Brands,2024,M_USD,45127.0,64_short_term_investments,short_term_investments,short term investments,Titan Consumer Brands,2024,M_USD,67721.0,,,,,,,,,,,,,,,,,,,,,
86,1,Which result follows from the gross profit for Ironclad Manufacturing in 2025 ?,,,,gross_profit,"{""derived"": ""gross_profit"", ""expanded"": {""op"": ""diff"", ""left"": {""leaf"": ""41_revenue"", ""depth"": 0}, ""right"": {""leaf"": ""41_cost_of_goods_sold"", ""depth"": 0}, ""depth"": 1}, ""depth"": 1}","{""kind"": ""derived_concept"", ""name"": ""gross_profit"", ""depth"": 0}",272997.0,2,0,1,519916980,8022675,527794695,0.376,0,1,2,41_revenue,revenue,revenue,Ironclad Manufacturing,2025,M_USD,543407.0,41_cost_of_goods_sold,cost_of_goods_sold,cost of goods sold,Ironclad Manufacturing,2025,M_USD,270410.0,,,,,,,,,,,,,,,,,,,,,,,,,,,,,,,,,,,,,,,,,,
87,1,What would be the gross profit for Cobalt Semiconductor in 2025 ?,,,,gross_profit,"{""derived"": ""gross_profit"", ""expanded"": {""op"": ""diff"", ""left"": {""leaf"": ""71_revenue"", ""depth"": 0}, ""right"": {""leaf"": ""71_cost_of_goods_sold"", ""depth"": 0}, ""depth"": 1}, ""depth"": 1}","{""kind"": ""derived_concept"", ""name"": ""gross_profit"", ""depth"": 0}",24706.0,3,0,1,134740518,411408832,527794695,0.405,0,1,2,71_revenue,revenue,revenue,Cobalt Semiconductor,2025,M_USD,55356.0,71_cost_of_goods_sold,cost_of_goods_sold,cost of goods sold,Cobalt Semiconductor,2025,M_USD,30650.0,,,,,,,,,,,,,,,,,,,,,,,,,,,,,,,,,,,,,,,,,,
87,3,give the current assets for Orion Financial Group in 2022 .,,,,current_assets,"{""derived"": ""current_assets"", ""expanded"": {""op"": ""sum"", ""left"": {""op"": ""sum"", ""left"": {""op"": ""sum"", ""left"": {""leaf"": ""56_cash"", ""depth"": 0}, ""right"": {""leaf"": ""56_accounts_receivable"", ""depth"": 0}, ""depth"": 1}, ""right"": {""leaf"": ""56_inventories"", ""depth"": 0}, ""depth"": 2}, ""right"": {""leaf"": ""56_short_term_investments"", ""depth"": 0}, ""depth"": 3}, ""depth"": 3}","{""kind"": ""derived_concept"", ""name"": ""current_assets"", ""depth"": 0}",33146.0,4,0,3,171946728,765517496,527794695,0.493,0,1,4,56_cash,cash,cash,Orion Financial Group,2022,M_USD,8636.0,56_accounts_receivable,accounts_receivable,accounts receivable,Orion Financial Group,2022,M_USD,9324.0,56_inventories,inventories,inventories,Orion Financial Group,2022,M_USD,2433.0,56_short_term_investments,short_term_investments,short term investments,Orion Financial Group,2022,M_USD,12753.0,,,,,,,,,,,,,,,,,,,,,,,,,,,,
87,4,you should give the longterm assets for Meridian Systems Inc in 2025.,,,,longterm_assets,"{""derived"": ""longterm_assets"", ""expanded"": {""op"": ""diff"", ""left"": {""leaf"": ""11_total_assets"", ""depth"": 0}, ""right"": {""derived"": ""current_assets"", ""expanded"": {""op"": ""sum"", ""left"": {""op"": ""sum"", ""left"": {""op"": ""sum"", ""left"": {""leaf"": ""11_cash"", ""depth"": 0}, ""right"": {""leaf"": ""11_accounts_receivable"", ""depth"": 0}, ""depth"": 1}, ""right"": {""leaf"": ""11_inventories"", ""depth"": 0}, ""depth"": 2}, ""right"": {""leaf"": ""11_short_term_investments"", ""depth"": 0}, ""depth"": 3}, ""depth"": 3}, ""depth"": 4}, ""depth"": 4}","{""kind"": ""derived_concept"", ""name"": ""longterm_assets"", ""depth"": 0}",81708.0,3,0,4,746382976,174664156,527794695,0.416,0,1,5,11_total_assets,total_assets,total assets,Meridian Systems Inc,2025,M_USD,147592.0,11_cash,cash,cash,Meridian Systems Inc,2025,M_USD,6070.0,11_accounts_receivable,accounts_receivable,accounts receivable,Meridian Systems Inc,2025,M_USD,27542.0,11_inventories,inventories,inventories,Meridian Systems Inc,2025,M_USD,10774.0,11_short_term_investments,short_term_investments,short term investments,Meridian Systems Inc,2025,M_USD,21498.0,,,,,,,,,,,,,,,,,,,,,
87,3,Could you give the pretax income for Meridian Systems Inc in 2022 ?,,,,pretax_income,"{""derived"": ""pretax_income"", ""expanded"": {""op"": ""diff"", ""left"": {""derived"": ""operating_income"", ""expanded"": {""op"": ""diff"", ""left"": {""derived"": ""gross_profit"", ""expanded"": {""op"": ""diff"", ""left"": {""leaf"": ""8_revenue"", ""depth"": 0}, ""right"": {""leaf"": ""8_cost_of_goods_sold"", ""depth"": 0}, ""depth"": 1}, ""depth"": 1}, ""right"": {""leaf"": ""8_operating_expenses"", ""depth"": 0}, ""depth"": 2}, ""depth"": 2}, ""right"": {""leaf"": ""8_non_operating_expenses"", ""depth"": 0}, ""depth"": 3}, ""depth"": 3}","{""kind"": ""derived_concept"", ""name"": ""pretax_income"", ""depth"": 0}",36587.0,4,0,3,385089212,358431348,527794695,0.488,0,1,4,8_revenue,revenue,revenue,Meridian Systems Inc,2022,M_USD,163959.0,8_cost_of_goods_sold,cost_of_goods_sold,cost of goods sold,Meridian Systems Inc,2022,M_USD,84255.0,8_operating_expenses,operating_expenses,operating expenses,Meridian Systems Inc,2022,M_USD,26227.0,8_non_operating_expenses,non_operating_expenses,non operating expenses,Meridian Systems Inc,2022,M_USD,16890.0,,,,,,,,,,,,,,,,,,,,,,,,,,,,
90,2,Evaluate the operating income for Titan Consumer Brands in 2022.,,,,operating_income,"{""derived"": ""operating_income"", ""expanded"": {""op"": ""diff"", ""left"": {""derived"": ""gross_profit"", ""expanded"": {""op"": ""diff"", ""left"": {""leaf"": ""62_revenue"", ""depth"": 0}, ""right"": {""leaf"": ""62_cost_of_goods_sold"", ""depth"": 0}, ""depth"": 1}, ""depth"": 1}, ""right"": {""leaf"": ""62_operating_expenses"", ""depth"": 0}, ""depth"": 2}, ""depth"": 2}","{""kind"": ""derived_concept"", ""name"": ""operating_income"", ""depth"": 0}",159139.0,3,0,2,610388005,219473078,527794695,0.497,0,1,3,62_revenue,revenue,revenue,Titan Consumer Brands,2022,M_USD,472978.0,62_cost_of_goods_sold,cost_of_goods_sold,cost of goods sold,Titan Consumer Brands,2022,M_USD,249495.0,62_operating_expenses,operating_expenses,operating expenses,Titan Consumer Brands,2022,M_USD,64344.0,,,,,,,,,,,,,,,,,,,,,,,,,,,,,,,,,,,
90,4,Which quantity is given by the longterm assets for Ironclad Manufacturing in 2025 ?,,,,longterm_assets,"{""derived"": ""longterm_assets"", ""expanded"": {""op"": ""diff"", ""left"": {""leaf"": ""41_total_assets"", ""depth"": 0}, ""right"": {""derived"": ""current_assets"", ""expanded"": {""op"": ""sum"", ""left"": {""op"": ""sum"", ""left"": {""op"": ""sum"", ""left"": {""leaf"": ""41_cash"", ""depth"": 0}, ""right"": {""leaf"": ""41_accounts_receivable"", ""depth"": 0}, ""depth"": 1}, ""right"": {""leaf"": ""41_inventories"", ""depth"": 0}, ""depth"": 2}, ""right"": {""leaf"": ""41_short_term_investments"", ""depth"": 0}, ""depth"": 3}, ""depth"": 3}, ""depth"": 4}, ""depth"": 4}","{""kind"": ""derived_concept"", ""name"": ""longterm_assets"", ""depth"": 0}",568831.0,4,0,4,801477273,749510402,527794695,0.437,0,1,5,41_total_assets,total_assets,total assets,Ironclad Manufacturing,2025,M_USD,867099.0,41_cash,cash,cash,Ironclad Manufacturing,2025,M_USD,109521.0,41_accounts_receivable,accounts_receivable,accounts receivable,Ironclad Manufacturing,2025,M_USD,54234.0,41_inventories,inventories,inventories,Ironclad Manufacturing,2025,M_USD,36674.0,41_short_term_investments,short_term_investments,short term investments,Ironclad Manufacturing,2025,M_USD,97839.0,,,,,,,,,,,,,,,,,,,,,
92,1,may you give the longterm liabilities for NovaStar Technologies in 2024 ?,,,,longterm_liabilities,"{""derived"": ""longterm_liabilities"", ""expanded"": {""op"": ""diff"", ""left"": {""leaf"": ""22_total_liabilities"", ""depth"": 0}, ""right"": {""leaf"": ""22_current_liabilities"", ""depth"": 0}, ""depth"": 1}, ""depth"": 1}","{""kind"": ""derived_concept"", ""name"": ""longterm_liabilities"", ""depth"": 0}",63455.0,4,0,1,502809966,61793916,527794695,0.366,0,1,2,22_total_liabilities,total_liabilities,total liabilities,NovaStar Technologies,2024,M_USD,106446.0,22_current_liabilities,current_liabilities,current liabilities,NovaStar Technologies,2024,M_USD,42991.0,,,,,,,,,,,,,,,,,,,,,,,,,,,,,,,,,,,,,,,,,,
