question_id,depth,question,question_original,obstacle,useless_info_family_used,expression,expression_json,template_expression,answer,template_depth_requested,template_actual_depth,bound_expression_depth,tree_seed,binding_seed,master_seed,derived_prob,template_internal_nodes,template_leaf_slots,bound_leaf_count,leaf_1_key,leaf_1_concept,leaf_1_label,leaf_1_entity,leaf_1_period,leaf_1_unit,leaf_1_value,leaf_2_key,leaf_2_concept,leaf_2_label,leaf_2_entity,leaf_2_period,leaf_2_unit,leaf_2_value,leaf_3_key,leaf_3_concept,leaf_3_label,leaf_3_entity,leaf_3_period,leaf_3_unit,leaf_3_value,leaf_4_key,leaf_4_concept,leaf_4_label,leaf_4_entity,leaf_4_period,leaf_4_unit,leaf_4_value,leaf_5_key,leaf_5_concept,leaf_5_label,leaf_5_entity,leaf_5_period,leaf_5_unit,leaf_5_value,leaf_6_key,leaf_6_concept,leaf_6_label,leaf_6_entity,leaf_6_period,leaf_6_unit,leaf_6_value
3,1,"The numbers in the financial_data are all given in thousands. Please answer in numbers, not thousands. could you give the longterm liabilities for Meridian Systems Inc in 2023 ?",could you give the longterm liabilities for Meridian Systems Inc in 2023 ?,unit_scale_change,,longterm_liabilities,"{""derived"": ""longterm_liabilities"", ""expanded"": {""op"": ""diff"", ""left"": {""leaf"": ""9_total_liabilities"", ""depth"": 0}, ""right"": {""leaf"": ""9_current_liabilities"", ""depth"": 0}, ""depth"": 1}, ""depth"": 1}","{""kind"": ""derived_concept"", ""name"": ""longterm_liabilities"", ""depth"": 0}",43890.0,2,0,1,68887034,753960714,147638620,0.507,0,1,2,9_total_liabilities,total_liabilities,total liabilities,Meridian Systems Inc,2023,M_USD,75.315,9_current_liabilities,current_liabilities,current liabilities,Meridian Systems Inc,2023,M_USD,31.425,,,,,,,,,,,,,,,,,,,,,,,,,,,,
4,1,"The numbers in the financial_data are all given in thousands. Please answer in numbers, not thousands. may you calculate the longterm liabilities for NovaStar Technologies in 2021 ?",may you calculate the longterm liabilities for NovaStar Technologies in 2021 ?,unit_scale_change,,longterm_liabilities,"{""derived"": ""longterm_liabilities"", ""expanded"": {""op"": ""diff"", ""left"": {""leaf"": ""19_total_liabilities"", ""depth"": 0}, ""right"": {""leaf"": ""19_current_liabilities"", ""depth"": 0}, ""depth"": 1}, ""depth"": 1}","{""kind"": ""derived_concept"", ""name"": ""longterm_liabilities"", ""depth"": 0}",37127.0,4,0,1,978000584,118182704,147638620,0.564,0,1,2,19_total_liabilities,total_liabilities,total liabilities,NovaStar Technologies,2021,M_USD,67.361,19_current_liabilities,current_liabilities,current liabilities,NovaStar Technologies,2021,M_USD,30.234,,,,,,,,,,,,,,,,,,,,,,,,,,,,
6,3,"The numbers in the financial_data are all given in thousands. Please answer in numbers, not thousands. state the pretax income for Pinnacle Health Group in 2020",state the pretax income for Pinnacle Health Group in 2020,unit_scale_change,,pretax_income,"{""derived"": ""pretax_income"", ""expanded"": {""op"": ""diff"", ""left"": {""derived"": ""operating_income"", ""expanded"": {""op"": ""diff"", ""left"": {""derived"": ""gross_profit"", ""expanded"": {""op"": ""diff"", ""left"": {""leaf"": ""30_revenue"", ""depth"": 0}, ""right"": {""leaf"": ""30_cost_of_goods_sold"", ""depth"": 0}, ""depth"": 1}, ""depth"": 1}, ""right"": {""leaf"": ""30_operating_expenses"", ""depth"": 0}, ""depth"": 2}, ""depth"": 2}, ""right"": {""leaf"": ""30_non_operating_expenses"", ""depth"": 0}, ""depth"": 3}, ""depth"": 3}","{""kind"": ""derived_concept"", ""name"": ""pretax_income"", ""depth"": 0}",-782.0000000000005,4,0,3,764986401,248688401,147638620,0.142,0,1,4,30_revenue,revenue,revenue,Pinnacle Health Group,2020,M_USD,15.631,30_cost_of_goods_sold,cost_of_goods_sold,cost of goods sold,Pinnacle Health Group,2020,M_USD,11.723,30_operating_expenses,operating_expenses,operating expenses,Pinnacle Health Group,2020,M_USD,1.876,30_non_operating_expenses,non_operating_expenses,non operating expenses,Pinnacle Health Group,2020,M_USD,2.814,,,,,,,,,,,,,,
6,1,"The numbers in the financial_data are all given in thousands. Please answer in numbers, not thousands. compute the gross profit for Quantum Bridge Holdings in 2020.",compute the gross profit for Quantum Bridge Holdings in 2020.,unit_scale_change,,gross_profit,"{""derived"": ""gross_profit"", ""expanded"": {""op"": ""diff"", ""left"": {""leaf"": ""12_revenue"", ""depth"": 0}, ""right"": {""leaf"": ""12_cost_of_goods_sold"", ""depth"": 0}, ""depth"": 1}, ""depth"": 1}","{""kind"": ""derived_concept"", ""name"": ""gross_profit"", ""depth"": 0}",41750.0,4,0,1,494855188,893229262,147638620,0.568,0,1,2,12_revenue,revenue,revenue,Quantum Bridge Holdings,2020,M_USD,79.628,12_cost_of_goods_sold,cost_of_goods_sold,cost of goods sold,Quantum Bridge Holdings,2020,M_USD,37.878,,,,,,,,,,,,,,,,,,,,,,,,,,,,
7,3,"The numbers in the financial_data are all given in thousands. Please answer in numbers, not thousands. Evaluate the current assets for Titan Consumer Brands in 2024 .",Evaluate the current assets for Titan Consumer Brands in 2024 .,unit_scale_change,,current_assets,"{""derived"": ""current_assets"", ""expanded"": {""op"": ""sum"", ""left"": {""op"": ""sum"", ""left"": {""op"": ""sum"", ""left"": {""leaf"": ""64_cash"", ""depth"": 0}, ""right"": {""leaf"": ""64_accounts_receivable"", ""depth"": 0}, ""depth"": 1}, ""right"": {""leaf"": ""64_inventories"", ""depth"": 0}, ""depth"": 2}, ""right"": {""leaf"": ""64_short_term_investments"", ""depth"": 0}, ""depth"": 3}, ""depth"": 3}","{""kind"": ""derived_concept"", ""name"": ""current_assets"", ""depth"": 0}",229290.0,2,0,3,485658540,99870788,147638620,0.584,0,1,4,64_cash,cash,cash,Titan Consumer Brands,2024,M_USD,73.487,64_accounts_receivable,accounts_receivable,accounts receivable,Titan Consumer Brands,2024,M_USD,42.955,64_inventories,inventories,inventories,Titan Consumer Brands,2024,M_USD,45.127,64_short_term_investments,short_term_investments,short term investments,Titan Consumer Brands,2024,M_USD,67.721,,,,,,,,,,,,,,
7,2,"The numbers in the financial_data are all given in thousands. Please answer in numbers, not thousands. provide the operating income for Pacific Crest Energy in 2025 .",provide the operating income for Pacific Crest Energy in 2025 .,unit_scale_change,,operating_income,"{""derived"": ""operating_income"", ""expanded"": {""op"": ""diff"", ""left"": {""derived"": ""gross_profit"", ""expanded"": {""op"": ""diff"", ""left"": {""leaf"": ""53_revenue"", ""depth"": 0}, ""right"": {""leaf"": ""53_cost_of_goods_sold"", ""depth"": 0}, ""depth"": 1}, ""depth"": 1}, ""right"": {""leaf"": ""53_operating_expenses"", ""depth"": 0}, ""depth"": 2}, ""depth"": 2}","{""kind"": ""derived_concept"", ""name"": ""operating_income"", ""depth"": 0}",111929.0,4,0,2,707584724,98410487,147638620,0.579,0,1,3,53_revenue,revenue,revenue,Pacific Crest Energy,2025,M_USD,218.005,53_cost_of_goods_sold,cost_of_goods_sold,cost of goods sold,Pacific Crest Energy,2025,M_USD,86.886,53_operating_expenses,operating_expenses,operating expenses,Pacific Crest Energy,2025,M_USD,19.19,,,,,,,,,,,,,,,,,,,,,
8,3,"The numbers in the financial_data are all given in thousands. Please answer in numbers, not thousands. state the pretax income for Pinnacle Health Group in 2020.",state the pretax income for Pinnacle Health Group in 2020.,unit_scale_change,,pretax_income,"{""derived"": ""pretax_income"", ""expanded"": {""op"": ""diff"", ""left"": {""derived"": ""operating_income"", ""expanded"": {""op"": ""diff"", ""left"": {""derived"": ""gross_profit"", ""expanded"": {""op"": ""diff"", ""left"": {""leaf"": ""30_revenue"", ""depth"": 0}, ""right"": {""leaf"": ""30_cost_of_goods_sold"", ""depth"": 0}, ""depth"": 1}, ""depth"": 1}, ""right"": {""leaf"": ""30_operating_expenses"", ""depth"": 0}, ""depth"": 2}, ""depth"": 2}, ""right"": {""leaf"": ""30_non_operating_expenses"", ""depth"": 0}, ""depth"": 3}, ""depth"": 3}","{""kind"": ""derived_concept"", ""name"": ""pretax_income"", ""depth"": 0}",-782.0000000000005,4,0,3,598346707,963552032,147638620,0.164,0,1,4,30_revenue,revenue,revenue,Pinnacle Health Group,2020,M_USD,15.631,30_cost_of_goods_sold,cost_of_goods_sold,cost of goods sold,Pinnacle Health Group,2020,M_USD,11.723,30_operating_expenses,operating_expenses,operating expenses,Pinnacle Health Group,2020,M_USD,1.876,30_non_operating_expenses,non_operating_expenses,non operating expenses,Pinnacle Health Group,2020,M_USD,2.814,,,,,,,,,,,,,,
9,3,"The numbers in the financial_data are all given in thousands. Please answer in numbers, not thousands. state the current assets for Pacific Crest Energy in 2020",state the current assets for Pacific Crest Energy in 2020,unit_scale_change,,current_assets,"{""derived"": ""current_assets"", ""expanded"": {""op"": ""sum"", ""left"": {""op"": ""sum"", ""left"": {""op"": ""sum"", ""left"": {""leaf"": ""48_cash"", ""depth"": 0}, ""right"": {""leaf"": ""48_accounts_receivable"", ""depth"": 0}, ""depth"": 1}, ""right"": {""leaf"": ""48_inventories"", ""depth"": 0}, ""depth"": 2}, ""right"": {""leaf"": ""48_short_term_investments"", ""depth"": 0}, ""depth"": 3}, ""depth"": 3}","{""kind"": ""derived_concept"", ""name"": ""current_assets"", ""depth"": 0}",119508.00000000001,3,0,3,633150412,493934060,147638620,0.363,0,1,4,48_cash,cash,cash,Pacific Crest Energy,2020,M_USD,82.616,48_accounts_receivable,accounts_receivable,accounts receivable,Pacific Crest Energy,2020,M_USD,7.623,48_inventories,inventories,inventories,Pacific Crest Energy,2020,M_USD,13.28,48_short_term_investments,short_term_investments,short term investments,Pacific Crest Energy,2020,M_USD,15.989,,,,,,,,,,,,,,
11,2,"The numbers in the financial_data are all given in thousands. Please answer in numbers, not thousands. Which quantity is given by the operating income for Meridian Systems Inc in 2020?",Which quantity is given by the operating income for Meridian Systems Inc in 2020?,unit_scale_change,,operating_income,"{""derived"": ""operating_income"", ""expanded"": {""op"": ""diff"", ""left"": {""derived"": ""gross_profit"", ""expanded"": {""op"": ""diff"", ""left"": {""leaf"": ""6_revenue"", ""depth"": 0}, ""right"": {""leaf"": ""6_cost_of_goods_sold"", ""depth"": 0}, ""depth"": 1}, ""depth"": 1}, ""right"": {""leaf"": ""6_operating_expenses"", ""depth"": 0}, ""depth"": 2}, ""depth"": 2}","{""kind"": ""derived_concept"", ""name"": ""operating_income"", ""depth"": 0}",77293.0,4,0,2,463642766,915368849,147638620,0.406,0,1,3,6_revenue,revenue,revenue,Meridian Systems Inc,2020,M_USD,150.714,6_cost_of_goods_sold,cost_of_goods_sold,cost of goods sold,Meridian Systems Inc,2020,M_USD,52.78,6_operating_expenses,operating_expenses,operating expenses,Meridian Systems Inc,2020,M_USD,20.641,,,,,,,,,,,,,,,,,,,,,
14,1,"The numbers in the financial_data are all given in thousands. Please answer in numbers, not thousands. Which quantity is given by the gross profit for Meridian Systems Inc in 2024 ?",Which quantity is given by the gross profit for Meridian Systems Inc in 2024 ?,unit_scale_change,,gross_profit,"{""derived"": ""gross_profit"", ""expanded"": {""op"": ""diff"", ""left"": {""leaf"": ""10_revenue"", ""depth"": 0}, ""right"": {""leaf"": ""10_cost_of_goods_sold"", ""depth"": 0}, ""depth"": 1}, ""depth"": 1}","{""kind"": ""derived_concept"", ""name"": ""gross_profit"", ""depth"": 0}",63825.0,2,0,1,220347170,801416380,147638620,0.485,0,1,2,10_revenue,revenue,revenue,Meridian Systems Inc,2024,M_USD,189.603,10_cost_of_goods_sold,cost_of_goods_sold,cost of goods sold,Meridian Systems Inc,2024,M_USD,125.778,,,,,,,,,,,,,,,,,,,,,,,,,,,,
14,2,"The numbers in the financial_data are all given in thousands. Please answer in numbers, not thousands. May you calculate the operating income for NovaStar Technologies in 2021?",May you calculate the operating income for NovaStar Technologies in 2021?,unit_scale_change,,operating_income,"{""derived"": ""operating_income"", ""expanded"": {""op"": ""diff"", ""left"": {""derived"": ""gross_profit"", ""expanded"": {""op"": ""diff"", ""left"": {""leaf"": ""19_revenue"", ""depth"": 0}, ""right"": {""leaf"": ""19_cost_of_goods_sold"", ""depth"": 0}, ""depth"": 1}, ""depth"": 1}, ""right"": {""leaf"": ""19_operating_expenses"", ""depth"": 0}, ""depth"": 2}, ""depth"": 2}","{""kind"": ""derived_concept"", ""name"": ""operating_income"", ""depth"": 0}",29056.999999999996,4,0,2,309750759,522138844,147638620,0.198,0,1,3,19_revenue,revenue,revenue,NovaStar Technologies,2021,M_USD,125.354,19_cost_of_goods_sold,cost_of_goods_sold,cost of goods sold,NovaStar Technologies,2021,M_USD,83.34,19_operating_expenses,operating_expenses,operating expenses,NovaStar Technologies,2021,M_USD,12.957,,,,,,,,,,,,,,,,,,,,,
14,1,"The numbers in the financial_data are all given in thousands. Please answer in numbers, not thousands. What is the value of the longterm liabilities for Atlas Global Industries in 2024 ?",What is the value of the longterm liabilities for Atlas Global Industries in 2024 ?,unit_scale_change,,longterm_liabilities,"{""derived"": ""longterm_liabilities"", ""expanded"": {""op"": ""diff"", ""left"": {""leaf"": ""28_total_liabilities"", ""depth"": 0}, ""right"": {""leaf"": ""28_current_liabilities"", ""depth"": 0}, ""depth"": 1}, ""depth"": 1}","{""kind"": ""derived_concept"", ""name"": ""longterm_liabilities"", ""depth"": 0}",31124.999999999996,2,0,1,353579871,737346098,147638620,0.525,0,1,2,28_total_liabilities,total_liabilities,total liabilities,Atlas Global Industries,2024,M_USD,53.407,28_current_liabilities,current_liabilities,current liabilities,Atlas Global Industries,2024,M_USD,22.282,,,,,,,,,,,,,,,,,,,,,,,,,,,,
15,1,"The numbers in the financial_data are all given in thousands. Please answer in numbers, not thousands. state the longterm liabilities for Pinnacle Health Group in 2023.",state the longterm liabilities for Pinnacle Health Group in 2023.,unit_scale_change,,longterm_liabilities,"{""derived"": ""longterm_liabilities"", ""expanded"": {""op"": ""diff"", ""left"": {""leaf"": ""33_total_liabilities"", ""depth"": 0}, ""right"": {""leaf"": ""33_current_liabilities"", ""depth"": 0}, ""depth"": 1}, ""depth"": 1}","{""kind"": ""derived_concept"", ""name"": ""longterm_liabilities"", ""depth"": 0}",5170.999999999999,2,0,1,261730974,501064094,147638620,0.396,0,1,2,33_total_liabilities,total_liabilities,total liabilities,Pinnacle Health Group,2023,M_USD,9.629,33_current_liabilities,current_liabilities,current liabilities,Pinnacle Health Group,2023,M_USD,4.458,,,,,,,,,,,,,,,,,,,,,,,,,,,,
19,1,"The numbers in the financial_data are all given in thousands. Please answer in numbers, not thousands. What would be the gross profit for Cobalt Semiconductor in 2024?",What would be the gross profit for Cobalt Semiconductor in 2024?,unit_scale_change,,gross_profit,"{""derived"": ""gross_profit"", ""expanded"": {""op"": ""diff"", ""left"": {""leaf"": ""70_revenue"", ""depth"": 0}, ""right"": {""leaf"": ""70_cost_of_goods_sold"", ""depth"": 0}, ""depth"": 1}, ""depth"": 1}","{""kind"": ""derived_concept"", ""name"": ""gross_profit"", ""depth"": 0}",21883.000000000004,3,0,1,367584748,394377575,147638620,0.148,0,1,2,70_revenue,revenue,revenue,Cobalt Semiconductor,2024,M_USD,52.725,70_cost_of_goods_sold,cost_of_goods_sold,cost of goods sold,Cobalt Semiconductor,2024,M_USD,30.842,,,,,,,,,,,,,,,,,,,,,,,,,,,,
19,4,"The numbers in the financial_data are all given in thousands. Please answer in numbers, not thousands. What is the longterm assets for Apex Dynamics Corp in 2023 ?",What is the longterm assets for Apex Dynamics Corp in 2023 ?,unit_scale_change,,longterm_assets,"{""derived"": ""longterm_assets"", ""expanded"": {""op"": ""diff"", ""left"": {""leaf"": ""3_total_assets"", ""depth"": 0}, ""right"": {""derived"": ""current_assets"", ""expanded"": {""op"": ""sum"", ""left"": {""op"": ""sum"", ""left"": {""op"": ""sum"", ""left"": {""leaf"": ""3_cash"", ""depth"": 0}, ""right"": {""leaf"": ""3_accounts_receivable"", ""depth"": 0}, ""depth"": 1}, ""right"": {""leaf"": ""3_inventories"", ""depth"": 0}, ""depth"": 2}, ""right"": {""leaf"": ""3_short_term_investments"", ""depth"": 0}, ""depth"": 3}, ""depth"": 3}, ""depth"": 4}, ""depth"": 4}","{""kind"": ""derived_concept"", ""name"": ""longterm_assets"", ""depth"": 0}",111691.0,3,0,4,526551023,592806304,147638620,0.461,0,1,5,3_total_assets,total_assets,total assets,Apex Dynamics Corp,2023,M_USD,148.589,3_cash,cash,cash,Apex Dynamics Corp,2023,M_USD,13.282,3_accounts_receivable,accounts_receivable,accounts receivable,Apex Dynamics Corp,2023,M_USD,11.694,3_inventories,inventories,inventories,Apex Dynamics Corp,2023,M_USD,5.868,3_short_term_investments,short_term_investments,short term investments,Apex Dynamics Corp,2023,M_USD,6.054,,,,,,,
19,2,"The numbers in the financial_data are all given in thousands. Please answer in numbers, not thousands. Compute the difference between gross profit and inventories for Quantum Bridge Holdings in 2023.",Compute the difference between gross profit and inventories for Quantum Bridge Holdings in 2023.,unit_scale_change,,"diff(gross_profit, 15_inventories)","{""op"": ""diff"", ""left"": {""derived"": ""gross_profit"", ""expanded"": {""op"": ""diff"", ""left"": {""leaf"": ""15_revenue"", ""depth"": 0}, ""right"": {""leaf"": ""15_cost_of_goods_sold"", ""depth"": 0}, ""depth"": 1}, ""depth"": 1}, ""right"": {""leaf"": ""15_inventories"", ""depth"": 0}, ""depth"": 2}","{""op"": ""diff"", ""left"": {""kind"": ""derived_concept"", ""name"": ""gross_profit"", ""depth"": 0}, ""right"": {""kind"": ""leaf"", ""semantic_type_in"": [""amount""], ""depth"": 0}, ""depth"": 1, ""kind"": ""node""}",55080.0,4,1,2,54727347,342137076,147638620,0.247,1,2,3,15_revenue,revenue,revenue,Quantum Bridge Holdings,2023,M_USD,86.108,15_cost_of_goods_sold,cost_of_goods_sold,cost of goods sold,Quantum Bridge Holdings,2023,M_USD,28.498,15_inventories,inventories,inventories,Quantum Bridge Holdings,2023,M_USD,2.53,,,,,,,,,,,,,,,,,,,,,
19,1,"The numbers in the financial_data are all given in thousands. Please answer in numbers, not thousands. Could you give the gross profit for Meridian Systems Inc in 2023 ?",Could you give the gross profit for Meridian Systems Inc in 2023 ?,unit_scale_change,,gross_profit,"{""derived"": ""gross_profit"", ""expanded"": {""op"": ""diff"", ""left"": {""leaf"": ""9_revenue"", ""depth"": 0}, ""right"": {""leaf"": ""9_cost_of_goods_sold"", ""depth"": 0}, ""depth"": 1}, ""depth"": 1}","{""kind"": ""derived_concept"", ""name"": ""gross_profit"", ""depth"": 0}",72411.0,4,0,1,393909090,81402814,147638620,0.297,0,1,2,9_revenue,revenue,revenue,Meridian Systems Inc,2023,M_USD,166.363,9_cost_of_goods_sold,cost_of_goods_sold,cost of goods sold,Meridian Systems Inc,2023,M_USD,93.952,,,,,,,,,,,,,,,,,,,,,,,,,,,,
19,1,"The numbers in the financial_data are all given in thousands. Please answer in numbers, not thousands. May you give the gross profit for Orion Financial Group in 2022 ?",May you give the gross profit for Orion Financial Group in 2022 ?,unit_scale_change,,gross_profit,"{""derived"": ""gross_profit"", ""expanded"": {""op"": ""diff"", ""left"": {""leaf"": ""56_revenue"", ""depth"": 0}, ""right"": {""leaf"": ""56_cost_of_goods_sold"", ""depth"": 0}, ""depth"": 1}, ""depth"": 1}","{""kind"": ""derived_concept"", ""name"": ""gross_profit"", ""depth"": 0}",51603.0,2,0,1,554883698,493637600,147638620,0.551,0,1,2,56_revenue,revenue,revenue,Orion Financial Group,2022,M_USD,115.348,56_cost_of_goods_sold,cost_of_goods_sold,cost of goods sold,Orion Financial Group,2022,M_USD,63.745,,,,,,,,,,,,,,,,,,,,,,,,,,,,
19,1,"The numbers in the financial_data are all given in thousands. Please answer in numbers, not thousands. determine the gross profit for Quantum Bridge Holdings in 2023",determine the gross profit for Quantum Bridge Holdings in 2023,unit_scale_change,,gross_profit,"{""derived"": ""gross_profit"", ""expanded"": {""op"": ""diff"", ""left"": {""leaf"": ""15_revenue"", ""depth"": 0}, ""right"": {""leaf"": ""15_cost_of_goods_sold"", ""depth"": 0}, ""depth"": 1}, ""depth"": 1}","{""kind"": ""derived_concept"", ""name"": ""gross_profit"", ""depth"": 0}",57610.0,2,0,1,982426733,174054442,147638620,0.407,0,1,2,15_revenue,revenue,revenue,Quantum Bridge Holdings,2023,M_USD,86.108,15_cost_of_goods_sold,cost_of_goods_sold,cost of goods sold,Quantum Bridge Holdings,2023,M_USD,28.498,,,,,,,,,,,,,,,,,,,,,,,,,,,,
19,2,"The numbers in the financial_data are all given in thousands. Please answer in numbers, not thousands. provide the operating income for Pacific Crest Energy in 2023.",provide the operating income for Pacific Crest Energy in 2023.,unit_scale_change,,operating_income,"{""derived"": ""operating_income"", ""expanded"": {""op"": ""diff"", ""left"": {""derived"": ""gross_profit"", ""expanded"": {""op"": ""diff"", ""left"": {""leaf"": ""51_revenue"", ""depth"": 0}, ""right"": {""leaf"": ""51_cost_of_goods_sold"", ""depth"": 0}, ""depth"": 1}, ""depth"": 1}, ""right"": {""leaf"": ""51_operating_expenses"", ""depth"": 0}, ""depth"": 2}, ""depth"": 2}","{""kind"": ""derived_concept"", ""name"": ""operating_income"", ""depth"": 0}",31562.000000000004,3,0,2,231498819,707809635,147638620,0.284,0,1,3,51_revenue,revenue,revenue,Pacific Crest Energy,2023,M_USD,185.506,51_cost_of_goods_sold,cost_of_goods_sold,cost of goods sold,Pacific Crest Energy,2023,M_USD,111.318,51_operating_expenses,operating_expenses,operating expenses,Pacific Crest Energy,2023,M_USD,42.626,,,,,,,,,,,,,,,,,,,,,
20,3,"The numbers in the financial_data are all given in thousands. Please answer in numbers, not thousands. Which value corresponds to the current assets for Helix BioSciences in 2020",Which value corresponds to the current assets for Helix BioSciences in 2020,unit_scale_change,,current_assets,"{""derived"": ""current_assets"", ""expanded"": {""op"": ""sum"", ""left"": {""op"": ""sum"", ""left"": {""op"": ""sum"", ""left"": {""leaf"": ""72_cash"", ""depth"": 0}, ""right"": {""leaf"": ""72_accounts_receivable"", ""depth"": 0}, ""depth"": 1}, ""right"": {""leaf"": ""72_inventories"", ""depth"": 0}, ""depth"": 2}, ""right"": {""leaf"": ""72_short_term_investments"", ""depth"": 0}, ""depth"": 3}, ""depth"": 3}","{""kind"": ""derived_concept"", ""name"": ""current_assets"", ""depth"": 0}",93271.99999999999,2,0,3,871138758,807329985,147638620,0.125,0,1,4,72_cash,cash,cash,Helix BioSciences,2020,M_USD,27.177,72_accounts_receivable,accounts_receivable,accounts receivable,Helix BioSciences,2020,M_USD,20.427,72_inventories,inventories,inventories,Helix BioSciences,2020,M_USD,17.743,72_short_term_investments,short_term_investments,short term investments,Helix BioSciences,2020,M_USD,27.925,,,,,,,,,,,,,,
23,1,"The numbers in the financial_data are all given in thousands. Please answer in numbers, not thousands. Which value corresponds to the longterm liabilities for Helix BioSciences in 2021?",Which value corresponds to the longterm liabilities for Helix BioSciences in 2021?,unit_scale_change,,longterm_liabilities,"{""derived"": ""longterm_liabilities"", ""expanded"": {""op"": ""diff"", ""left"": {""leaf"": ""73_total_liabilities"", ""depth"": 0}, ""right"": {""leaf"": ""73_current_liabilities"", ""depth"": 0}, ""depth"": 1}, ""depth"": 1}","{""kind"": ""derived_concept"", ""name"": ""longterm_liabilities"", ""depth"": 0}",68263.0,3,0,1,476409733,987097245,147638620,0.592,0,1,2,73_total_liabilities,total_liabilities,total liabilities,Helix BioSciences,2021,M_USD,96.102,73_current_liabilities,current_liabilities,current liabilities,Helix BioSciences,2021,M_USD,27.839,,,,,,,,,,,,,,,,,,,,,,,,,,,,
26,2,"The numbers in the financial_data are all given in thousands. Please answer in numbers, not thousands. which result follows from the result of longterm liabilities scaled by ratio of dividends paid to cash for Ironclad Manufacturing in 2024 ?",which result follows from the result of longterm liabilities scaled by ratio of dividends paid to cash for Ironclad Manufacturing in 2024 ?,unit_scale_change,,"mul(longterm_liabilities, ratio(40_dividends_paid, 40_cash))","{""op"": ""mul"", ""left"": {""derived"": ""longterm_liabilities"", ""expanded"": {""op"": ""diff"", ""left"": {""leaf"": ""40_total_liabilities"", ""depth"": 0}, ""right"": {""leaf"": ""40_current_liabilities"", ""depth"": 0}, ""depth"": 1}, ""depth"": 1}, ""right"": {""op"": ""ratio"", ""left"": {""leaf"": ""40_dividends_paid"", ""depth"": 0}, ""right"": {""leaf"": ""40_cash"", ""depth"": 0}, ""depth"": 1}, ""depth"": 2}","{""op"": ""mul"", ""left"": {""kind"": ""derived_concept"", ""name"": ""longterm_liabilities"", ""depth"": 0}, ""right"": {""op"": ""ratio"", ""left"": {""kind"": ""leaf"", ""semantic_type_in"": [""amount""], ""depth"": 0}, ""right"": {""kind"": ""leaf"", ""semantic_type_in"": [""amount""], ""depth"": 0}, ""depth"": 1, ""kind"": ""node""}, ""depth"": 2, ""kind"": ""node""}",60357.0179759924,3,2,2,619292093,321892831,147638620,0.428,2,3,4,40_total_liabilities,total_liabilities,total liabilities,Ironclad Manufacturing,2024,M_USD,325.872,40_current_liabilities,current_liabilities,current liabilities,Ironclad Manufacturing,2024,M_USD,103.109,40_dividends_paid,dividends_paid,dividends paid,Ironclad Manufacturing,2024,M_USD,9.119,40_cash,cash,cash,Ironclad Manufacturing,2024,M_USD,33.656,,,,,,,,,,,,,,
29,1,"The numbers in the financial_data are all given in thousands. Please answer in numbers, not thousands. Provide the gross profit for Pacific Crest Energy in 2020 .",Provide the gross profit for Pacific Crest Energy in 2020 .,unit_scale_change,,gross_profit,"{""derived"": ""gross_profit"", ""expanded"": {""op"": ""diff"", ""left"": {""leaf"": ""48_revenue"", ""depth"": 0}, ""right"": {""leaf"": ""48_cost_of_goods_sold"", ""depth"": 0}, ""depth"": 1}, ""depth"": 1}","{""kind"": ""derived_concept"", ""name"": ""gross_profit"", ""depth"": 0}",51333.000000000015,2,0,1,26919747,988210065,147638620,0.445,0,1,2,48_revenue,revenue,revenue,Pacific Crest Energy,2020,M_USD,160.549,48_cost_of_goods_sold,cost_of_goods_sold,cost of goods sold,Pacific Crest Energy,2020,M_USD,109.216,,,,,,,,,,,,,,,,,,,,,,,,,,,,
32,1,"The numbers in the financial_data are all given in thousands. Please answer in numbers, not thousands. may you give the gross profit for NovaStar Technologies in 2022",may you give the gross profit for NovaStar Technologies in 2022,unit_scale_change,,gross_profit,"{""derived"": ""gross_profit"", ""expanded"": {""op"": ""diff"", ""left"": {""leaf"": ""20_revenue"", ""depth"": 0}, ""right"": {""leaf"": ""20_cost_of_goods_sold"", ""depth"": 0}, ""depth"": 1}, ""depth"": 1}","{""kind"": ""derived_concept"", ""name"": ""gross_profit"", ""depth"": 0}",85736.0,3,0,1,616188060,857238853,147638620,0.135,0,1,2,20_revenue,revenue,revenue,NovaStar Technologies,2022,M_USD,149.263,20_cost_of_goods_sold,cost_of_goods_sold,cost of goods sold,NovaStar Technologies,2022,M_USD,63.527,,,,,,,,,,,,,,,,,,,,,,,,,,,,
32,3,"The numbers in the financial_data are all given in thousands. Please answer in numbers, not thousands. Calculate the pretax income for SilverLine Retail Inc in 2020.",Calculate the pretax income for SilverLine Retail Inc in 2020.,unit_scale_change,,pretax_income,"{""derived"": ""pretax_income"", ""expanded"": {""op"": ""diff"", ""left"": {""derived"": ""operating_income"", ""expanded"": {""op"": ""diff"", ""left"": {""derived"": ""gross_profit"", ""expanded"": {""op"": ""diff"", ""left"": {""leaf"": ""42_revenue"", ""depth"": 0}, ""right"": {""leaf"": ""42_cost_of_goods_sold"", ""depth"": 0}, ""depth"": 1}, ""depth"": 1}, ""right"": {""leaf"": ""42_operating_expenses"", ""depth"": 0}, ""depth"": 2}, ""depth"": 2}, ""right"": {""leaf"": ""42_non_operating_expenses"", ""depth"": 0}, ""depth"": 3}, ""depth"": 3}","{""kind"": ""derived_concept"", ""name"": ""pretax_income"", ""depth"": 0}",176921.99999999997,4,0,3,507632058,576541015,147638620,0.32,0,1,4,42_revenue,revenue,revenue,SilverLine Retail Inc,2020,M_USD,553.885,42_cost_of_goods_sold,cost_of_goods_sold,cost of goods sold,SilverLine Retail Inc,2020,M_USD,233.341,42_operating_expenses,operating_expenses,operating expenses,SilverLine Retail Inc,2020,M_USD,32.151,42_non_operating_expenses,non_operating_expenses,non operating expenses,SilverLine Retail Inc,2020,M_USD,111.471,,,,,,,,,,,,,,
33,1,"The numbers in the financial_data are all given in thousands. Please answer in numbers, not thousands. What do we obtain as the longterm liabilities for Crimson Pharmaceuticals in 2020?",What do we obtain as the longterm liabilities for Crimson Pharmaceuticals in 2020?,unit_scale_change,,longterm_liabilities,"{""derived"": ""longterm_liabilities"", ""expanded"": {""op"": ""diff"", ""left"": {""leaf"": ""84_total_liabilities"", ""depth"": 0}, ""right"": {""leaf"": ""84_current_liabilities"", ""depth"": 0}, ""depth"": 1}, ""depth"": 1}","{""kind"": ""derived_concept"", ""name"": ""longterm_liabilities"", ""depth"": 0}",89175.99999999999,3,0,1,736977444,953902723,147638620,0.47,0,1,2,84_total_liabilities,total_liabilities,total liabilities,Crimson Pharmaceuticals,2020,M_USD,152.16,84_current_liabilities,current_liabilities,current liabilities,Crimson Pharmaceuticals,2020,M_USD,62.984,,,,,,,,,,,,,,,,,,,,,,,,,,,,
38,3,"The numbers in the financial_data are all given in thousands. Please answer in numbers, not thousands. which value corresponds to the current assets for Helix BioSciences in 2021",which value corresponds to the current assets for Helix BioSciences in 2021,unit_scale_change,,current_assets,"{""derived"": ""current_assets"", ""expanded"": {""op"": ""sum"", ""left"": {""op"": ""sum"", ""left"": {""op"": ""sum"", ""left"": {""leaf"": ""73_cash"", ""depth"": 0}, ""right"": {""leaf"": ""73_accounts_receivable"", ""depth"": 0}, ""depth"": 1}, ""right"": {""leaf"": ""73_inventories"", ""depth"": 0}, ""depth"": 2}, ""right"": {""leaf"": ""73_short_term_investments"", ""depth"": 0}, ""depth"": 3}, ""depth"": 3}","{""kind"": ""derived_concept"", ""name"": ""current_assets"", ""depth"": 0}",59327.0,3,0,3,937216392,930885939,147638620,0.513,0,1,4,73_cash,cash,cash,Helix BioSciences,2021,M_USD,18.724,73_accounts_receivable,accounts_receivable,accounts receivable,Helix BioSciences,2021,M_USD,16.808,73_inventories,inventories,inventories,Helix BioSciences,2021,M_USD,5.363,73_short_term_investments,short_term_investments,short term investments,Helix BioSciences,2021,M_USD,18.432,,,,,,,,,,,,,,
38,4,"The numbers in the financial_data are all given in thousands. Please answer in numbers, not thousands. you should give the difference between current assets and capex for Quantum Bridge Holdings in 2021.",you should give the difference between current assets and capex for Quantum Bridge Holdings in 2021.,unit_scale_change,,"diff(current_assets, 13_capex)","{""op"": ""diff"", ""left"": {""derived"": ""current_assets"", ""expanded"": {""op"": ""sum"", ""left"": {""op"": ""sum"", ""left"": {""op"": ""sum"", ""left"": {""leaf"": ""13_cash"", ""depth"": 0}, ""right"": {""leaf"": ""13_accounts_receivable"", ""depth"": 0}, ""depth"": 1}, ""right"": {""leaf"": ""13_inventories"", ""depth"": 0}, ""depth"": 2}, ""right"": {""leaf"": ""13_short_term_investments"", ""depth"": 0}, ""depth"": 3}, ""depth"": 3}, ""right"": {""leaf"": ""13_capex"", ""depth"": 0}, ""depth"": 4}","{""op"": ""diff"", ""left"": {""kind"": ""derived_concept"", ""name"": ""current_assets"", ""depth"": 0}, ""right"": {""kind"": ""leaf"", ""semantic_type_in"": [""amount""], ""depth"": 0}, ""depth"": 1, ""kind"": ""node""}",24836.000000000004,3,1,4,119369280,531881087,147638620,0.288,1,2,5,13_cash,cash,cash,Quantum Bridge Holdings,2021,M_USD,2.853,13_accounts_receivable,accounts_receivable,accounts receivable,Quantum Bridge Holdings,2021,M_USD,10.585,13_inventories,inventories,inventories,Quantum Bridge Holdings,2021,M_USD,4.34,13_short_term_investments,short_term_investments,short term investments,Quantum Bridge Holdings,2021,M_USD,9.002,13_capex,capex,capex,Quantum Bridge Holdings,2021,M_USD,1.944,,,,,,,
38,4,"The numbers in the financial_data are all given in thousands. Please answer in numbers, not thousands. state the longterm assets for Pacific Crest Energy in 2022",state the longterm assets for Pacific Crest Energy in 2022,unit_scale_change,,longterm_assets,"{""derived"": ""longterm_assets"", ""expanded"": {""op"": ""diff"", ""left"": {""leaf"": ""50_total_assets"", ""depth"": 0}, ""right"": {""derived"": ""current_assets"", ""expanded"": {""op"": ""sum"", ""left"": {""op"": ""sum"", ""left"": {""op"": ""sum"", ""left"": {""leaf"": ""50_cash"", ""depth"": 0}, ""right"": {""leaf"": ""50_accounts_receivable"", ""depth"": 0}, ""depth"": 1}, ""right"": {""leaf"": ""50_inventories"", ""depth"": 0}, ""depth"": 2}, ""right"": {""leaf"": ""50_short_term_investments"", ""depth"": 0}, ""depth"": 3}, ""depth"": 3}, ""depth"": 4}, ""depth"": 4}","{""kind"": ""derived_concept"", ""name"": ""longterm_assets"", ""depth"": 0}",202526.0,4,0,4,451665908,867196763,147638620,0.475,0,1,5,50_total_assets,total_assets,total assets,Pacific Crest Energy,2022,M_USD,298.285,50_cash,cash,cash,Pacific Crest Energy,2022,M_USD,53.69,50_accounts_receivable,accounts_receivable,accounts receivable,Pacific Crest Energy,2022,M_USD,10.261,50_inventories,inventories,inventories,Pacific Crest Energy,2022,M_USD,3.373,50_short_term_investments,short_term_investments,short term investments,Pacific Crest Energy,2022,M_USD,28.435,,,,,,,
38,3,"The numbers in the financial_data are all given in thousands. Please answer in numbers, not thousands. what does the following give: current assets for Crimson Pharmaceuticals in 2023 ?",what does the following give: current assets for Crimson Pharmaceuticals in 2023 ?,unit_scale_change,,current_assets,"{""derived"": ""current_assets"", ""expanded"": {""op"": ""sum"", ""left"": {""op"": ""sum"", ""left"": {""op"": ""sum"", ""left"": {""leaf"": ""87_cash"", ""depth"": 0}, ""right"": {""leaf"": ""87_accounts_receivable"", ""depth"": 0}, ""depth"": 1}, ""right"": {""leaf"": ""87_inventories"", ""depth"": 0}, ""depth"": 2}, ""right"": {""leaf"": ""87_short_term_investments"", ""depth"": 0}, ""depth"": 3}, ""depth"": 3}","{""kind"": ""derived_concept"", ""name"": ""current_assets"", ""depth"": 0}",255431.99999999997,3,0,3,179191159,690971013,147638620,0.25,0,1,4,87_cash,cash,cash,Crimson Pharmaceuticals,2023,M_USD,158.784,87_accounts_receivable,accounts_receivable,accounts receivable,Crimson Pharmaceuticals,2023,M_USD,30.873,87_inventories,inventories,inventories,Crimson Pharmaceuticals,2023,M_USD,17.26,87_short_term_investments,short_term_investments,short term investments,Crimson Pharmaceuticals,2023,M_USD,48.515,,,,,,,,,,,,,,
38,1,"The numbers in the financial_data are all given in thousands. Please answer in numbers, not thousands. which value corresponds to the longterm liabilities for Helix BioSciences in 2023 ?",which value corresponds to the longterm liabilities for Helix BioSciences in 2023 ?,unit_scale_change,,longterm_liabilities,"{""derived"": ""longterm_liabilities"", ""expanded"": {""op"": ""diff"", ""left"": {""leaf"": ""75_total_liabilities"", ""depth"": 0}, ""right"": {""leaf"": ""75_current_liabilities"", ""depth"": 0}, ""depth"": 1}, ""depth"": 1}","{""kind"": ""derived_concept"", ""name"": ""longterm_liabilities"", ""depth"": 0}",77835.0,2,0,1,852057483,371319192,147638620,0.431,0,1,2,75_total_liabilities,total_liabilities,total liabilities,Helix BioSciences,2023,M_USD,132.261,75_current_liabilities,current_liabilities,current liabilities,Helix BioSciences,2023,M_USD,54.426,,,,,,,,,,,,,,,,,,,,,,,,,,,,
38,1,"The numbers in the financial_data are all given in thousands. Please answer in numbers, not thousands. State the longterm liabilities for Pacific Crest Energy in 2022",State the longterm liabilities for Pacific Crest Energy in 2022,unit_scale_change,,longterm_liabilities,"{""derived"": ""longterm_liabilities"", ""expanded"": {""op"": ""diff"", ""left"": {""leaf"": ""50_total_liabilities"", ""depth"": 0}, ""right"": {""leaf"": ""50_current_liabilities"", ""depth"": 0}, ""depth"": 1}, ""depth"": 1}","{""kind"": ""derived_concept"", ""name"": ""longterm_liabilities"", ""depth"": 0}",114281.99999999999,4,0,1,148459222,198383320,147638620,0.377,0,1,2,50_total_liabilities,total_liabilities,total liabilities,Pacific Crest Energy,2022,M_USD,174.646,50_current_liabilities,current_liabilities,current liabilities,Pacific Crest Energy,2022,M_USD,60.364,,,,,,,,,,,,,,,,,,,,,,,,,,,,
39,1,"The numbers in the financial_data are all given in thousands. Please answer in numbers, not thousands. which result follows from the gross profit for Ironclad Manufacturing in 2024 ?",which result follows from the gross profit for Ironclad Manufacturing in 2024 ?,unit_scale_change,,gross_profit,"{""derived"": ""gross_profit"", ""expanded"": {""op"": ""diff"", ""left"": {""leaf"": ""40_revenue"", ""depth"": 0}, ""right"": {""leaf"": ""40_cost_of_goods_sold"", ""depth"": 0}, ""depth"": 1}, ""depth"": 1}","{""kind"": ""derived_concept"", ""name"": ""gross_profit"", ""depth"": 0}",308149.0,4,0,1,137475357,382242880,147638620,0.365,0,1,2,40_revenue,revenue,revenue,Ironclad Manufacturing,2024,M_USD,461.322,40_cost_of_goods_sold,cost_of_goods_sold,cost of goods sold,Ironclad Manufacturing,2024,M_USD,153.173,,,,,,,,,,,,,,,,,,,,,,,,,,,,
39,1,"The numbers in the financial_data are all given in thousands. Please answer in numbers, not thousands. State the gross profit for Pinnacle Health Group in 2023",State the gross profit for Pinnacle Health Group in 2023,unit_scale_change,,gross_profit,"{""derived"": ""gross_profit"", ""expanded"": {""op"": ""diff"", ""left"": {""leaf"": ""33_revenue"", ""depth"": 0}, ""right"": {""leaf"": ""33_cost_of_goods_sold"", ""depth"": 0}, ""depth"": 1}, ""depth"": 1}","{""kind"": ""derived_concept"", ""name"": ""gross_profit"", ""depth"": 0}",9679.0,2,0,1,478348381,399740595,147638620,0.544,0,1,2,33_revenue,revenue,revenue,Pinnacle Health Group,2023,M_USD,19.203,33_cost_of_goods_sold,cost_of_goods_sold,cost of goods sold,Pinnacle Health Group,2023,M_USD,9.524,,,,,,,,,,,,,,,,,,,,,,,,,,,,
39,3,"The numbers in the financial_data are all given in thousands. Please answer in numbers, not thousands. May you give the current assets for NovaStar Technologies in 2023",May you give the current assets for NovaStar Technologies in 2023,unit_scale_change,,current_assets,"{""derived"": ""current_assets"", ""expanded"": {""op"": ""sum"", ""left"": {""op"": ""sum"", ""left"": {""op"": ""sum"", ""left"": {""leaf"": ""21_cash"", ""depth"": 0}, ""right"": {""leaf"": ""21_accounts_receivable"", ""depth"": 0}, ""depth"": 1}, ""right"": {""leaf"": ""21_inventories"", ""depth"": 0}, ""depth"": 2}, ""right"": {""leaf"": ""21_short_term_investments"", ""depth"": 0}, ""depth"": 3}, ""depth"": 3}","{""kind"": ""derived_concept"", ""name"": ""current_assets"", ""depth"": 0}",159103.99999999997,2,0,3,322348818,677658556,147638620,0.29,0,1,4,21_cash,cash,cash,NovaStar Technologies,2023,M_USD,78.005,21_accounts_receivable,accounts_receivable,accounts receivable,NovaStar Technologies,2023,M_USD,17.765,21_inventories,inventories,inventories,NovaStar Technologies,2023,M_USD,8.748,21_short_term_investments,short_term_investments,short term investments,NovaStar Technologies,2023,M_USD,54.586,,,,,,,,,,,,,,
39,1,"The numbers in the financial_data are all given in thousands. Please answer in numbers, not thousands. What do we obtain as the gross profit for Cobalt Semiconductor in 2024 ?",What do we obtain as the gross profit for Cobalt Semiconductor in 2024 ?,unit_scale_change,,gross_profit,"{""derived"": ""gross_profit"", ""expanded"": {""op"": ""diff"", ""left"": {""leaf"": ""70_revenue"", ""depth"": 0}, ""right"": {""leaf"": ""70_cost_of_goods_sold"", ""depth"": 0}, ""depth"": 1}, ""depth"": 1}","{""kind"": ""derived_concept"", ""name"": ""gross_profit"", ""depth"": 0}",21883.000000000004,3,0,1,491038282,229674160,147638620,0.563,0,1,2,70_revenue,revenue,revenue,Cobalt Semiconductor,2024,M_USD,52.725,70_cost_of_goods_sold,cost_of_goods_sold,cost of goods sold,Cobalt Semiconductor,2024,M_USD,30.842,,,,,,,,,,,,,,,,,,,,,,,,,,,,
42,1,"The numbers in the financial_data are all given in thousands. Please answer in numbers, not thousands. you should give the gross profit for Cobalt Semiconductor in 2021.",you should give the gross profit for Cobalt Semiconductor in 2021.,unit_scale_change,,gross_profit,"{""derived"": ""gross_profit"", ""expanded"": {""op"": ""diff"", ""left"": {""leaf"": ""67_revenue"", ""depth"": 0}, ""right"": {""leaf"": ""67_cost_of_goods_sold"", ""depth"": 0}, ""depth"": 1}, ""depth"": 1}","{""kind"": ""derived_concept"", ""name"": ""gross_profit"", ""depth"": 0}",24795.0,4,0,1,410054184,965569641,147638620,0.521,0,1,2,67_revenue,revenue,revenue,Cobalt Semiconductor,2021,M_USD,52.817,67_cost_of_goods_sold,cost_of_goods_sold,cost of goods sold,Cobalt Semiconductor,2021,M_USD,28.022,,,,,,,,,,,,,,,,,,,,,,,,,,,,
45,1,"The numbers in the financial_data are all given in thousands. Please answer in numbers, not thousands. What does the following give: gross profit for Helix BioSciences in 2020?",What does the following give: gross profit for Helix BioSciences in 2020?,unit_scale_change,,gross_profit,"{""derived"": ""gross_profit"", ""expanded"": {""op"": ""diff"", ""left"": {""leaf"": ""72_revenue"", ""depth"": 0}, ""right"": {""leaf"": ""72_cost_of_goods_sold"", ""depth"": 0}, ""depth"": 1}, ""depth"": 1}","{""kind"": ""derived_concept"", ""name"": ""gross_profit"", ""depth"": 0}",69721.99999999999,2,0,1,721711314,229165052,147638620,0.416,0,1,2,72_revenue,revenue,revenue,Helix BioSciences,2020,M_USD,214.045,72_cost_of_goods_sold,cost_of_goods_sold,cost of goods sold,Helix BioSciences,2020,M_USD,144.323,,,,,,,,,,,,,,,,,,,,,,,,,,,,
51,3,"The numbers in the financial_data are all given in thousands. Please answer in numbers, not thousands. determine the current assets for Pinnacle Health Group in 2024 .",determine the current assets for Pinnacle Health Group in 2024 .,unit_scale_change,,current_assets,"{""derived"": ""current_assets"", ""expanded"": {""op"": ""sum"", ""left"": {""op"": ""sum"", ""left"": {""op"": ""sum"", ""left"": {""leaf"": ""34_cash"", ""depth"": 0}, ""right"": {""leaf"": ""34_accounts_receivable"", ""depth"": 0}, ""depth"": 1}, ""right"": {""leaf"": ""34_inventories"", ""depth"": 0}, ""depth"": 2}, ""right"": {""leaf"": ""34_short_term_investments"", ""depth"": 0}, ""depth"": 3}, ""depth"": 3}","{""kind"": ""derived_concept"", ""name"": ""current_assets"", ""depth"": 0}",9579.0,3,0,3,650485773,271314882,147638620,0.126,0,1,4,34_cash,cash,cash,Pinnacle Health Group,2024,M_USD,3.962,34_accounts_receivable,accounts_receivable,accounts receivable,Pinnacle Health Group,2024,M_USD,2.682,34_inventories,inventories,inventories,Pinnacle Health Group,2024,M_USD,1.096,34_short_term_investments,short_term_investments,short term investments,Pinnacle Health Group,2024,M_USD,1.839,,,,,,,,,,,,,,
53,2,"The numbers in the financial_data are all given in thousands. Please answer in numbers, not thousands. Whats the value of the difference between gross profit and longterm liabilities for ClearPath Logistics in 2022 ?",Whats the value of the difference between gross profit and longterm liabilities for ClearPath Logistics in 2022 ?,unit_scale_change,,"diff(gross_profit, longterm_liabilities)","{""op"": ""diff"", ""left"": {""derived"": ""gross_profit"", ""expanded"": {""op"": ""diff"", ""left"": {""leaf"": ""80_revenue"", ""depth"": 0}, ""right"": {""leaf"": ""80_cost_of_goods_sold"", ""depth"": 0}, ""depth"": 1}, ""depth"": 1}, ""right"": {""derived"": ""longterm_liabilities"", ""expanded"": {""op"": ""diff"", ""left"": {""leaf"": ""80_total_liabilities"", ""depth"": 0}, ""right"": {""leaf"": ""80_current_liabilities"", ""depth"": 0}, ""depth"": 1}, ""depth"": 1}, ""depth"": 2}","{""op"": ""diff"", ""left"": {""kind"": ""derived_concept"", ""name"": ""gross_profit"", ""depth"": 0}, ""right"": {""kind"": ""derived_concept"", ""name"": ""longterm_liabilities"", ""depth"": 0}, ""depth"": 1, ""kind"": ""node""}",56958.00000000003,4,1,2,764858892,433480062,147638620,0.548,1,2,4,80_revenue,revenue,revenue,ClearPath Logistics,2022,M_USD,567.176,80_cost_of_goods_sold,cost_of_goods_sold,cost of goods sold,ClearPath Logistics,2022,M_USD,372.136,80_total_liabilities,total_liabilities,total liabilities,ClearPath Logistics,2022,M_USD,201.28,80_current_liabilities,current_liabilities,current liabilities,ClearPath Logistics,2022,M_USD,63.198,,,,,,,,,,,,,,
53,3,"The numbers in the financial_data are all given in thousands. Please answer in numbers, not thousands. What's the value of the current assets for Atlas Global Industries in 2021?",What's the value of the current assets for Atlas Global Industries in 2021?,unit_scale_change,,current_assets,"{""derived"": ""current_assets"", ""expanded"": {""op"": ""sum"", ""left"": {""op"": ""sum"", ""left"": {""op"": ""sum"", ""left"": {""leaf"": ""25_cash"", ""depth"": 0}, ""right"": {""leaf"": ""25_accounts_receivable"", ""depth"": 0}, ""depth"": 1}, ""right"": {""leaf"": ""25_inventories"", ""depth"": 0}, ""depth"": 2}, ""right"": {""leaf"": ""25_short_term_investments"", ""depth"": 0}, ""depth"": 3}, ""depth"": 3}","{""kind"": ""derived_concept"", ""name"": ""current_assets"", ""depth"": 0}",47359.00000000001,2,0,3,814790865,862374893,147638620,0.326,0,1,4,25_cash,cash,cash,Atlas Global Industries,2021,M_USD,24.706,25_accounts_receivable,accounts_receivable,accounts receivable,Atlas Global Industries,2021,M_USD,7.753,25_inventories,inventories,inventories,Atlas Global Industries,2021,M_USD,4.731,25_short_term_investments,short_term_investments,short term investments,Atlas Global Industries,2021,M_USD,10.169,,,,,,,,,,,,,,
53,1,"The numbers in the financial_data are all given in thousands. Please answer in numbers, not thousands. May you calculate the longterm liabilities for NovaStar Technologies in 2022 ?",May you calculate the longterm liabilities for NovaStar Technologies in 2022 ?,unit_scale_change,,longterm_liabilities,"{""derived"": ""longterm_liabilities"", ""expanded"": {""op"": ""diff"", ""left"": {""leaf"": ""20_total_liabilities"", ""depth"": 0}, ""right"": {""leaf"": ""20_current_liabilities"", ""depth"": 0}, ""depth"": 1}, ""depth"": 1}","{""kind"": ""derived_concept"", ""name"": ""longterm_liabilities"", ""depth"": 0}",79960.00000000001,2,0,1,469477677,576563820,147638620,0.145,0,1,2,20_total_liabilities,total_liabilities,total liabilities,NovaStar Technologies,2022,M_USD,116.964,20_current_liabilities,current_liabilities,current liabilities,NovaStar Technologies,2022,M_USD,37.004,,,,,,,,,,,,,,,,,,,,,,,,,,,,
54,1,"The numbers in the financial_data are all given in thousands. Please answer in numbers, not thousands. what's the value of the gross profit for Atlas Global Industries in 2023",what's the value of the gross profit for Atlas Global Industries in 2023,unit_scale_change,,gross_profit,"{""derived"": ""gross_profit"", ""expanded"": {""op"": ""diff"", ""left"": {""leaf"": ""27_revenue"", ""depth"": 0}, ""right"": {""leaf"": ""27_cost_of_goods_sold"", ""depth"": 0}, ""depth"": 1}, ""depth"": 1}","{""kind"": ""derived_concept"", ""name"": ""gross_profit"", ""depth"": 0}",56416.0,2,0,1,143009288,796058410,147638620,0.388,0,1,2,27_revenue,revenue,revenue,Atlas Global Industries,2023,M_USD,89.374,27_cost_of_goods_sold,cost_of_goods_sold,cost of goods sold,Atlas Global Industries,2023,M_USD,32.958,,,,,,,,,,,,,,,,,,,,,,,,,,,,
54,3,"The numbers in the financial_data are all given in thousands. Please answer in numbers, not thousands. you should calculate the current assets for Titan Consumer Brands in 2020",you should calculate the current assets for Titan Consumer Brands in 2020,unit_scale_change,,current_assets,"{""derived"": ""current_assets"", ""expanded"": {""op"": ""sum"", ""left"": {""op"": ""sum"", ""left"": {""op"": ""sum"", ""left"": {""leaf"": ""60_cash"", ""depth"": 0}, ""right"": {""leaf"": ""60_accounts_receivable"", ""depth"": 0}, ""depth"": 1}, ""right"": {""leaf"": ""60_inventories"", ""depth"": 0}, ""depth"": 2}, ""right"": {""leaf"": ""60_short_term_investments"", ""depth"": 0}, ""depth"": 3}, ""depth"": 3}","{""kind"": ""derived_concept"", ""name"": ""current_assets"", ""depth"": 0}",243881.0,2,0,3,404298599,399482330,147638620,0.399,0,1,4,60_cash,cash,cash,Titan Consumer Brands,2020,M_USD,126.394,60_accounts_receivable,accounts_receivable,accounts receivable,Titan Consumer Brands,2020,M_USD,32.678,60_inventories,inventories,inventories,Titan Consumer Brands,2020,M_USD,12.797,60_short_term_investments,short_term_investments,short term investments,Titan Consumer Brands,2020,M_USD,72.012,,,,,,,,,,,,,,
55,2,"The numbers in the financial_data are all given in thousands. Please answer in numbers, not thousands. what do we obtain as the difference between gross profit and non operating expenses for Crimson Pharmaceuticals in 2020",what do we obtain as the difference between gross profit and non operating expenses for Crimson Pharmaceuticals in 2020,unit_scale_change,,"diff(gross_profit, 84_non_operating_expenses)","{""op"": ""diff"", ""left"": {""derived"": ""gross_profit"", ""expanded"": {""op"": ""diff"", ""left"": {""leaf"": ""84_revenue"", ""depth"": 0}, ""right"": {""leaf"": ""84_cost_of_goods_sold"", ""depth"": 0}, ""depth"": 1}, ""depth"": 1}, ""right"": {""leaf"": ""84_non_operating_expenses"", ""depth"": 0}, ""depth"": 2}","{""op"": ""diff"", ""left"": {""kind"": ""derived_concept"", ""name"": ""gross_profit"", ""depth"": 0}, ""right"": {""kind"": ""leaf"", ""semantic_type_in"": [""amount""], ""depth"": 0}, ""depth"": 1, ""kind"": ""node""}",198421.0,4,1,2,531565644,90171407,147638620,0.587,1,2,3,84_revenue,revenue,revenue,Crimson Pharmaceuticals,2020,M_USD,463.236,84_cost_of_goods_sold,cost_of_goods_sold,cost of goods sold,Crimson Pharmaceuticals,2020,M_USD,204.759,84_non_operating_expenses,non_operating_expenses,non operating expenses,Crimson Pharmaceuticals,2020,M_USD,60.056,,,,,,,,,,,,,,,,,,,,,
55,3,"The numbers in the financial_data are all given in thousands. Please answer in numbers, not thousands. which result follows from the current assets for Ironclad Manufacturing in 2025?",which result follows from the current assets for Ironclad Manufacturing in 2025?,unit_scale_change,,current_assets,"{""derived"": ""current_assets"", ""expanded"": {""op"": ""sum"", ""left"": {""op"": ""sum"", ""left"": {""op"": ""sum"", ""left"": {""leaf"": ""41_cash"", ""depth"": 0}, ""right"": {""leaf"": ""41_accounts_receivable"", ""depth"": 0}, ""depth"": 1}, ""right"": {""leaf"": ""41_inventories"", ""depth"": 0}, ""depth"": 2}, ""right"": {""leaf"": ""41_short_term_investments"", ""depth"": 0}, ""depth"": 3}, ""depth"": 3}","{""kind"": ""derived_concept"", ""name"": ""current_assets"", ""depth"": 0}",298268.0,2,0,3,424969238,617864938,147638620,0.327,0,1,4,41_cash,cash,cash,Ironclad Manufacturing,2025,M_USD,109.521,41_accounts_receivable,accounts_receivable,accounts receivable,Ironclad Manufacturing,2025,M_USD,54.234,41_inventories,inventories,inventories,Ironclad Manufacturing,2025,M_USD,36.674,41_short_term_investments,short_term_investments,short term investments,Ironclad Manufacturing,2025,M_USD,97.839,,,,,,,,,,,,,,
55,1,"The numbers in the financial_data are all given in thousands. Please answer in numbers, not thousands. What do we obtain as the longterm liabilities for Crimson Pharmaceuticals in 2022?",What do we obtain as the longterm liabilities for Crimson Pharmaceuticals in 2022?,unit_scale_change,,longterm_liabilities,"{""derived"": ""longterm_liabilities"", ""expanded"": {""op"": ""diff"", ""left"": {""leaf"": ""86_total_liabilities"", ""depth"": 0}, ""right"": {""leaf"": ""86_current_liabilities"", ""depth"": 0}, ""depth"": 1}, ""depth"": 1}","{""kind"": ""derived_concept"", ""name"": ""longterm_liabilities"", ""depth"": 0}",170585.00000000003,2,0,1,499270608,777699369,147638620,0.476,0,1,2,86_total_liabilities,total_liabilities,total liabilities,Crimson Pharmaceuticals,2022,M_USD,292.999,86_current_liabilities,current_liabilities,current liabilities,Crimson Pharmaceuticals,2022,M_USD,122.414,,,,,,,,,,,,,,,,,,,,,,,,,,,,
55,4,"The numbers in the financial_data are all given in thousands. Please answer in numbers, not thousands. what would be the sum of the maximum of total assets for Cobalt Semiconductor using values from 2022 through 2025 and longterm liabilities for Cobalt Semiconductor in 2020?",what would be the sum of the maximum of total assets for Cobalt Semiconductor using values from 2022 through 2025 and longterm liabilities for Cobalt Semiconductor in 2020?,unit_scale_change,,"sum(max(max(max(68_total_assets, 69_total_assets), 70_total_assets), 71_total_assets), longterm_liabilities)","{""op"": ""sum"", ""left"": {""op"": ""max"", ""left"": {""op"": ""max"", ""left"": {""op"": ""max"", ""left"": {""leaf"": ""68_total_assets"", ""depth"": 0}, ""right"": {""leaf"": ""69_total_assets"", ""depth"": 0}, ""depth"": 1}, ""right"": {""leaf"": ""70_total_assets"", ""depth"": 0}, ""depth"": 2}, ""right"": {""leaf"": ""71_total_assets"", ""depth"": 0}, ""depth"": 3}, ""right"": {""derived"": ""longterm_liabilities"", ""expanded"": {""op"": ""diff"", ""left"": {""leaf"": ""66_total_liabilities"", ""depth"": 0}, ""right"": {""leaf"": ""66_current_liabilities"", ""depth"": 0}, ""depth"": 1}, ""depth"": 1}, ""depth"": 4}","{""op"": ""sum"", ""left"": {""kind"": ""time_agg"", ""op"": ""max"", ""depth"": 0}, ""right"": {""kind"": ""derived_concept"", ""name"": ""longterm_liabilities"", ""depth"": 0}, ""depth"": 1, ""kind"": ""node""}",115740.00000000001,3,1,4,677196852,335507162,147638620,0.321,1,2,6,68_total_assets,total_assets,total assets,Cobalt Semiconductor,2022,M_USD,57.651,69_total_assets,total_assets,total assets,Cobalt Semiconductor,2023,M_USD,65.727,70_total_assets,total_assets,total assets,Cobalt Semiconductor,2024,M_USD,73.095,71_total_assets,total_assets,total assets,Cobalt Semiconductor,2025,M_USD,51.658,66_total_liabilities,total_liabilities,total liabilities,Cobalt Semiconductor,2020,M_USD,57.819,66_current_liabilities,current_liabilities,current liabilities,Cobalt Semiconductor,2020,M_USD,15.174
55,1,"The numbers in the financial_data are all given in thousands. Please answer in numbers, not thousands. which result follows from the longterm liabilities for Helix BioSciences in 2024?",which result follows from the longterm liabilities for Helix BioSciences in 2024?,unit_scale_change,,longterm_liabilities,"{""derived"": ""longterm_liabilities"", ""expanded"": {""op"": ""diff"", ""left"": {""leaf"": ""76_total_liabilities"", ""depth"": 0}, ""right"": {""leaf"": ""76_current_liabilities"", ""depth"": 0}, ""depth"": 1}, ""depth"": 1}","{""kind"": ""derived_concept"", ""name"": ""longterm_liabilities"", ""depth"": 0}",54455.0,2,0,1,940834607,362113732,147638620,0.236,0,1,2,76_total_liabilities,total_liabilities,total liabilities,Helix BioSciences,2024,M_USD,81.788,76_current_liabilities,current_liabilities,current liabilities,Helix BioSciences,2024,M_USD,27.333,,,,,,,,,,,,,,,,,,,,,,,,,,,,
56,3,"The numbers in the financial_data are all given in thousands. Please answer in numbers, not thousands. what would be the result of capex for Cobalt Semiconductor in 2025 scaled by ratio of the maximum of total assets for Cobalt Semiconductor using values from 2023 through 2024 to longterm liabilities for Cobalt Semiconductor in 2025",what would be the result of capex for Cobalt Semiconductor in 2025 scaled by ratio of the maximum of total assets for Cobalt Semiconductor using values from 2023 through 2024 to longterm liabilities for Cobalt Semiconductor in 2025,unit_scale_change,,"mul(71_capex, ratio(max(69_total_assets, 70_total_assets), longterm_liabilities))","{""op"": ""mul"", ""left"": {""leaf"": ""71_capex"", ""depth"": 0}, ""right"": {""op"": ""ratio"", ""left"": {""op"": ""max"", ""left"": {""leaf"": ""69_total_assets"", ""depth"": 0}, ""right"": {""leaf"": ""70_total_assets"", ""depth"": 0}, ""depth"": 1}, ""right"": {""derived"": ""longterm_liabilities"", ""expanded"": {""op"": ""diff"", ""left"": {""leaf"": ""71_total_liabilities"", ""depth"": 0}, ""right"": {""leaf"": ""71_current_liabilities"", ""depth"": 0}, ""depth"": 1}, ""depth"": 1}, ""depth"": 2}, ""depth"": 3}","{""op"": ""mul"", ""left"": {""kind"": ""leaf"", ""semantic_type_in"": [""amount""], ""depth"": 0}, ""right"": {""op"": ""ratio"", ""left"": {""kind"": ""time_agg"", ""op"": ""max"", ""depth"": 0}, ""right"": {""kind"": ""derived_concept"", ""name"": ""longterm_liabilities"", ""depth"": 0}, ""depth"": 1, ""kind"": ""node""}, ""depth"": 2, ""kind"": ""node""}",13858.771326868786,4,2,3,79726142,642992437,147638620,0.501,2,3,5,71_capex,capex,capex,Cobalt Semiconductor,2025,M_USD,4.634,69_total_assets,total_assets,total assets,Cobalt Semiconductor,2023,M_USD,65.727,70_total_assets,total_assets,total assets,Cobalt Semiconductor,2024,M_USD,73.095,71_total_liabilities,total_liabilities,total liabilities,Cobalt Semiconductor,2025,M_USD,38.625,71_current_liabilities,current_liabilities,current liabilities,Cobalt Semiconductor,2025,M_USD,14.184,,,,,,,
57,1,"The numbers in the financial_data are all given in thousands. Please answer in numbers, not thousands. Whats the value of the longterm liabilities for ClearPath Logistics in 2020 ?",Whats the value of the longterm liabilities for ClearPath Logistics in 2020 ?,unit_scale_change,,longterm_liabilities,"{""derived"": ""longterm_liabilities"", ""expanded"": {""op"": ""diff"", ""left"": {""leaf"": ""78_total_liabilities"", ""depth"": 0}, ""right"": {""leaf"": ""78_current_liabilities"", ""depth"": 0}, ""depth"": 1}, ""depth"": 1}","{""kind"": ""derived_concept"", ""name"": ""longterm_liabilities"", ""depth"": 0}",175447.0,2,0,1,748324151,278173806,147638620,0.258,0,1,2,78_total_liabilities,total_liabilities,total liabilities,ClearPath Logistics,2020,M_USD,286.976,78_current_liabilities,current_liabilities,current liabilities,ClearPath Logistics,2020,M_USD,111.529,,,,,,,,,,,,,,,,,,,,,,,,,,,,
57,3,"The numbers in the financial_data are all given in thousands. Please answer in numbers, not thousands. what is the pretax income for Apex Dynamics Corp in 2022?",what is the pretax income for Apex Dynamics Corp in 2022?,unit_scale_change,,pretax_income,"{""derived"": ""pretax_income"", ""expanded"": {""op"": ""diff"", ""left"": {""derived"": ""operating_income"", ""expanded"": {""op"": ""diff"", ""left"": {""derived"": ""gross_profit"", ""expanded"": {""op"": ""diff"", ""left"": {""leaf"": ""2_revenue"", ""depth"": 0}, ""right"": {""leaf"": ""2_cost_of_goods_sold"", ""depth"": 0}, ""depth"": 1}, ""depth"": 1}, ""right"": {""leaf"": ""2_operating_expenses"", ""depth"": 0}, ""depth"": 2}, ""depth"": 2}, ""right"": {""leaf"": ""2_non_operating_expenses"", ""depth"": 0}, ""depth"": 3}, ""depth"": 3}","{""kind"": ""derived_concept"", ""name"": ""pretax_income"", ""depth"": 0}",5349.999999999998,4,0,3,923900343,649527987,147638620,0.508,0,1,4,2_revenue,revenue,revenue,Apex Dynamics Corp,2022,M_USD,79.021,2_cost_of_goods_sold,cost_of_goods_sold,cost of goods sold,Apex Dynamics Corp,2022,M_USD,46.06,2_operating_expenses,operating_expenses,operating expenses,Apex Dynamics Corp,2022,M_USD,17.945,2_non_operating_expenses,non_operating_expenses,non operating expenses,Apex Dynamics Corp,2022,M_USD,9.666,,,,,,,,,,,,,,
57,1,"The numbers in the financial_data are all given in thousands. Please answer in numbers, not thousands. which result follows from the longterm liabilities for Ironclad Manufacturing in 2024 ?",which result follows from the longterm liabilities for Ironclad Manufacturing in 2024 ?,unit_scale_change,,longterm_liabilities,"{""derived"": ""longterm_liabilities"", ""expanded"": {""op"": ""diff"", ""left"": {""leaf"": ""40_total_liabilities"", ""depth"": 0}, ""right"": {""leaf"": ""40_current_liabilities"", ""depth"": 0}, ""depth"": 1}, ""depth"": 1}","{""kind"": ""derived_concept"", ""name"": ""longterm_liabilities"", ""depth"": 0}",222763.00000000003,3,0,1,467282803,976619682,147638620,0.245,0,1,2,40_total_liabilities,total_liabilities,total liabilities,Ironclad Manufacturing,2024,M_USD,325.872,40_current_liabilities,current_liabilities,current liabilities,Ironclad Manufacturing,2024,M_USD,103.109,,,,,,,,,,,,,,,,,,,,,,,,,,,,
57,2,"The numbers in the financial_data are all given in thousands. Please answer in numbers, not thousands. what's the value of the operating income for Atlas Global Industries in 2021",what's the value of the operating income for Atlas Global Industries in 2021,unit_scale_change,,operating_income,"{""derived"": ""operating_income"", ""expanded"": {""op"": ""diff"", ""left"": {""derived"": ""gross_profit"", ""expanded"": {""op"": ""diff"", ""left"": {""leaf"": ""25_revenue"", ""depth"": 0}, ""right"": {""leaf"": ""25_cost_of_goods_sold"", ""depth"": 0}, ""depth"": 1}, ""depth"": 1}, ""right"": {""leaf"": ""25_operating_expenses"", ""depth"": 0}, ""depth"": 2}, ""depth"": 2}","{""kind"": ""derived_concept"", ""name"": ""operating_income"", ""depth"": 0}",20311.0,4,0,2,812684191,932813454,147638620,0.427,0,1,3,25_revenue,revenue,revenue,Atlas Global Industries,2021,M_USD,83.268,25_cost_of_goods_sold,cost_of_goods_sold,cost of goods sold,Atlas Global Industries,2021,M_USD,51.057,25_operating_expenses,operating_expenses,operating expenses,Atlas Global Industries,2021,M_USD,11.9,,,,,,,,,,,,,,,,,,,,,
59,1,"The numbers in the financial_data are all given in thousands. Please answer in numbers, not thousands. what is the longterm liabilities for Apex Dynamics Corp in 2024 ?",what is the longterm liabilities for Apex Dynamics Corp in 2024 ?,unit_scale_change,,longterm_liabilities,"{""derived"": ""longterm_liabilities"", ""expanded"": {""op"": ""diff"", ""left"": {""leaf"": ""4_total_liabilities"", ""depth"": 0}, ""right"": {""leaf"": ""4_current_liabilities"", ""depth"": 0}, ""depth"": 1}, ""depth"": 1}","{""kind"": ""derived_concept"", ""name"": ""longterm_liabilities"", ""depth"": 0}",41303.0,4,0,1,499978395,373571020,147638620,0.427,0,1,2,4_total_liabilities,total_liabilities,total liabilities,Apex Dynamics Corp,2024,M_USD,67.131,4_current_liabilities,current_liabilities,current liabilities,Apex Dynamics Corp,2024,M_USD,25.828,,,,,,,,,,,,,,,,,,,,,,,,,,,,
61,1,"The numbers in the financial_data are all given in thousands. Please answer in numbers, not thousands. Give the longterm liabilities for Orion Financial Group in 2024.",Give the longterm liabilities for Orion Financial Group in 2024.,unit_scale_change,,longterm_liabilities,"{""derived"": ""longterm_liabilities"", ""expanded"": {""op"": ""diff"", ""left"": {""leaf"": ""58_total_liabilities"", ""depth"": 0}, ""right"": {""leaf"": ""58_current_liabilities"", ""depth"": 0}, ""depth"": 1}, ""depth"": 1}","{""kind"": ""derived_concept"", ""name"": ""longterm_liabilities"", ""depth"": 0}",62496.0,2,0,1,658207417,176331518,147638620,0.437,0,1,2,58_total_liabilities,total_liabilities,total liabilities,Orion Financial Group,2024,M_USD,104.036,58_current_liabilities,current_liabilities,current liabilities,Orion Financial Group,2024,M_USD,41.54,,,,,,,,,,,,,,,,,,,,,,,,,,,,
61,2,"The numbers in the financial_data are all given in thousands. Please answer in numbers, not thousands. state the operating income for Pacific Crest Energy in 2021.",state the operating income for Pacific Crest Energy in 2021.,unit_scale_change,,operating_income,"{""derived"": ""operating_income"", ""expanded"": {""op"": ""diff"", ""left"": {""derived"": ""gross_profit"", ""expanded"": {""op"": ""diff"", ""left"": {""leaf"": ""49_revenue"", ""depth"": 0}, ""right"": {""leaf"": ""49_cost_of_goods_sold"", ""depth"": 0}, ""depth"": 1}, ""depth"": 1}, ""right"": {""leaf"": ""49_operating_expenses"", ""depth"": 0}, ""depth"": 2}, ""depth"": 2}","{""kind"": ""derived_concept"", ""name"": ""operating_income"", ""depth"": 0}",36300.00000000002,4,0,2,590599150,465540349,147638620,0.205,0,1,3,49_revenue,revenue,revenue,Pacific Crest Energy,2021,M_USD,190.597,49_cost_of_goods_sold,cost_of_goods_sold,cost of goods sold,Pacific Crest Energy,2021,M_USD,110.939,49_operating_expenses,operating_expenses,operating expenses,Pacific Crest Energy,2021,M_USD,43.358,,,,,,,,,,,,,,,,,,,,,
61,3,"The numbers in the financial_data are all given in thousands. Please answer in numbers, not thousands. provide the current assets for Pacific Crest Energy in 2021 .",provide the current assets for Pacific Crest Energy in 2021 .,unit_scale_change,,current_assets,"{""derived"": ""current_assets"", ""expanded"": {""op"": ""sum"", ""left"": {""op"": ""sum"", ""left"": {""op"": ""sum"", ""left"": {""leaf"": ""49_cash"", ""depth"": 0}, ""right"": {""leaf"": ""49_accounts_receivable"", ""depth"": 0}, ""depth"": 1}, ""right"": {""leaf"": ""49_inventories"", ""depth"": 0}, ""depth"": 2}, ""right"": {""leaf"": ""49_short_term_investments"", ""depth"": 0}, ""depth"": 3}, ""depth"": 3}","{""kind"": ""derived_concept"", ""name"": ""current_assets"", ""depth"": 0}",55810.99999999999,4,0,3,461654684,277922082,147638620,0.516,0,1,4,49_cash,cash,cash,Pacific Crest Energy,2021,M_USD,33.062,49_accounts_receivable,accounts_receivable,accounts receivable,Pacific Crest Energy,2021,M_USD,13.101,49_inventories,inventories,inventories,Pacific Crest Energy,2021,M_USD,5.5,49_short_term_investments,short_term_investments,short term investments,Pacific Crest Energy,2021,M_USD,4.148,,,,,,,,,,,,,,
61,4,"The numbers in the financial_data are all given in thousands. Please answer in numbers, not thousands. May you give the longterm assets for NovaStar Technologies in 2023",May you give the longterm assets for NovaStar Technologies in 2023,unit_scale_change,,longterm_assets,"{""derived"": ""longterm_assets"", ""expanded"": {""op"": ""diff"", ""left"": {""leaf"": ""21_total_assets"", ""depth"": 0}, ""right"": {""derived"": ""current_assets"", ""expanded"": {""op"": ""sum"", ""left"": {""op"": ""sum"", ""left"": {""op"": ""sum"", ""left"": {""leaf"": ""21_cash"", ""depth"": 0}, ""right"": {""leaf"": ""21_accounts_receivable"", ""depth"": 0}, ""depth"": 1}, ""right"": {""leaf"": ""21_inventories"", ""depth"": 0}, ""depth"": 2}, ""right"": {""leaf"": ""21_short_term_investments"", ""depth"": 0}, ""depth"": 3}, ""depth"": 3}, ""depth"": 4}, ""depth"": 4}","{""kind"": ""derived_concept"", ""name"": ""longterm_assets"", ""depth"": 0}",366328.00000000006,4,0,4,993394012,566643832,147638620,0.112,0,1,5,21_total_assets,total_assets,total assets,NovaStar Technologies,2023,M_USD,525.432,21_cash,cash,cash,NovaStar Technologies,2023,M_USD,78.005,21_accounts_receivable,accounts_receivable,accounts receivable,NovaStar Technologies,2023,M_USD,17.765,21_inventories,inventories,inventories,NovaStar Technologies,2023,M_USD,8.748,21_short_term_investments,short_term_investments,short term investments,NovaStar Technologies,2023,M_USD,54.586,,,,,,,
61,1,"The numbers in the financial_data are all given in thousands. Please answer in numbers, not thousands. what is the gross profit for Apex Dynamics Corp in 2021?",what is the gross profit for Apex Dynamics Corp in 2021?,unit_scale_change,,gross_profit,"{""derived"": ""gross_profit"", ""expanded"": {""op"": ""diff"", ""left"": {""leaf"": ""1_revenue"", ""depth"": 0}, ""right"": {""leaf"": ""1_cost_of_goods_sold"", ""depth"": 0}, ""depth"": 1}, ""depth"": 1}","{""kind"": ""derived_concept"", ""name"": ""gross_profit"", ""depth"": 0}",28272.999999999996,2,0,1,633719683,125561832,147638620,0.368,0,1,2,1_revenue,revenue,revenue,Apex Dynamics Corp,2021,M_USD,78.856,1_cost_of_goods_sold,cost_of_goods_sold,cost of goods sold,Apex Dynamics Corp,2021,M_USD,50.583,,,,,,,,,,,,,,,,,,,,,,,,,,,,
61,3,"The numbers in the financial_data are all given in thousands. Please answer in numbers, not thousands. compute the pretax income for Quantum Bridge Holdings in 2024",compute the pretax income for Quantum Bridge Holdings in 2024,unit_scale_change,,pretax_income,"{""derived"": ""pretax_income"", ""expanded"": {""op"": ""diff"", ""left"": {""derived"": ""operating_income"", ""expanded"": {""op"": ""diff"", ""left"": {""derived"": ""gross_profit"", ""expanded"": {""op"": ""diff"", ""left"": {""leaf"": ""16_revenue"", ""depth"": 0}, ""right"": {""leaf"": ""16_cost_of_goods_sold"", ""depth"": 0}, ""depth"": 1}, ""depth"": 1}, ""right"": {""leaf"": ""16_operating_expenses"", ""depth"": 0}, ""depth"": 2}, ""depth"": 2}, ""right"": {""leaf"": ""16_non_operating_expenses"", ""depth"": 0}, ""depth"": 3}, ""depth"": 3}","{""kind"": ""derived_concept"", ""name"": ""pretax_income"", ""depth"": 0}",41914.0,4,0,3,446893904,356874694,147638620,0.244,0,1,4,16_revenue,revenue,revenue,Quantum Bridge Holdings,2024,M_USD,97.119,16_cost_of_goods_sold,cost_of_goods_sold,cost of goods sold,Quantum Bridge Holdings,2024,M_USD,35.929,16_operating_expenses,operating_expenses,operating expenses,Quantum Bridge Holdings,2024,M_USD,10.329,16_non_operating_expenses,non_operating_expenses,non operating expenses,Quantum Bridge Holdings,2024,M_USD,8.947,,,,,,,,,,,,,,
63,4,"The numbers in the financial_data are all given in thousands. Please answer in numbers, not thousands. which quantity is given by the difference between current assets and total liabilities for Ironclad Manufacturing in 2022 ?",which quantity is given by the difference between current assets and total liabilities for Ironclad Manufacturing in 2022 ?,unit_scale_change,,"diff(current_assets, 38_total_liabilities)","{""op"": ""diff"", ""left"": {""derived"": ""current_assets"", ""expanded"": {""op"": ""sum"", ""left"": {""op"": ""sum"", ""left"": {""op"": ""sum"", ""left"": {""leaf"": ""38_cash"", ""depth"": 0}, ""right"": {""leaf"": ""38_accounts_receivable"", ""depth"": 0}, ""depth"": 1}, ""right"": {""leaf"": ""38_inventories"", ""depth"": 0}, ""depth"": 2}, ""right"": {""leaf"": ""38_short_term_investments"", ""depth"": 0}, ""depth"": 3}, ""depth"": 3}, ""right"": {""leaf"": ""38_total_liabilities"", ""depth"": 0}, ""depth"": 4}","{""op"": ""diff"", ""left"": {""kind"": ""derived_concept"", ""name"": ""current_assets"", ""depth"": 0}, ""right"": {""kind"": ""leaf"", ""semantic_type_in"": [""amount""], ""depth"": 0}, ""depth"": 1, ""kind"": ""node""}",-170632.00000000006,4,1,4,19148498,313318154,147638620,0.406,1,2,5,38_cash,cash,cash,Ironclad Manufacturing,2022,M_USD,139.886,38_accounts_receivable,accounts_receivable,accounts receivable,Ironclad Manufacturing,2022,M_USD,30.058,38_inventories,inventories,inventories,Ironclad Manufacturing,2022,M_USD,21.863,38_short_term_investments,short_term_investments,short term investments,Ironclad Manufacturing,2022,M_USD,88.43,38_total_liabilities,total_liabilities,total liabilities,Ironclad Manufacturing,2022,M_USD,450.869,,,,,,,
63,4,"The numbers in the financial_data are all given in thousands. Please answer in numbers, not thousands. Evaluate the difference between current assets and gross profit for Titan Consumer Brands in 2021",Evaluate the difference between current assets and gross profit for Titan Consumer Brands in 2021,unit_scale_change,,"diff(current_assets, gross_profit)","{""op"": ""diff"", ""left"": {""derived"": ""current_assets"", ""expanded"": {""op"": ""sum"", ""left"": {""op"": ""sum"", ""left"": {""op"": ""sum"", ""left"": {""leaf"": ""61_cash"", ""depth"": 0}, ""right"": {""leaf"": ""61_accounts_receivable"", ""depth"": 0}, ""depth"": 1}, ""right"": {""leaf"": ""61_inventories"", ""depth"": 0}, ""depth"": 2}, ""right"": {""leaf"": ""61_short_term_investments"", ""depth"": 0}, ""depth"": 3}, ""depth"": 3}, ""right"": {""derived"": ""gross_profit"", ""expanded"": {""op"": ""diff"", ""left"": {""leaf"": ""61_revenue"", ""depth"": 0}, ""right"": {""leaf"": ""61_cost_of_goods_sold"", ""depth"": 0}, ""depth"": 1}, ""depth"": 1}, ""depth"": 4}","{""op"": ""diff"", ""left"": {""kind"": ""derived_concept"", ""name"": ""current_assets"", ""depth"": 0}, ""right"": {""kind"": ""derived_concept"", ""name"": ""gross_profit"", ""depth"": 0}, ""depth"": 1, ""kind"": ""node""}",-79250.00000000003,3,1,4,573159126,245777705,147638620,0.294,1,2,6,61_cash,cash,cash,Titan Consumer Brands,2021,M_USD,140.121,61_accounts_receivable,accounts_receivable,accounts receivable,Titan Consumer Brands,2021,M_USD,61.295,61_inventories,inventories,inventories,Titan Consumer Brands,2021,M_USD,9.166,61_short_term_investments,short_term_investments,short term investments,Titan Consumer Brands,2021,M_USD,33.79,61_revenue,revenue,revenue,Titan Consumer Brands,2021,M_USD,471.764,61_cost_of_goods_sold,cost_of_goods_sold,cost of goods sold,Titan Consumer Brands,2021,M_USD,148.142
63,1,"The numbers in the financial_data are all given in thousands. Please answer in numbers, not thousands. Which value corresponds to the gross profit for Helix BioSciences in 2025 ?",Which value corresponds to the gross profit for Helix BioSciences in 2025 ?,unit_scale_change,,gross_profit,"{""derived"": ""gross_profit"", ""expanded"": {""op"": ""diff"", ""left"": {""leaf"": ""77_revenue"", ""depth"": 0}, ""right"": {""leaf"": ""77_cost_of_goods_sold"", ""depth"": 0}, ""depth"": 1}, ""depth"": 1}","{""kind"": ""derived_concept"", ""name"": ""gross_profit"", ""depth"": 0}",112508.00000000001,4,0,1,149820019,884442416,147638620,0.5,0,1,2,77_revenue,revenue,revenue,Helix BioSciences,2025,M_USD,334.916,77_cost_of_goods_sold,cost_of_goods_sold,cost of goods sold,Helix BioSciences,2025,M_USD,222.408,,,,,,,,,,,,,,,,,,,,,,,,,,,,
69,1,"The numbers in the financial_data are all given in thousands. Please answer in numbers, not thousands. Whats the value of the gross profit for ClearPath Logistics in 2024 ?",Whats the value of the gross profit for ClearPath Logistics in 2024 ?,unit_scale_change,,gross_profit,"{""derived"": ""gross_profit"", ""expanded"": {""op"": ""diff"", ""left"": {""leaf"": ""82_revenue"", ""depth"": 0}, ""right"": {""leaf"": ""82_cost_of_goods_sold"", ""depth"": 0}, ""depth"": 1}, ""depth"": 1}","{""kind"": ""derived_concept"", ""name"": ""gross_profit"", ""depth"": 0}",415227.00000000006,2,0,1,890963043,839355489,147638620,0.396,0,1,2,82_revenue,revenue,revenue,ClearPath Logistics,2024,M_USD,627.73,82_cost_of_goods_sold,cost_of_goods_sold,cost of goods sold,ClearPath Logistics,2024,M_USD,212.503,,,,,,,,,,,,,,,,,,,,,,,,,,,,
69,1,"The numbers in the financial_data are all given in thousands. Please answer in numbers, not thousands. Provide the longterm liabilities for Pacific Crest Energy in 2021.",Provide the longterm liabilities for Pacific Crest Energy in 2021.,unit_scale_change,,longterm_liabilities,"{""derived"": ""longterm_liabilities"", ""expanded"": {""op"": ""diff"", ""left"": {""leaf"": ""49_total_liabilities"", ""depth"": 0}, ""right"": {""leaf"": ""49_current_liabilities"", ""depth"": 0}, ""depth"": 1}, ""depth"": 1}","{""kind"": ""derived_concept"", ""name"": ""longterm_liabilities"", ""depth"": 0}",44687.99999999999,3,0,1,215969598,752805467,147638620,0.396,0,1,2,49_total_liabilities,total_liabilities,total liabilities,Pacific Crest Energy,2021,M_USD,88.419,49_current_liabilities,current_liabilities,current liabilities,Pacific Crest Energy,2021,M_USD,43.731,,,,,,,,,,,,,,,,,,,,,,,,,,,,
74,1,"The numbers in the financial_data are all given in thousands. Please answer in numbers, not thousands. state the gross profit for Pinnacle Health Group in 2021 .",state the gross profit for Pinnacle Health Group in 2021 .,unit_scale_change,,gross_profit,"{""derived"": ""gross_profit"", ""expanded"": {""op"": ""diff"", ""left"": {""leaf"": ""31_revenue"", ""depth"": 0}, ""right"": {""leaf"": ""31_cost_of_goods_sold"", ""depth"": 0}, ""depth"": 1}, ""depth"": 1}","{""kind"": ""derived_concept"", ""name"": ""gross_profit"", ""depth"": 0}",6450.000000000001,3,0,1,550482039,994804308,147638620,0.425,0,1,2,31_revenue,revenue,revenue,Pinnacle Health Group,2021,M_USD,15.115,31_cost_of_goods_sold,cost_of_goods_sold,cost of goods sold,Pinnacle Health Group,2021,M_USD,8.665,,,,,,,,,,,,,,,,,,,,,,,,,,,,
75,3,"The numbers in the financial_data are all given in thousands. Please answer in numbers, not thousands. Provide the current assets for Pacific Crest Energy in 2021.",Provide the current assets for Pacific Crest Energy in 2021.,unit_scale_change,,current_assets,"{""derived"": ""current_assets"", ""expanded"": {""op"": ""sum"", ""left"": {""op"": ""sum"", ""left"": {""op"": ""sum"", ""left"": {""leaf"": ""49_cash"", ""depth"": 0}, ""right"": {""leaf"": ""49_accounts_receivable"", ""depth"": 0}, ""depth"": 1}, ""right"": {""leaf"": ""49_inventories"", ""depth"": 0}, ""depth"": 2}, ""right"": {""leaf"": ""49_short_term_investments"", ""depth"": 0}, ""depth"": 3}, ""depth"": 3}","{""kind"": ""derived_concept"", ""name"": ""current_assets"", ""depth"": 0}",55810.99999999999,3,0,3,674942163,128741429,147638620,0.46,0,1,4,49_cash,cash,cash,Pacific Crest Energy,2021,M_USD,33.062,49_accounts_receivable,accounts_receivable,accounts receivable,Pacific Crest Energy,2021,M_USD,13.101,49_inventories,inventories,inventories,Pacific Crest Energy,2021,M_USD,5.5,49_short_term_investments,short_term_investments,short term investments,Pacific Crest Energy,2021,M_USD,4.148,,,,,,,,,,,,,,
76,2,"The numbers in the financial_data are all given in thousands. Please answer in numbers, not thousands. what do we obtain as the difference between longterm liabilities and capex for Crimson Pharmaceuticals in 2024",what do we obtain as the difference between longterm liabilities and capex for Crimson Pharmaceuticals in 2024,unit_scale_change,,"diff(longterm_liabilities, 88_capex)","{""op"": ""diff"", ""left"": {""derived"": ""longterm_liabilities"", ""expanded"": {""op"": ""diff"", ""left"": {""leaf"": ""88_total_liabilities"", ""depth"": 0}, ""right"": {""leaf"": ""88_current_liabilities"", ""depth"": 0}, ""depth"": 1}, ""depth"": 1}, ""right"": {""leaf"": ""88_capex"", ""depth"": 0}, ""depth"": 2}","{""op"": ""diff"", ""left"": {""kind"": ""derived_concept"", ""name"": ""longterm_liabilities"", ""depth"": 0}, ""right"": {""kind"": ""leaf"", ""semantic_type_in"": [""amount""], ""depth"": 0}, ""depth"": 1, ""kind"": ""node""}",86714.0,4,1,2,181086797,243152816,147638620,0.489,1,2,3,88_total_liabilities,total_liabilities,total liabilities,Crimson Pharmaceuticals,2024,M_USD,194.929,88_current_liabilities,current_liabilities,current liabilities,Crimson Pharmaceuticals,2024,M_USD,82.551,88_capex,capex,capex,Crimson Pharmaceuticals,2024,M_USD,25.664,,,,,,,,,,,,,,,,,,,,,
76,3,"The numbers in the financial_data are all given in thousands. Please answer in numbers, not thousands. Evaluate the current assets for SilverLine Retail Inc in 2023",Evaluate the current assets for SilverLine Retail Inc in 2023,unit_scale_change,,current_assets,"{""derived"": ""current_assets"", ""expanded"": {""op"": ""sum"", ""left"": {""op"": ""sum"", ""left"": {""op"": ""sum"", ""left"": {""leaf"": ""45_cash"", ""depth"": 0}, ""right"": {""leaf"": ""45_accounts_receivable"", ""depth"": 0}, ""depth"": 1}, ""right"": {""leaf"": ""45_inventories"", ""depth"": 0}, ""depth"": 2}, ""right"": {""leaf"": ""45_short_term_investments"", ""depth"": 0}, ""depth"": 3}, ""depth"": 3}","{""kind"": ""derived_concept"", ""name"": ""current_assets"", ""depth"": 0}",257911.0,4,0,3,357323639,283175892,147638620,0.129,0,1,4,45_cash,cash,cash,SilverLine Retail Inc,2023,M_USD,63.824,45_accounts_receivable,accounts_receivable,accounts receivable,SilverLine Retail Inc,2023,M_USD,101.392,45_inventories,inventories,inventories,SilverLine Retail Inc,2023,M_USD,61.459,45_short_term_investments,short_term_investments,short term investments,SilverLine Retail Inc,2023,M_USD,31.236,,,,,,,,,,,,,,
76,3,"The numbers in the financial_data are all given in thousands. Please answer in numbers, not thousands. Which quantity is given by the difference between operating income and current liabilities for Ironclad Manufacturing in 2022?",Which quantity is given by the difference between operating income and current liabilities for Ironclad Manufacturing in 2022?,unit_scale_change,,"diff(operating_income, 38_current_liabilities)","{""op"": ""diff"", ""left"": {""derived"": ""operating_income"", ""expanded"": {""op"": ""diff"", ""left"": {""derived"": ""gross_profit"", ""expanded"": {""op"": ""diff"", ""left"": {""leaf"": ""38_revenue"", ""depth"": 0}, ""right"": {""leaf"": ""38_cost_of_goods_sold"", ""depth"": 0}, ""depth"": 1}, ""depth"": 1}, ""right"": {""leaf"": ""38_operating_expenses"", ""depth"": 0}, ""depth"": 2}, ""depth"": 2}, ""right"": {""leaf"": ""38_current_liabilities"", ""depth"": 0}, ""depth"": 3}","{""op"": ""diff"", ""left"": {""kind"": ""derived_concept"", ""name"": ""operating_income"", ""depth"": 0}, ""right"": {""kind"": ""leaf"", ""semantic_type_in"": [""amount""], ""depth"": 0}, ""depth"": 1, ""kind"": ""node""}",-85707.00000000003,4,1,3,648142939,94948611,147638620,0.297,1,2,4,38_revenue,revenue,revenue,Ironclad Manufacturing,2022,M_USD,368.281,38_cost_of_goods_sold,cost_of_goods_sold,cost of goods sold,Ironclad Manufacturing,2022,M_USD,224.247,38_operating_expenses,operating_expenses,operating expenses,Ironclad Manufacturing,2022,M_USD,29.59,38_current_liabilities,current_liabilities,current liabilities,Ironclad Manufacturing,2022,M_USD,200.151,,,,,,,,,,,,,,
79,1,"The numbers in the financial_data are all given in thousands. Please answer in numbers, not thousands. What is the longterm liabilities for Apex Dynamics Corp in 2025 ?",What is the longterm liabilities for Apex Dynamics Corp in 2025 ?,unit_scale_change,,longterm_liabilities,"{""derived"": ""longterm_liabilities"", ""expanded"": {""op"": ""diff"", ""left"": {""leaf"": ""5_total_liabilities"", ""depth"": 0}, ""right"": {""leaf"": ""5_current_liabilities"", ""depth"": 0}, ""depth"": 1}, ""depth"": 1}","{""kind"": ""derived_concept"", ""name"": ""longterm_liabilities"", ""depth"": 0}",75538.99999999999,2,0,1,672660017,886447063,147638620,0.101,0,1,2,5_total_liabilities,total_liabilities,total liabilities,Apex Dynamics Corp,2025,M_USD,109.931,5_current_liabilities,current_liabilities,current liabilities,Apex Dynamics Corp,2025,M_USD,34.392,,,,,,,,,,,,,,,,,,,,,,,,,,,,
79,1,"The numbers in the financial_data are all given in thousands. Please answer in numbers, not thousands. what does the following give: gross profit for Crimson Pharmaceuticals in 2022 ?",what does the following give: gross profit for Crimson Pharmaceuticals in 2022 ?,unit_scale_change,,gross_profit,"{""derived"": ""gross_profit"", ""expanded"": {""op"": ""diff"", ""left"": {""leaf"": ""86_revenue"", ""depth"": 0}, ""right"": {""leaf"": ""86_cost_of_goods_sold"", ""depth"": 0}, ""depth"": 1}, ""depth"": 1}","{""kind"": ""derived_concept"", ""name"": ""gross_profit"", ""depth"": 0}",385498.00000000006,2,0,1,143428612,39083099,147638620,0.555,0,1,2,86_revenue,revenue,revenue,Crimson Pharmaceuticals,2022,M_USD,616.787,86_cost_of_goods_sold,cost_of_goods_sold,cost of goods sold,Crimson Pharmaceuticals,2022,M_USD,231.289,,,,,,,,,,,,,,,,,,,,,,,,,,,,
81,1,"The numbers in the financial_data are all given in thousands. Please answer in numbers, not thousands. may you calculate the gross profit for NovaStar Technologies in 2021",may you calculate the gross profit for NovaStar Technologies in 2021,unit_scale_change,,gross_profit,"{""derived"": ""gross_profit"", ""expanded"": {""op"": ""diff"", ""left"": {""leaf"": ""19_revenue"", ""depth"": 0}, ""right"": {""leaf"": ""19_cost_of_goods_sold"", ""depth"": 0}, ""depth"": 1}, ""depth"": 1}","{""kind"": ""derived_concept"", ""name"": ""gross_profit"", ""depth"": 0}",42013.99999999999,2,0,1,795441103,506231783,147638620,0.36,0,1,2,19_revenue,revenue,revenue,NovaStar Technologies,2021,M_USD,125.354,19_cost_of_goods_sold,cost_of_goods_sold,cost of goods sold,NovaStar Technologies,2021,M_USD,83.34,,,,,,,,,,,,,,,,,,,,,,,,,,,,
82,2,"The numbers in the financial_data are all given in thousands. Please answer in numbers, not thousands. You should give the operating income for Pacific Crest Energy in 2024 .",You should give the operating income for Pacific Crest Energy in 2024 .,unit_scale_change,,operating_income,"{""derived"": ""operating_income"", ""expanded"": {""op"": ""diff"", ""left"": {""derived"": ""gross_profit"", ""expanded"": {""op"": ""diff"", ""left"": {""leaf"": ""52_revenue"", ""depth"": 0}, ""right"": {""leaf"": ""52_cost_of_goods_sold"", ""depth"": 0}, ""depth"": 1}, ""depth"": 1}, ""right"": {""leaf"": ""52_operating_expenses"", ""depth"": 0}, ""depth"": 2}, ""depth"": 2}","{""kind"": ""derived_concept"", ""name"": ""operating_income"", ""depth"": 0}",81768.99999999999,3,0,2,882536548,744249482,147638620,0.308,0,1,3,52_revenue,revenue,revenue,Pacific Crest Energy,2024,M_USD,190.474,52_cost_of_goods_sold,cost_of_goods_sold,cost of goods sold,Pacific Crest Energy,2024,M_USD,87.91,52_operating_expenses,operating_expenses,operating expenses,Pacific Crest Energy,2024,M_USD,20.795,,,,,,,,,,,,,,,,,,,,,
85,3,"The numbers in the financial_data are all given in thousands. Please answer in numbers, not thousands. Calculate the current assets for SilverLine Retail Inc in 2022.",Calculate the current assets for SilverLine Retail Inc in 2022.,unit_scale_change,,current_assets,"{""derived"": ""current_assets"", ""expanded"": {""op"": ""sum"", ""left"": {""op"": ""sum"", ""left"": {""op"": ""sum"", ""left"": {""leaf"": ""44_cash"", ""depth"": 0}, ""right"": {""leaf"": ""44_accounts_receivable"", ""depth"": 0}, ""depth"": 1}, ""right"": {""leaf"": ""44_inventories"", ""depth"": 0}, ""depth"": 2}, ""right"": {""leaf"": ""44_short_term_investments"", ""depth"": 0}, ""depth"": 3}, ""depth"": 3}","{""kind"": ""derived_concept"", ""name"": ""current_assets"", ""depth"": 0}",233753.0,3,0,3,530525126,522221043,147638620,0.27,0,1,4,44_cash,cash,cash,SilverLine Retail Inc,2022,M_USD,90.754,44_accounts_receivable,accounts_receivable,accounts receivable,SilverLine Retail Inc,2022,M_USD,36.422,44_inventories,inventories,inventories,SilverLine Retail Inc,2022,M_USD,59.502,44_short_term_investments,short_term_investments,short term investments,SilverLine Retail Inc,2022,M_USD,47.075,,,,,,,,,,,,,,
86,3,"The numbers in the financial_data are all given in thousands. Please answer in numbers, not thousands. What do we obtain as the current assets for Crimson Pharmaceuticals in 2022?",What do we obtain as the current assets for Crimson Pharmaceuticals in 2022?,unit_scale_change,,current_assets,"{""derived"": ""current_assets"", ""expanded"": {""op"": ""sum"", ""left"": {""op"": ""sum"", ""left"": {""op"": ""sum"", ""left"": {""leaf"": ""86_cash"", ""depth"": 0}, ""right"": {""leaf"": ""86_accounts_receivable"", ""depth"": 0}, ""depth"": 1}, ""right"": {""leaf"": ""86_inventories"", ""depth"": 0}, ""depth"": 2}, ""right"": {""leaf"": ""86_short_term_investments"", ""depth"": 0}, ""depth"": 3}, ""depth"": 3}","{""kind"": ""derived_concept"", ""name"": ""current_assets"", ""depth"": 0}",156129.00000000003,4,0,3,506415084,885247781,147638620,0.417,0,1,4,86_cash,cash,cash,Crimson Pharmaceuticals,2022,M_USD,55.614,86_accounts_receivable,accounts_receivable,accounts receivable,Crimson Pharmaceuticals,2022,M_USD,64.113,86_inventories,inventories,inventories,Crimson Pharmaceuticals,2022,M_USD,28.424,86_short_term_investments,short_term_investments,short term investments,Crimson Pharmaceuticals,2022,M_USD,7.978,,,,,,,,,,,,,,
89,1,"The numbers in the financial_data are all given in thousands. Please answer in numbers, not thousands. What does the following give: gross profit for Crimson Pharmaceuticals in 2024?",What does the following give: gross profit for Crimson Pharmaceuticals in 2024?,unit_scale_change,,gross_profit,"{""derived"": ""gross_profit"", ""expanded"": {""op"": ""diff"", ""left"": {""leaf"": ""88_revenue"", ""depth"": 0}, ""right"": {""leaf"": ""88_cost_of_goods_sold"", ""depth"": 0}, ""depth"": 1}, ""depth"": 1}","{""kind"": ""derived_concept"", ""name"": ""gross_profit"", ""depth"": 0}",190812.0,2,0,1,482667252,235855039,147638620,0.506,0,1,2,88_revenue,revenue,revenue,Crimson Pharmaceuticals,2024,M_USD,712.606,88_cost_of_goods_sold,cost_of_goods_sold,cost of goods sold,Crimson Pharmaceuticals,2024,M_USD,521.794,,,,,,,,,,,,,,,,,,,,,,,,,,,,
91,1,"The numbers in the financial_data are all given in thousands. Please answer in numbers, not thousands. whats the value of the longterm liabilities for ClearPath Logistics in 2024 ?",whats the value of the longterm liabilities for ClearPath Logistics in 2024 ?,unit_scale_change,,longterm_liabilities,"{""derived"": ""longterm_liabilities"", ""expanded"": {""op"": ""diff"", ""left"": {""leaf"": ""82_total_liabilities"", ""depth"": 0}, ""right"": {""leaf"": ""82_current_liabilities"", ""depth"": 0}, ""depth"": 1}, ""depth"": 1}","{""kind"": ""derived_concept"", ""name"": ""longterm_liabilities"", ""depth"": 0}",260787.00000000003,4,0,1,459021748,360010679,147638620,0.506,0,1,2,82_total_liabilities,total_liabilities,total liabilities,ClearPath Logistics,2024,M_USD,516.676,82_current_liabilities,current_liabilities,current liabilities,ClearPath Logistics,2024,M_USD,255.889,,,,,,,,,,,,,,,,,,,,,,,,,,,,
