question_id,depth,question,question_original,obstacle,useless_info_family_used,expression,expression_json,template_expression,answer,template_depth_requested,template_actual_depth,bound_expression_depth,tree_seed,binding_seed,master_seed,derived_prob,template_internal_nodes,template_leaf_slots,bound_leaf_count,leaf_1_key,leaf_1_concept,leaf_1_label,leaf_1_entity,leaf_1_period,leaf_1_unit,leaf_1_value,leaf_2_key,leaf_2_concept,leaf_2_label,leaf_2_entity,leaf_2_period,leaf_2_unit,leaf_2_value,leaf_3_key,leaf_3_concept,leaf_3_label,leaf_3_entity,leaf_3_period,leaf_3_unit,leaf_3_value,leaf_4_key,leaf_4_concept,leaf_4_label,leaf_4_entity,leaf_4_period,leaf_4_unit,leaf_4_value,leaf_5_key,leaf_5_concept,leaf_5_label,leaf_5_entity,leaf_5_period,leaf_5_unit,leaf_5_value,leaf_6_key,leaf_6_concept,leaf_6_label,leaf_6_entity,leaf_6_period,leaf_6_unit,leaf_6_value,leaf_7_key,leaf_7_concept,leaf_7_label,leaf_7_entity,leaf_7_period,leaf_7_unit,leaf_7_value
1,1,what is the value of the longterm liabilities for Atlas Global Industries in 2020,,big_numbers,,longterm_liabilities,"{""derived"": ""longterm_liabilities"", ""expanded"": {""op"": ""diff"", ""left"": {""leaf"": ""24_total_liabilities"", ""depth"": 0}, ""right"": {""leaf"": ""24_current_liabilities"", ""depth"": 0}, ""depth"": 1}, ""depth"": 1}","{""kind"": ""derived_concept"", ""name"": ""longterm_liabilities"", ""depth"": 0}",2003012.0,2,0,1,64407358,458371117,166777609,0.555,0,1,2,24_total_liabilities,total_liabilities,total liabilities,Atlas Global Industries,2020,M_USD,3464852.0,24_current_liabilities,current_liabilities,current liabilities,Atlas Global Industries,2020,M_USD,1461840.0,,,,,,,,,,,,,,,,,,,,,,,,,,,,,,,,,,,
3,4,May you calculate the longterm assets for NovaStar Technologies in 2023 ?,,big_numbers,,longterm_assets,"{""derived"": ""longterm_assets"", ""expanded"": {""op"": ""diff"", ""left"": {""leaf"": ""21_total_assets"", ""depth"": 0}, ""right"": {""derived"": ""current_assets"", ""expanded"": {""op"": ""sum"", ""left"": {""op"": ""sum"", ""left"": {""op"": ""sum"", ""left"": {""leaf"": ""21_cash"", ""depth"": 0}, ""right"": {""leaf"": ""21_accounts_receivable"", ""depth"": 0}, ""depth"": 1}, ""right"": {""leaf"": ""21_inventories"", ""depth"": 0}, ""depth"": 2}, ""right"": {""leaf"": ""21_short_term_investments"", ""depth"": 0}, ""depth"": 3}, ""depth"": 3}, ""depth"": 4}, ""depth"": 4}","{""kind"": ""derived_concept"", ""name"": ""longterm_assets"", ""depth"": 0}",36632799.0,3,0,4,541201767,788915648,166777609,0.31,0,1,5,21_total_assets,total_assets,total assets,NovaStar Technologies,2023,M_USD,52543189.0,21_cash,cash,cash,NovaStar Technologies,2023,M_USD,7800532.0,21_accounts_receivable,accounts_receivable,accounts receivable,NovaStar Technologies,2023,M_USD,1776490.0,21_inventories,inventories,inventories,NovaStar Technologies,2023,M_USD,874762.0,21_short_term_investments,short_term_investments,short term investments,NovaStar Technologies,2023,M_USD,5458606.0,,,,,,,,,,,,,,
4,3,What would be the pretax income for Cobalt Semiconductor in 2024?,,big_numbers,,pretax_income,"{""derived"": ""pretax_income"", ""expanded"": {""op"": ""diff"", ""left"": {""derived"": ""operating_income"", ""expanded"": {""op"": ""diff"", ""left"": {""derived"": ""gross_profit"", ""expanded"": {""op"": ""diff"", ""left"": {""leaf"": ""70_revenue"", ""depth"": 0}, ""right"": {""leaf"": ""70_cost_of_goods_sold"", ""depth"": 0}, ""depth"": 1}, ""depth"": 1}, ""right"": {""leaf"": ""70_operating_expenses"", ""depth"": 0}, ""depth"": 2}, ""depth"": 2}, ""right"": {""leaf"": ""70_non_operating_expenses"", ""depth"": 0}, ""depth"": 3}, ""depth"": 3}","{""kind"": ""derived_concept"", ""name"": ""pretax_income"", ""depth"": 0}",897093.0,4,0,3,462598047,78380025,166777609,0.105,0,1,4,70_revenue,revenue,revenue,Cobalt Semiconductor,2024,M_USD,5272456.0,70_cost_of_goods_sold,cost_of_goods_sold,cost of goods sold,Cobalt Semiconductor,2024,M_USD,3084129.0,70_operating_expenses,operating_expenses,operating expenses,Cobalt Semiconductor,2024,M_USD,823141.0,70_non_operating_expenses,non_operating_expenses,non operating expenses,Cobalt Semiconductor,2024,M_USD,468093.0,,,,,,,,,,,,,,,,,,,,,
5,4,may you calculate the sum of the maximum of revenue for NovaStar Technologies using values from 2022 through 2025 and difference between gross profit and cash for NovaStar Technologies in 2021 ?,,big_numbers,,"sum(max(max(max(20_revenue, 21_revenue), 22_revenue), 23_revenue), diff(gross_profit, 19_cash))","{""op"": ""sum"", ""left"": {""op"": ""max"", ""left"": {""op"": ""max"", ""left"": {""op"": ""max"", ""left"": {""leaf"": ""20_revenue"", ""depth"": 0}, ""right"": {""leaf"": ""21_revenue"", ""depth"": 0}, ""depth"": 1}, ""right"": {""leaf"": ""22_revenue"", ""depth"": 0}, ""depth"": 2}, ""right"": {""leaf"": ""23_revenue"", ""depth"": 0}, ""depth"": 3}, ""right"": {""op"": ""diff"", ""left"": {""derived"": ""gross_profit"", ""expanded"": {""op"": ""diff"", ""left"": {""leaf"": ""19_revenue"", ""depth"": 0}, ""right"": {""leaf"": ""19_cost_of_goods_sold"", ""depth"": 0}, ""depth"": 1}, ""depth"": 1}, ""right"": {""leaf"": ""19_cash"", ""depth"": 0}, ""depth"": 2}, ""depth"": 4}","{""op"": ""sum"", ""left"": {""kind"": ""time_agg"", ""op"": ""max"", ""depth"": 0}, ""right"": {""op"": ""diff"", ""left"": {""kind"": ""derived_concept"", ""name"": ""gross_profit"", ""depth"": 0}, ""right"": {""kind"": ""leaf"", ""semantic_type_in"": [""amount""], ""depth"": 0}, ""depth"": 1, ""kind"": ""node""}, ""depth"": 2, ""kind"": ""node""}",22731344.0,4,2,4,37455587,33169679,166777609,0.528,2,3,7,20_revenue,revenue,revenue,NovaStar Technologies,2022,M_USD,14926277.0,21_revenue,revenue,revenue,NovaStar Technologies,2023,M_USD,15869595.0,22_revenue,revenue,revenue,NovaStar Technologies,2024,M_USD,17798246.0,23_revenue,revenue,revenue,NovaStar Technologies,2025,M_USD,19264745.0,19_revenue,revenue,revenue,NovaStar Technologies,2021,M_USD,12535411.0,19_cost_of_goods_sold,cost_of_goods_sold,cost of goods sold,NovaStar Technologies,2021,M_USD,8334007.0,19_cash,cash,cash,NovaStar Technologies,2021,M_USD,734805.0
5,1,what do we obtain as the gross profit for Cobalt Semiconductor in 2021,,big_numbers,,gross_profit,"{""derived"": ""gross_profit"", ""expanded"": {""op"": ""diff"", ""left"": {""leaf"": ""67_revenue"", ""depth"": 0}, ""right"": {""leaf"": ""67_cost_of_goods_sold"", ""depth"": 0}, ""depth"": 1}, ""depth"": 1}","{""kind"": ""derived_concept"", ""name"": ""gross_profit"", ""depth"": 0}",2479484.0,2,0,1,602374747,391562205,166777609,0.118,0,1,2,67_revenue,revenue,revenue,Cobalt Semiconductor,2021,M_USD,5281745.0,67_cost_of_goods_sold,cost_of_goods_sold,cost of goods sold,Cobalt Semiconductor,2021,M_USD,2802261.0,,,,,,,,,,,,,,,,,,,,,,,,,,,,,,,,,,,
8,3,could you give the current assets for Meridian Systems Inc in 2021,,big_numbers,,current_assets,"{""derived"": ""current_assets"", ""expanded"": {""op"": ""sum"", ""left"": {""op"": ""sum"", ""left"": {""op"": ""sum"", ""left"": {""leaf"": ""7_cash"", ""depth"": 0}, ""right"": {""leaf"": ""7_accounts_receivable"", ""depth"": 0}, ""depth"": 1}, ""right"": {""leaf"": ""7_inventories"", ""depth"": 0}, ""depth"": 2}, ""right"": {""leaf"": ""7_short_term_investments"", ""depth"": 0}, ""depth"": 3}, ""depth"": 3}","{""kind"": ""derived_concept"", ""name"": ""current_assets"", ""depth"": 0}",5660635.0,2,0,3,324083593,670463147,166777609,0.17,0,1,4,7_cash,cash,cash,Meridian Systems Inc,2021,M_USD,2581548.0,7_accounts_receivable,accounts_receivable,accounts receivable,Meridian Systems Inc,2021,M_USD,1213488.0,7_inventories,inventories,inventories,Meridian Systems Inc,2021,M_USD,254346.0,7_short_term_investments,short_term_investments,short term investments,Meridian Systems Inc,2021,M_USD,1611253.0,,,,,,,,,,,,,,,,,,,,,
8,3,May you calculate the current assets for NovaStar Technologies in 2022?,,big_numbers,,current_assets,"{""derived"": ""current_assets"", ""expanded"": {""op"": ""sum"", ""left"": {""op"": ""sum"", ""left"": {""op"": ""sum"", ""left"": {""leaf"": ""20_cash"", ""depth"": 0}, ""right"": {""leaf"": ""20_accounts_receivable"", ""depth"": 0}, ""depth"": 1}, ""right"": {""leaf"": ""20_inventories"", ""depth"": 0}, ""depth"": 2}, ""right"": {""leaf"": ""20_short_term_investments"", ""depth"": 0}, ""depth"": 3}, ""depth"": 3}","{""kind"": ""derived_concept"", ""name"": ""current_assets"", ""depth"": 0}",5486240.0,2,0,3,938459105,745884250,166777609,0.337,0,1,4,20_cash,cash,cash,NovaStar Technologies,2022,M_USD,876080.0,20_accounts_receivable,accounts_receivable,accounts receivable,NovaStar Technologies,2022,M_USD,2045498.0,20_inventories,inventories,inventories,NovaStar Technologies,2022,M_USD,274525.0,20_short_term_investments,short_term_investments,short term investments,NovaStar Technologies,2022,M_USD,2290137.0,,,,,,,,,,,,,,,,,,,,,
10,1,What does the following give: longterm liabilities for Crimson Pharmaceuticals in 2024?,,big_numbers,,longterm_liabilities,"{""derived"": ""longterm_liabilities"", ""expanded"": {""op"": ""diff"", ""left"": {""leaf"": ""88_total_liabilities"", ""depth"": 0}, ""right"": {""leaf"": ""88_current_liabilities"", ""depth"": 0}, ""depth"": 1}, ""depth"": 1}","{""kind"": ""derived_concept"", ""name"": ""longterm_liabilities"", ""depth"": 0}",11237739.0,2,0,1,830336814,437396252,166777609,0.469,0,1,2,88_total_liabilities,total_liabilities,total liabilities,Crimson Pharmaceuticals,2024,M_USD,19492879.0,88_current_liabilities,current_liabilities,current liabilities,Crimson Pharmaceuticals,2024,M_USD,8255140.0,,,,,,,,,,,,,,,,,,,,,,,,,,,,,,,,,,,
12,2,you should calculate the difference between cost of goods sold and longterm liabilities for Titan Consumer Brands in 2022,,big_numbers,,"diff(62_cost_of_goods_sold, longterm_liabilities)","{""op"": ""diff"", ""left"": {""leaf"": ""62_cost_of_goods_sold"", ""depth"": 0}, ""right"": {""derived"": ""longterm_liabilities"", ""expanded"": {""op"": ""diff"", ""left"": {""leaf"": ""62_total_liabilities"", ""depth"": 0}, ""right"": {""leaf"": ""62_current_liabilities"", ""depth"": 0}, ""depth"": 1}, ""depth"": 1}, ""depth"": 2}","{""op"": ""diff"", ""left"": {""kind"": ""leaf"", ""semantic_type_in"": [""amount""], ""depth"": 0}, ""right"": {""kind"": ""derived_concept"", ""name"": ""longterm_liabilities"", ""depth"": 0}, ""depth"": 1, ""kind"": ""node""}",4457442.0,4,1,2,200563220,894535304,166777609,0.355,1,2,3,62_cost_of_goods_sold,cost_of_goods_sold,cost of goods sold,Titan Consumer Brands,2022,M_USD,24949468.0,62_total_liabilities,total_liabilities,total liabilities,Titan Consumer Brands,2022,M_USD,31694584.0,62_current_liabilities,current_liabilities,current liabilities,Titan Consumer Brands,2022,M_USD,11202558.0,,,,,,,,,,,,,,,,,,,,,,,,,,,,
12,3,state the current assets for Pinnacle Health Group in 2024 .,,big_numbers,,current_assets,"{""derived"": ""current_assets"", ""expanded"": {""op"": ""sum"", ""left"": {""op"": ""sum"", ""left"": {""op"": ""sum"", ""left"": {""leaf"": ""34_cash"", ""depth"": 0}, ""right"": {""leaf"": ""34_accounts_receivable"", ""depth"": 0}, ""depth"": 1}, ""right"": {""leaf"": ""34_inventories"", ""depth"": 0}, ""depth"": 2}, ""right"": {""leaf"": ""34_short_term_investments"", ""depth"": 0}, ""depth"": 3}, ""depth"": 3}","{""kind"": ""derived_concept"", ""name"": ""current_assets"", ""depth"": 0}",957831.0,2,0,3,677642280,134467532,166777609,0.517,0,1,4,34_cash,cash,cash,Pinnacle Health Group,2024,M_USD,396174.0,34_accounts_receivable,accounts_receivable,accounts receivable,Pinnacle Health Group,2024,M_USD,268207.0,34_inventories,inventories,inventories,Pinnacle Health Group,2024,M_USD,109566.0,34_short_term_investments,short_term_investments,short term investments,Pinnacle Health Group,2024,M_USD,183884.0,,,,,,,,,,,,,,,,,,,,,
15,3,what would be the pretax income for Cobalt Semiconductor in 2020 ?,,big_numbers,,pretax_income,"{""derived"": ""pretax_income"", ""expanded"": {""op"": ""diff"", ""left"": {""derived"": ""operating_income"", ""expanded"": {""op"": ""diff"", ""left"": {""derived"": ""gross_profit"", ""expanded"": {""op"": ""diff"", ""left"": {""leaf"": ""66_revenue"", ""depth"": 0}, ""right"": {""leaf"": ""66_cost_of_goods_sold"", ""depth"": 0}, ""depth"": 1}, ""depth"": 1}, ""right"": {""leaf"": ""66_operating_expenses"", ""depth"": 0}, ""depth"": 2}, ""depth"": 2}, ""right"": {""leaf"": ""66_non_operating_expenses"", ""depth"": 0}, ""depth"": 3}, ""depth"": 3}","{""kind"": ""derived_concept"", ""name"": ""pretax_income"", ""depth"": 0}",1662071.0,4,0,3,647136929,365754476,166777609,0.362,0,1,4,66_revenue,revenue,revenue,Cobalt Semiconductor,2020,M_USD,5387560.0,66_cost_of_goods_sold,cost_of_goods_sold,cost of goods sold,Cobalt Semiconductor,2020,M_USD,2528314.0,66_operating_expenses,operating_expenses,operating expenses,Cobalt Semiconductor,2020,M_USD,758187.0,66_non_operating_expenses,non_operating_expenses,non operating expenses,Cobalt Semiconductor,2020,M_USD,438988.0,,,,,,,,,,,,,,,,,,,,,
15,3,you should give the current assets for Titan Consumer Brands in 2024 .,,big_numbers,,current_assets,"{""derived"": ""current_assets"", ""expanded"": {""op"": ""sum"", ""left"": {""op"": ""sum"", ""left"": {""op"": ""sum"", ""left"": {""leaf"": ""64_cash"", ""depth"": 0}, ""right"": {""leaf"": ""64_accounts_receivable"", ""depth"": 0}, ""depth"": 1}, ""right"": {""leaf"": ""64_inventories"", ""depth"": 0}, ""depth"": 2}, ""right"": {""leaf"": ""64_short_term_investments"", ""depth"": 0}, ""depth"": 3}, ""depth"": 3}","{""kind"": ""derived_concept"", ""name"": ""current_assets"", ""depth"": 0}",22929047.0,2,0,3,34193524,563927067,166777609,0.342,0,1,4,64_cash,cash,cash,Titan Consumer Brands,2024,M_USD,7348714.0,64_accounts_receivable,accounts_receivable,accounts receivable,Titan Consumer Brands,2024,M_USD,4295480.0,64_inventories,inventories,inventories,Titan Consumer Brands,2024,M_USD,4512725.0,64_short_term_investments,short_term_investments,short term investments,Titan Consumer Brands,2024,M_USD,6772128.0,,,,,,,,,,,,,,,,,,,,,
15,1,What would be the gross profit for Cobalt Semiconductor in 2021,,big_numbers,,gross_profit,"{""derived"": ""gross_profit"", ""expanded"": {""op"": ""diff"", ""left"": {""leaf"": ""67_revenue"", ""depth"": 0}, ""right"": {""leaf"": ""67_cost_of_goods_sold"", ""depth"": 0}, ""depth"": 1}, ""depth"": 1}","{""kind"": ""derived_concept"", ""name"": ""gross_profit"", ""depth"": 0}",2479484.0,2,0,1,579588633,828189998,166777609,0.391,0,1,2,67_revenue,revenue,revenue,Cobalt Semiconductor,2021,M_USD,5281745.0,67_cost_of_goods_sold,cost_of_goods_sold,cost of goods sold,Cobalt Semiconductor,2021,M_USD,2802261.0,,,,,,,,,,,,,,,,,,,,,,,,,,,,,,,,,,,
16,3,You should calculate the current assets for Meridian Systems Inc in 2024 .,,big_numbers,,current_assets,"{""derived"": ""current_assets"", ""expanded"": {""op"": ""sum"", ""left"": {""op"": ""sum"", ""left"": {""op"": ""sum"", ""left"": {""leaf"": ""10_cash"", ""depth"": 0}, ""right"": {""leaf"": ""10_accounts_receivable"", ""depth"": 0}, ""depth"": 1}, ""right"": {""leaf"": ""10_inventories"", ""depth"": 0}, ""depth"": 2}, ""right"": {""leaf"": ""10_short_term_investments"", ""depth"": 0}, ""depth"": 3}, ""depth"": 3}","{""kind"": ""derived_concept"", ""name"": ""current_assets"", ""depth"": 0}",8919860.0,2,0,3,42330580,415530837,166777609,0.176,0,1,4,10_cash,cash,cash,Meridian Systems Inc,2024,M_USD,4466174.0,10_accounts_receivable,accounts_receivable,accounts receivable,Meridian Systems Inc,2024,M_USD,2035134.0,10_inventories,inventories,inventories,Meridian Systems Inc,2024,M_USD,1860775.0,10_short_term_investments,short_term_investments,short term investments,Meridian Systems Inc,2024,M_USD,557777.0,,,,,,,,,,,,,,,,,,,,,
16,1,evaluate the gross profit for SilverLine Retail Inc in 2024 .,,big_numbers,,gross_profit,"{""derived"": ""gross_profit"", ""expanded"": {""op"": ""diff"", ""left"": {""leaf"": ""46_revenue"", ""depth"": 0}, ""right"": {""leaf"": ""46_cost_of_goods_sold"", ""depth"": 0}, ""depth"": 1}, ""depth"": 1}","{""kind"": ""derived_concept"", ""name"": ""gross_profit"", ""depth"": 0}",28214032.0,3,0,1,979502549,919811411,166777609,0.171,0,1,2,46_revenue,revenue,revenue,SilverLine Retail Inc,2024,M_USD,81899158.0,46_cost_of_goods_sold,cost_of_goods_sold,cost of goods sold,SilverLine Retail Inc,2024,M_USD,53685126.0,,,,,,,,,,,,,,,,,,,,,,,,,,,,,,,,,,,
16,2,state the operating income for Pinnacle Health Group in 2022 .,,big_numbers,,operating_income,"{""derived"": ""operating_income"", ""expanded"": {""op"": ""diff"", ""left"": {""derived"": ""gross_profit"", ""expanded"": {""op"": ""diff"", ""left"": {""leaf"": ""32_revenue"", ""depth"": 0}, ""right"": {""leaf"": ""32_cost_of_goods_sold"", ""depth"": 0}, ""depth"": 1}, ""depth"": 1}, ""right"": {""leaf"": ""32_operating_expenses"", ""depth"": 0}, ""depth"": 2}, ""depth"": 2}","{""kind"": ""derived_concept"", ""name"": ""operating_income"", ""depth"": 0}",252970.0,3,0,2,992561958,492830000,166777609,0.477,0,1,3,32_revenue,revenue,revenue,Pinnacle Health Group,2022,M_USD,1717550.0,32_cost_of_goods_sold,cost_of_goods_sold,cost of goods sold,Pinnacle Health Group,2022,M_USD,1172455.0,32_operating_expenses,operating_expenses,operating expenses,Pinnacle Health Group,2022,M_USD,292125.0,,,,,,,,,,,,,,,,,,,,,,,,,,,,
17,3,What is the value of the current assets for Apex Dynamics Corp in 2020?,,big_numbers,,current_assets,"{""derived"": ""current_assets"", ""expanded"": {""op"": ""sum"", ""left"": {""op"": ""sum"", ""left"": {""op"": ""sum"", ""left"": {""leaf"": ""0_cash"", ""depth"": 0}, ""right"": {""leaf"": ""0_accounts_receivable"", ""depth"": 0}, ""depth"": 1}, ""right"": {""leaf"": ""0_inventories"", ""depth"": 0}, ""depth"": 2}, ""right"": {""leaf"": ""0_short_term_investments"", ""depth"": 0}, ""depth"": 3}, ""depth"": 3}","{""kind"": ""derived_concept"", ""name"": ""current_assets"", ""depth"": 0}",1406600.0,2,0,3,231395534,691845936,166777609,0.353,0,1,4,0_cash,cash,cash,Apex Dynamics Corp,2020,M_USD,262705.0,0_accounts_receivable,accounts_receivable,accounts receivable,Apex Dynamics Corp,2020,M_USD,334631.0,0_inventories,inventories,inventories,Apex Dynamics Corp,2020,M_USD,139703.0,0_short_term_investments,short_term_investments,short term investments,Apex Dynamics Corp,2020,M_USD,669561.0,,,,,,,,,,,,,,,,,,,,,
18,1,Evaluate the longterm liabilities for Titan Consumer Brands in 2024,,big_numbers,,longterm_liabilities,"{""derived"": ""longterm_liabilities"", ""expanded"": {""op"": ""diff"", ""left"": {""leaf"": ""64_total_liabilities"", ""depth"": 0}, ""right"": {""leaf"": ""64_current_liabilities"", ""depth"": 0}, ""depth"": 1}, ""depth"": 1}","{""kind"": ""derived_concept"", ""name"": ""longterm_liabilities"", ""depth"": 0}",43848657.0,2,0,1,185490144,365003306,166777609,0.374,0,1,2,64_total_liabilities,total_liabilities,total liabilities,Titan Consumer Brands,2024,M_USD,71773192.0,64_current_liabilities,current_liabilities,current liabilities,Titan Consumer Brands,2024,M_USD,27924535.0,,,,,,,,,,,,,,,,,,,,,,,,,,,,,,,,,,,
19,2,could you give the operating income for Meridian Systems Inc in 2023,,big_numbers,,operating_income,"{""derived"": ""operating_income"", ""expanded"": {""op"": ""diff"", ""left"": {""derived"": ""gross_profit"", ""expanded"": {""op"": ""diff"", ""left"": {""leaf"": ""9_revenue"", ""depth"": 0}, ""right"": {""leaf"": ""9_cost_of_goods_sold"", ""depth"": 0}, ""depth"": 1}, ""depth"": 1}, ""right"": {""leaf"": ""9_operating_expenses"", ""depth"": 0}, ""depth"": 2}, ""depth"": 2}","{""kind"": ""derived_concept"", ""name"": ""operating_income"", ""depth"": 0}",5643680.0,3,0,2,362213786,589925668,166777609,0.437,0,1,3,9_revenue,revenue,revenue,Meridian Systems Inc,2023,M_USD,16636338.0,9_cost_of_goods_sold,cost_of_goods_sold,cost of goods sold,Meridian Systems Inc,2023,M_USD,9395188.0,9_operating_expenses,operating_expenses,operating expenses,Meridian Systems Inc,2023,M_USD,1597470.0,,,,,,,,,,,,,,,,,,,,,,,,,,,,
22,4,calculate the longterm assets for SilverLine Retail Inc in 2024.,,big_numbers,,longterm_assets,"{""derived"": ""longterm_assets"", ""expanded"": {""op"": ""diff"", ""left"": {""leaf"": ""46_total_assets"", ""depth"": 0}, ""right"": {""derived"": ""current_assets"", ""expanded"": {""op"": ""sum"", ""left"": {""op"": ""sum"", ""left"": {""op"": ""sum"", ""left"": {""leaf"": ""46_cash"", ""depth"": 0}, ""right"": {""leaf"": ""46_accounts_receivable"", ""depth"": 0}, ""depth"": 1}, ""right"": {""leaf"": ""46_inventories"", ""depth"": 0}, ""depth"": 2}, ""right"": {""leaf"": ""46_short_term_investments"", ""depth"": 0}, ""depth"": 3}, ""depth"": 3}, ""depth"": 4}, ""depth"": 4}","{""kind"": ""derived_concept"", ""name"": ""longterm_assets"", ""depth"": 0}",36516034.0,4,0,4,29961918,23234436,166777609,0.37,0,1,5,46_total_assets,total_assets,total assets,SilverLine Retail Inc,2024,M_USD,63751653.0,46_cash,cash,cash,SilverLine Retail Inc,2024,M_USD,6099904.0,46_accounts_receivable,accounts_receivable,accounts receivable,SilverLine Retail Inc,2024,M_USD,8082937.0,46_inventories,inventories,inventories,SilverLine Retail Inc,2024,M_USD,8045108.0,46_short_term_investments,short_term_investments,short term investments,SilverLine Retail Inc,2024,M_USD,5007670.0,,,,,,,,,,,,,,
23,3,which value corresponds to the sum of ratio of sum of capex for Helix BioSciences in 2021 and capex for Helix BioSciences in 2022 to 2.0 and gross profit for Helix BioSciences in 2025,,big_numbers,,"sum(ratio(sum(73_capex, 74_capex), 2.0), gross_profit)","{""op"": ""sum"", ""left"": {""op"": ""ratio"", ""left"": {""op"": ""sum"", ""left"": {""leaf"": ""73_capex"", ""depth"": 0}, ""right"": {""leaf"": ""74_capex"", ""depth"": 0}, ""depth"": 1}, ""right"": {""literal"": 2.0, ""depth"": 0}, ""depth"": 2}, ""right"": {""derived"": ""gross_profit"", ""expanded"": {""op"": ""diff"", ""left"": {""leaf"": ""77_revenue"", ""depth"": 0}, ""right"": {""leaf"": ""77_cost_of_goods_sold"", ""depth"": 0}, ""depth"": 1}, ""depth"": 1}, ""depth"": 3}","{""op"": ""sum"", ""left"": {""kind"": ""time_agg"", ""op"": ""avg"", ""depth"": 0}, ""right"": {""kind"": ""derived_concept"", ""name"": ""gross_profit"", ""depth"": 0}, ""depth"": 1, ""kind"": ""node""}",12227743.0,3,1,3,548755282,642528684,166777609,0.413,1,2,4,73_capex,capex,capex,Helix BioSciences,2021,M_USD,855312.0,74_capex,capex,capex,Helix BioSciences,2022,M_USD,1098462.0,77_revenue,revenue,revenue,Helix BioSciences,2025,M_USD,33491636.0,77_cost_of_goods_sold,cost_of_goods_sold,cost of goods sold,Helix BioSciences,2025,M_USD,22240780.0,,,,,,,,,,,,,,,,,,,,,
24,2,Which result follows from the difference between gross profit and capex for Ironclad Manufacturing in 2021 ?,,big_numbers,,"diff(gross_profit, 37_capex)","{""op"": ""diff"", ""left"": {""derived"": ""gross_profit"", ""expanded"": {""op"": ""diff"", ""left"": {""leaf"": ""37_revenue"", ""depth"": 0}, ""right"": {""leaf"": ""37_cost_of_goods_sold"", ""depth"": 0}, ""depth"": 1}, ""depth"": 1}, ""right"": {""leaf"": ""37_capex"", ""depth"": 0}, ""depth"": 2}","{""op"": ""diff"", ""left"": {""kind"": ""derived_concept"", ""name"": ""gross_profit"", ""depth"": 0}, ""right"": {""kind"": ""leaf"", ""semantic_type_in"": [""amount""], ""depth"": 0}, ""depth"": 1, ""kind"": ""node""}",19971641.0,3,1,2,734992995,66481821,166777609,0.26,1,2,3,37_revenue,revenue,revenue,Ironclad Manufacturing,2021,M_USD,34050765.0,37_cost_of_goods_sold,cost_of_goods_sold,cost of goods sold,Ironclad Manufacturing,2021,M_USD,11050723.0,37_capex,capex,capex,Ironclad Manufacturing,2021,M_USD,3028401.0,,,,,,,,,,,,,,,,,,,,,,,,,,,,
29,3,State the pretax income for Pinnacle Health Group in 2025.,,big_numbers,,pretax_income,"{""derived"": ""pretax_income"", ""expanded"": {""op"": ""diff"", ""left"": {""derived"": ""operating_income"", ""expanded"": {""op"": ""diff"", ""left"": {""derived"": ""gross_profit"", ""expanded"": {""op"": ""diff"", ""left"": {""leaf"": ""35_revenue"", ""depth"": 0}, ""right"": {""leaf"": ""35_cost_of_goods_sold"", ""depth"": 0}, ""depth"": 1}, ""depth"": 1}, ""right"": {""leaf"": ""35_operating_expenses"", ""depth"": 0}, ""depth"": 2}, ""depth"": 2}, ""right"": {""leaf"": ""35_non_operating_expenses"", ""depth"": 0}, ""depth"": 3}, ""depth"": 3}","{""kind"": ""derived_concept"", ""name"": ""pretax_income"", ""depth"": 0}",122664.0,4,0,3,881818996,797284877,166777609,0.599,0,1,4,35_revenue,revenue,revenue,Pinnacle Health Group,2025,M_USD,2332336.0,35_cost_of_goods_sold,cost_of_goods_sold,cost of goods sold,Pinnacle Health Group,2025,M_USD,1377609.0,35_operating_expenses,operating_expenses,operating expenses,Pinnacle Health Group,2025,M_USD,345569.0,35_non_operating_expenses,non_operating_expenses,non operating expenses,Pinnacle Health Group,2025,M_USD,486494.0,,,,,,,,,,,,,,,,,,,,,
29,3,evaluate the pretax income for Titan Consumer Brands in 2024 .,,big_numbers,,pretax_income,"{""derived"": ""pretax_income"", ""expanded"": {""op"": ""diff"", ""left"": {""derived"": ""operating_income"", ""expanded"": {""op"": ""diff"", ""left"": {""derived"": ""gross_profit"", ""expanded"": {""op"": ""diff"", ""left"": {""leaf"": ""64_revenue"", ""depth"": 0}, ""right"": {""leaf"": ""64_cost_of_goods_sold"", ""depth"": 0}, ""depth"": 1}, ""depth"": 1}, ""right"": {""leaf"": ""64_operating_expenses"", ""depth"": 0}, ""depth"": 2}, ""depth"": 2}, ""right"": {""leaf"": ""64_non_operating_expenses"", ""depth"": 0}, ""depth"": 3}, ""depth"": 3}","{""kind"": ""derived_concept"", ""name"": ""pretax_income"", ""depth"": 0}",5845627.0,4,0,3,117130975,69003302,166777609,0.481,0,1,4,64_revenue,revenue,revenue,Titan Consumer Brands,2024,M_USD,48691135.0,64_cost_of_goods_sold,cost_of_goods_sold,cost of goods sold,Titan Consumer Brands,2024,M_USD,34674401.0,64_operating_expenses,operating_expenses,operating expenses,Titan Consumer Brands,2024,M_USD,2935550.0,64_non_operating_expenses,non_operating_expenses,non operating expenses,Titan Consumer Brands,2024,M_USD,5235557.0,,,,,,,,,,,,,,,,,,,,,
29,3,Determine the current assets for Quantum Bridge Holdings in 2024 .,,big_numbers,,current_assets,"{""derived"": ""current_assets"", ""expanded"": {""op"": ""sum"", ""left"": {""op"": ""sum"", ""left"": {""op"": ""sum"", ""left"": {""leaf"": ""16_cash"", ""depth"": 0}, ""right"": {""leaf"": ""16_accounts_receivable"", ""depth"": 0}, ""depth"": 1}, ""right"": {""leaf"": ""16_inventories"", ""depth"": 0}, ""depth"": 2}, ""right"": {""leaf"": ""16_short_term_investments"", ""depth"": 0}, ""depth"": 3}, ""depth"": 3}","{""kind"": ""derived_concept"", ""name"": ""current_assets"", ""depth"": 0}",2494992.0,2,0,3,517567826,288174282,166777609,0.597,0,1,4,16_cash,cash,cash,Quantum Bridge Holdings,2024,M_USD,1218866.0,16_accounts_receivable,accounts_receivable,accounts receivable,Quantum Bridge Holdings,2024,M_USD,632361.0,16_inventories,inventories,inventories,Quantum Bridge Holdings,2024,M_USD,496042.0,16_short_term_investments,short_term_investments,short term investments,Quantum Bridge Holdings,2024,M_USD,147723.0,,,,,,,,,,,,,,,,,,,,,
31,3,You should give the current assets for Pinnacle Health Group in 2025.,,big_numbers,,current_assets,"{""derived"": ""current_assets"", ""expanded"": {""op"": ""sum"", ""left"": {""op"": ""sum"", ""left"": {""op"": ""sum"", ""left"": {""leaf"": ""35_cash"", ""depth"": 0}, ""right"": {""leaf"": ""35_accounts_receivable"", ""depth"": 0}, ""depth"": 1}, ""right"": {""leaf"": ""35_inventories"", ""depth"": 0}, ""depth"": 2}, ""right"": {""leaf"": ""35_short_term_investments"", ""depth"": 0}, ""depth"": 3}, ""depth"": 3}","{""kind"": ""derived_concept"", ""name"": ""current_assets"", ""depth"": 0}",1090066.0,2,0,3,36049992,915497953,166777609,0.55,0,1,4,35_cash,cash,cash,Pinnacle Health Group,2025,M_USD,401276.0,35_accounts_receivable,accounts_receivable,accounts receivable,Pinnacle Health Group,2025,M_USD,228932.0,35_inventories,inventories,inventories,Pinnacle Health Group,2025,M_USD,112308.0,35_short_term_investments,short_term_investments,short term investments,Pinnacle Health Group,2025,M_USD,347550.0,,,,,,,,,,,,,,,,,,,,,
31,3,compute the pretax income for Quantum Bridge Holdings in 2022.,,big_numbers,,pretax_income,"{""derived"": ""pretax_income"", ""expanded"": {""op"": ""diff"", ""left"": {""derived"": ""operating_income"", ""expanded"": {""op"": ""diff"", ""left"": {""derived"": ""gross_profit"", ""expanded"": {""op"": ""diff"", ""left"": {""leaf"": ""14_revenue"", ""depth"": 0}, ""right"": {""leaf"": ""14_cost_of_goods_sold"", ""depth"": 0}, ""depth"": 1}, ""depth"": 1}, ""right"": {""leaf"": ""14_operating_expenses"", ""depth"": 0}, ""depth"": 2}, ""depth"": 2}, ""right"": {""leaf"": ""14_non_operating_expenses"", ""depth"": 0}, ""depth"": 3}, ""depth"": 3}","{""kind"": ""derived_concept"", ""name"": ""pretax_income"", ""depth"": 0}",2418723.0,4,0,3,116786802,341331390,166777609,0.431,0,1,4,14_revenue,revenue,revenue,Quantum Bridge Holdings,2022,M_USD,8460816.0,14_cost_of_goods_sold,cost_of_goods_sold,cost of goods sold,Quantum Bridge Holdings,2022,M_USD,3531076.0,14_operating_expenses,operating_expenses,operating expenses,Quantum Bridge Holdings,2022,M_USD,1556326.0,14_non_operating_expenses,non_operating_expenses,non operating expenses,Quantum Bridge Holdings,2022,M_USD,954691.0,,,,,,,,,,,,,,,,,,,,,
37,2,What would be the difference between gross profit and total assets for Cobalt Semiconductor in 2023 ?,,big_numbers,,"diff(gross_profit, 69_total_assets)","{""op"": ""diff"", ""left"": {""derived"": ""gross_profit"", ""expanded"": {""op"": ""diff"", ""left"": {""leaf"": ""69_revenue"", ""depth"": 0}, ""right"": {""leaf"": ""69_cost_of_goods_sold"", ""depth"": 0}, ""depth"": 1}, ""depth"": 1}, ""right"": {""leaf"": ""69_total_assets"", ""depth"": 0}, ""depth"": 2}","{""op"": ""diff"", ""left"": {""kind"": ""derived_concept"", ""name"": ""gross_profit"", ""depth"": 0}, ""right"": {""kind"": ""leaf"", ""semantic_type_in"": [""amount""], ""depth"": 0}, ""depth"": 1, ""kind"": ""node""}",-3673038.0,3,1,2,611198526,245619494,166777609,0.125,1,2,3,69_revenue,revenue,revenue,Cobalt Semiconductor,2023,M_USD,5600737.0,69_cost_of_goods_sold,cost_of_goods_sold,cost of goods sold,Cobalt Semiconductor,2023,M_USD,2701037.0,69_total_assets,total_assets,total assets,Cobalt Semiconductor,2023,M_USD,6572738.0,,,,,,,,,,,,,,,,,,,,,,,,,,,,
38,4,what's the value of the longterm assets for Atlas Global Industries in 2020 ?,,big_numbers,,longterm_assets,"{""derived"": ""longterm_assets"", ""expanded"": {""op"": ""diff"", ""left"": {""leaf"": ""24_total_assets"", ""depth"": 0}, ""right"": {""derived"": ""current_assets"", ""expanded"": {""op"": ""sum"", ""left"": {""op"": ""sum"", ""left"": {""op"": ""sum"", ""left"": {""leaf"": ""24_cash"", ""depth"": 0}, ""right"": {""leaf"": ""24_accounts_receivable"", ""depth"": 0}, ""depth"": 1}, ""right"": {""leaf"": ""24_inventories"", ""depth"": 0}, ""depth"": 2}, ""right"": {""leaf"": ""24_short_term_investments"", ""depth"": 0}, ""depth"": 3}, ""depth"": 3}, ""depth"": 4}, ""depth"": 4}","{""kind"": ""derived_concept"", ""name"": ""longterm_assets"", ""depth"": 0}",3208315.0,4,0,4,464139088,754223550,166777609,0.461,0,1,5,24_total_assets,total_assets,total assets,Atlas Global Industries,2020,M_USD,5333390.0,24_cash,cash,cash,Atlas Global Industries,2020,M_USD,1002870.0,24_accounts_receivable,accounts_receivable,accounts receivable,Atlas Global Industries,2020,M_USD,570058.0,24_inventories,inventories,inventories,Atlas Global Industries,2020,M_USD,388625.0,24_short_term_investments,short_term_investments,short term investments,Atlas Global Industries,2020,M_USD,163522.0,,,,,,,,,,,,,,
38,2,What is the operating income for Apex Dynamics Corp in 2023,,big_numbers,,operating_income,"{""derived"": ""operating_income"", ""expanded"": {""op"": ""diff"", ""left"": {""derived"": ""gross_profit"", ""expanded"": {""op"": ""diff"", ""left"": {""leaf"": ""3_revenue"", ""depth"": 0}, ""right"": {""leaf"": ""3_cost_of_goods_sold"", ""depth"": 0}, ""depth"": 1}, ""depth"": 1}, ""right"": {""leaf"": ""3_operating_expenses"", ""depth"": 0}, ""depth"": 2}, ""depth"": 2}","{""kind"": ""derived_concept"", ""name"": ""operating_income"", ""depth"": 0}",2894966.0,3,0,2,168721478,288513611,166777609,0.549,0,1,3,3_revenue,revenue,revenue,Apex Dynamics Corp,2023,M_USD,8822804.0,3_cost_of_goods_sold,cost_of_goods_sold,cost of goods sold,Apex Dynamics Corp,2023,M_USD,5360704.0,3_operating_expenses,operating_expenses,operating expenses,Apex Dynamics Corp,2023,M_USD,567134.0,,,,,,,,,,,,,,,,,,,,,,,,,,,,
39,3,Give the current assets for Orion Financial Group in 2025.,,big_numbers,,current_assets,"{""derived"": ""current_assets"", ""expanded"": {""op"": ""sum"", ""left"": {""op"": ""sum"", ""left"": {""op"": ""sum"", ""left"": {""leaf"": ""59_cash"", ""depth"": 0}, ""right"": {""leaf"": ""59_accounts_receivable"", ""depth"": 0}, ""depth"": 1}, ""right"": {""leaf"": ""59_inventories"", ""depth"": 0}, ""depth"": 2}, ""right"": {""leaf"": ""59_short_term_investments"", ""depth"": 0}, ""depth"": 3}, ""depth"": 3}","{""kind"": ""derived_concept"", ""name"": ""current_assets"", ""depth"": 0}",6635313.0,3,0,3,699901080,171315497,166777609,0.49,0,1,4,59_cash,cash,cash,Orion Financial Group,2025,M_USD,4384696.0,59_accounts_receivable,accounts_receivable,accounts receivable,Orion Financial Group,2025,M_USD,537575.0,59_inventories,inventories,inventories,Orion Financial Group,2025,M_USD,1131477.0,59_short_term_investments,short_term_investments,short term investments,Orion Financial Group,2025,M_USD,581565.0,,,,,,,,,,,,,,,,,,,,,
40,2,What is the operating income for Apex Dynamics Corp in 2020 ?,,big_numbers,,operating_income,"{""derived"": ""operating_income"", ""expanded"": {""op"": ""diff"", ""left"": {""derived"": ""gross_profit"", ""expanded"": {""op"": ""diff"", ""left"": {""leaf"": ""0_revenue"", ""depth"": 0}, ""right"": {""leaf"": ""0_cost_of_goods_sold"", ""depth"": 0}, ""depth"": 1}, ""depth"": 1}, ""right"": {""leaf"": ""0_operating_expenses"", ""depth"": 0}, ""depth"": 2}, ""depth"": 2}","{""kind"": ""derived_concept"", ""name"": ""operating_income"", ""depth"": 0}",3469640.0,3,0,2,648300256,280075220,166777609,0.505,0,1,3,0_revenue,revenue,revenue,Apex Dynamics Corp,2020,M_USD,6778082.0,0_cost_of_goods_sold,cost_of_goods_sold,cost of goods sold,Apex Dynamics Corp,2020,M_USD,2780378.0,0_operating_expenses,operating_expenses,operating expenses,Apex Dynamics Corp,2020,M_USD,528064.0,,,,,,,,,,,,,,,,,,,,,,,,,,,,
44,2,which result follows from the operating income for Ironclad Manufacturing in 2024 ?,,big_numbers,,operating_income,"{""derived"": ""operating_income"", ""expanded"": {""op"": ""diff"", ""left"": {""derived"": ""gross_profit"", ""expanded"": {""op"": ""diff"", ""left"": {""leaf"": ""40_revenue"", ""depth"": 0}, ""right"": {""leaf"": ""40_cost_of_goods_sold"", ""depth"": 0}, ""depth"": 1}, ""depth"": 1}, ""right"": {""leaf"": ""40_operating_expenses"", ""depth"": 0}, ""depth"": 2}, ""depth"": 2}","{""kind"": ""derived_concept"", ""name"": ""operating_income"", ""depth"": 0}",26354627.0,4,0,2,751650470,720957284,166777609,0.324,0,1,3,40_revenue,revenue,revenue,Ironclad Manufacturing,2024,M_USD,46132241.0,40_cost_of_goods_sold,cost_of_goods_sold,cost of goods sold,Ironclad Manufacturing,2024,M_USD,15317329.0,40_operating_expenses,operating_expenses,operating expenses,Ironclad Manufacturing,2024,M_USD,4460285.0,,,,,,,,,,,,,,,,,,,,,,,,,,,,
45,1,what is the value of the longterm liabilities for Apex Dynamics Corp in 2022,,big_numbers,,longterm_liabilities,"{""derived"": ""longterm_liabilities"", ""expanded"": {""op"": ""diff"", ""left"": {""leaf"": ""2_total_liabilities"", ""depth"": 0}, ""right"": {""leaf"": ""2_current_liabilities"", ""depth"": 0}, ""depth"": 1}, ""depth"": 1}","{""kind"": ""derived_concept"", ""name"": ""longterm_liabilities"", ""depth"": 0}",9122546.0,2,0,1,916091681,277451217,166777609,0.203,0,1,2,2_total_liabilities,total_liabilities,total liabilities,Apex Dynamics Corp,2022,M_USD,13928222.0,2_current_liabilities,current_liabilities,current liabilities,Apex Dynamics Corp,2022,M_USD,4805676.0,,,,,,,,,,,,,,,,,,,,,,,,,,,,,,,,,,,
46,1,may you give the gross profit for Orion Financial Group in 2025,,big_numbers,,gross_profit,"{""derived"": ""gross_profit"", ""expanded"": {""op"": ""diff"", ""left"": {""leaf"": ""59_revenue"", ""depth"": 0}, ""right"": {""leaf"": ""59_cost_of_goods_sold"", ""depth"": 0}, ""depth"": 1}, ""depth"": 1}","{""kind"": ""derived_concept"", ""name"": ""gross_profit"", ""depth"": 0}",4746461.0,3,0,1,916444156,419657357,166777609,0.481,0,1,2,59_revenue,revenue,revenue,Orion Financial Group,2025,M_USD,13344781.0,59_cost_of_goods_sold,cost_of_goods_sold,cost of goods sold,Orion Financial Group,2025,M_USD,8598320.0,,,,,,,,,,,,,,,,,,,,,,,,,,,,,,,,,,,
46,3,may you give the current assets for NovaStar Technologies in 2021 ?,,big_numbers,,current_assets,"{""derived"": ""current_assets"", ""expanded"": {""op"": ""sum"", ""left"": {""op"": ""sum"", ""left"": {""op"": ""sum"", ""left"": {""leaf"": ""19_cash"", ""depth"": 0}, ""right"": {""leaf"": ""19_accounts_receivable"", ""depth"": 0}, ""depth"": 1}, ""right"": {""leaf"": ""19_inventories"", ""depth"": 0}, ""depth"": 2}, ""right"": {""leaf"": ""19_short_term_investments"", ""depth"": 0}, ""depth"": 3}, ""depth"": 3}","{""kind"": ""derived_concept"", ""name"": ""current_assets"", ""depth"": 0}",3416058.0,2,0,3,485138214,174477757,166777609,0.544,0,1,4,19_cash,cash,cash,NovaStar Technologies,2021,M_USD,734805.0,19_accounts_receivable,accounts_receivable,accounts receivable,NovaStar Technologies,2021,M_USD,1525041.0,19_inventories,inventories,inventories,NovaStar Technologies,2021,M_USD,665382.0,19_short_term_investments,short_term_investments,short term investments,NovaStar Technologies,2021,M_USD,490830.0,,,,,,,,,,,,,,,,,,,,,
46,1,Compute the longterm liabilities for Quantum Bridge Holdings in 2024.,,big_numbers,,longterm_liabilities,"{""derived"": ""longterm_liabilities"", ""expanded"": {""op"": ""diff"", ""left"": {""leaf"": ""16_total_liabilities"", ""depth"": 0}, ""right"": {""leaf"": ""16_current_liabilities"", ""depth"": 0}, ""depth"": 1}, ""depth"": 1}","{""kind"": ""derived_concept"", ""name"": ""longterm_liabilities"", ""depth"": 0}",3688572.0,3,0,1,617162332,526648831,166777609,0.466,0,1,2,16_total_liabilities,total_liabilities,total liabilities,Quantum Bridge Holdings,2024,M_USD,6236712.0,16_current_liabilities,current_liabilities,current liabilities,Quantum Bridge Holdings,2024,M_USD,2548140.0,,,,,,,,,,,,,,,,,,,,,,,,,,,,,,,,,,,
46,4,What does the following give: sum of current assets and dividends paid for Helix BioSciences in 2023 ?,,big_numbers,,"sum(current_assets, 75_dividends_paid)","{""op"": ""sum"", ""left"": {""derived"": ""current_assets"", ""expanded"": {""op"": ""sum"", ""left"": {""op"": ""sum"", ""left"": {""op"": ""sum"", ""left"": {""leaf"": ""75_cash"", ""depth"": 0}, ""right"": {""leaf"": ""75_accounts_receivable"", ""depth"": 0}, ""depth"": 1}, ""right"": {""leaf"": ""75_inventories"", ""depth"": 0}, ""depth"": 2}, ""right"": {""leaf"": ""75_short_term_investments"", ""depth"": 0}, ""depth"": 3}, ""depth"": 3}, ""right"": {""leaf"": ""75_dividends_paid"", ""depth"": 0}, ""depth"": 4}","{""op"": ""sum"", ""left"": {""kind"": ""derived_concept"", ""name"": ""current_assets"", ""depth"": 0}, ""right"": {""kind"": ""leaf"", ""semantic_type_in"": [""amount""], ""depth"": 0}, ""depth"": 1, ""kind"": ""node""}",10691553.0,4,1,4,541805690,417608663,166777609,0.431,1,2,5,75_cash,cash,cash,Helix BioSciences,2023,M_USD,4140502.0,75_accounts_receivable,accounts_receivable,accounts receivable,Helix BioSciences,2023,M_USD,2832603.0,75_inventories,inventories,inventories,Helix BioSciences,2023,M_USD,1959684.0,75_short_term_investments,short_term_investments,short term investments,Helix BioSciences,2023,M_USD,1631765.0,75_dividends_paid,dividends_paid,dividends paid,Helix BioSciences,2023,M_USD,126999.0,,,,,,,,,,,,,,
51,3,Evaluate the current assets for SilverLine Retail Inc in 2023,,big_numbers,,current_assets,"{""derived"": ""current_assets"", ""expanded"": {""op"": ""sum"", ""left"": {""op"": ""sum"", ""left"": {""op"": ""sum"", ""left"": {""leaf"": ""45_cash"", ""depth"": 0}, ""right"": {""leaf"": ""45_accounts_receivable"", ""depth"": 0}, ""depth"": 1}, ""right"": {""leaf"": ""45_inventories"", ""depth"": 0}, ""depth"": 2}, ""right"": {""leaf"": ""45_short_term_investments"", ""depth"": 0}, ""depth"": 3}, ""depth"": 3}","{""kind"": ""derived_concept"", ""name"": ""current_assets"", ""depth"": 0}",25791167.0,2,0,3,878849455,94120204,166777609,0.461,0,1,4,45_cash,cash,cash,SilverLine Retail Inc,2023,M_USD,6382416.0,45_accounts_receivable,accounts_receivable,accounts receivable,SilverLine Retail Inc,2023,M_USD,10139161.0,45_inventories,inventories,inventories,SilverLine Retail Inc,2023,M_USD,6145950.0,45_short_term_investments,short_term_investments,short term investments,SilverLine Retail Inc,2023,M_USD,3123640.0,,,,,,,,,,,,,,,,,,,,,
51,4,Provide the result of operating income for Pacific Crest Energy in 2021 scaled by ratio of the minimum of total liabilities for Pacific Crest Energy using values from 2024 through 2025 to ratio of sum of operating expenses for Pacific Crest Energy in 2024 and operating expenses for Pacific Crest Energy in 2025 to 2.0,,big_numbers,,"mul(operating_income, ratio(min(52_total_liabilities, 53_total_liabilities), ratio(sum(52_operating_expenses, 53_operating_expenses), 2.0)))","{""op"": ""mul"", ""left"": {""derived"": ""operating_income"", ""expanded"": {""op"": ""diff"", ""left"": {""derived"": ""gross_profit"", ""expanded"": {""op"": ""diff"", ""left"": {""leaf"": ""49_revenue"", ""depth"": 0}, ""right"": {""leaf"": ""49_cost_of_goods_sold"", ""depth"": 0}, ""depth"": 1}, ""depth"": 1}, ""right"": {""leaf"": ""49_operating_expenses"", ""depth"": 0}, ""depth"": 2}, ""depth"": 2}, ""right"": {""op"": ""ratio"", ""left"": {""op"": ""min"", ""left"": {""leaf"": ""52_total_liabilities"", ""depth"": 0}, ""right"": {""leaf"": ""53_total_liabilities"", ""depth"": 0}, ""depth"": 1}, ""right"": {""op"": ""ratio"", ""left"": {""op"": ""sum"", ""left"": {""leaf"": ""52_operating_expenses"", ""depth"": 0}, ""right"": {""leaf"": ""53_operating_expenses"", ""depth"": 0}, ""depth"": 1}, ""right"": {""literal"": 2.0, ""depth"": 0}, ""depth"": 2}, ""depth"": 3}, ""depth"": 4}","{""op"": ""mul"", ""left"": {""kind"": ""derived_concept"", ""name"": ""operating_income"", ""depth"": 0}, ""right"": {""op"": ""ratio"", ""left"": {""kind"": ""time_agg"", ""op"": ""min"", ""depth"": 0}, ""right"": {""kind"": ""time_agg"", ""op"": ""avg"", ""depth"": 0}, ""depth"": 1, ""kind"": ""node""}, ""depth"": 2, ""kind"": ""node""}",15418635.307958368,4,2,4,84470668,528161759,166777609,0.302,2,3,7,49_revenue,revenue,revenue,Pacific Crest Energy,2021,M_USD,19059735.0,49_cost_of_goods_sold,cost_of_goods_sold,cost of goods sold,Pacific Crest Energy,2021,M_USD,11093902.0,49_operating_expenses,operating_expenses,operating expenses,Pacific Crest Energy,2021,M_USD,4335856.0,52_total_liabilities,total_liabilities,total liabilities,Pacific Crest Energy,2024,M_USD,8492001.0,53_total_liabilities,total_liabilities,total liabilities,Pacific Crest Energy,2025,M_USD,12165727.0,52_operating_expenses,operating_expenses,operating expenses,Pacific Crest Energy,2024,M_USD,2079488.0,53_operating_expenses,operating_expenses,operating expenses,Pacific Crest Energy,2025,M_USD,1919020.0
53,1,what is the value of the longterm liabilities for Atlas Global Industries in 2023?,,big_numbers,,longterm_liabilities,"{""derived"": ""longterm_liabilities"", ""expanded"": {""op"": ""diff"", ""left"": {""leaf"": ""27_total_liabilities"", ""depth"": 0}, ""right"": {""leaf"": ""27_current_liabilities"", ""depth"": 0}, ""depth"": 1}, ""depth"": 1}","{""kind"": ""derived_concept"", ""name"": ""longterm_liabilities"", ""depth"": 0}",2471613.0,3,0,1,932976860,205772728,166777609,0.108,0,1,2,27_total_liabilities,total_liabilities,total liabilities,Atlas Global Industries,2023,M_USD,3317081.0,27_current_liabilities,current_liabilities,current liabilities,Atlas Global Industries,2023,M_USD,845468.0,,,,,,,,,,,,,,,,,,,,,,,,,,,,,,,,,,,
53,1,what would be the gross profit for Cobalt Semiconductor in 2021,,big_numbers,,gross_profit,"{""derived"": ""gross_profit"", ""expanded"": {""op"": ""diff"", ""left"": {""leaf"": ""67_revenue"", ""depth"": 0}, ""right"": {""leaf"": ""67_cost_of_goods_sold"", ""depth"": 0}, ""depth"": 1}, ""depth"": 1}","{""kind"": ""derived_concept"", ""name"": ""gross_profit"", ""depth"": 0}",2479484.0,2,0,1,503716764,425815125,166777609,0.272,0,1,2,67_revenue,revenue,revenue,Cobalt Semiconductor,2021,M_USD,5281745.0,67_cost_of_goods_sold,cost_of_goods_sold,cost of goods sold,Cobalt Semiconductor,2021,M_USD,2802261.0,,,,,,,,,,,,,,,,,,,,,,,,,,,,,,,,,,,
54,4,State the result of current assets scaled by ratio of sum of cost of goods sold and operating expenses to capex for Pinnacle Health Group in 2024,,big_numbers,,"mul(current_assets, ratio(sum(34_cost_of_goods_sold, 34_operating_expenses), 34_capex))","{""op"": ""mul"", ""left"": {""derived"": ""current_assets"", ""expanded"": {""op"": ""sum"", ""left"": {""op"": ""sum"", ""left"": {""op"": ""sum"", ""left"": {""leaf"": ""34_cash"", ""depth"": 0}, ""right"": {""leaf"": ""34_accounts_receivable"", ""depth"": 0}, ""depth"": 1}, ""right"": {""leaf"": ""34_inventories"", ""depth"": 0}, ""depth"": 2}, ""right"": {""leaf"": ""34_short_term_investments"", ""depth"": 0}, ""depth"": 3}, ""depth"": 3}, ""right"": {""op"": ""ratio"", ""left"": {""op"": ""sum"", ""left"": {""leaf"": ""34_cost_of_goods_sold"", ""depth"": 0}, ""right"": {""leaf"": ""34_operating_expenses"", ""depth"": 0}, ""depth"": 1}, ""right"": {""leaf"": ""34_capex"", ""depth"": 0}, ""depth"": 2}, ""depth"": 4}","{""op"": ""mul"", ""left"": {""kind"": ""derived_concept"", ""name"": ""current_assets"", ""depth"": 0}, ""right"": {""op"": ""ratio"", ""left"": {""op"": ""sum"", ""left"": {""kind"": ""leaf"", ""semantic_type_in"": [""amount""], ""depth"": 0}, ""right"": {""kind"": ""leaf"", ""semantic_type_in"": [""amount""], ""depth"": 0}, ""depth"": 1, ""kind"": ""node""}, ""right"": {""kind"": ""leaf"", ""semantic_type_in"": [""amount""], ""depth"": 0}, ""depth"": 2, ""kind"": ""node""}, ""depth"": 3, ""kind"": ""node""}",18774901.05849409,3,3,4,907751945,796644208,166777609,0.156,3,4,7,34_cash,cash,cash,Pinnacle Health Group,2024,M_USD,396174.0,34_accounts_receivable,accounts_receivable,accounts receivable,Pinnacle Health Group,2024,M_USD,268207.0,34_inventories,inventories,inventories,Pinnacle Health Group,2024,M_USD,109566.0,34_short_term_investments,short_term_investments,short term investments,Pinnacle Health Group,2024,M_USD,183884.0,34_cost_of_goods_sold,cost_of_goods_sold,cost of goods sold,Pinnacle Health Group,2024,M_USD,985718.0,34_operating_expenses,operating_expenses,operating expenses,Pinnacle Health Group,2024,M_USD,116767.0,34_capex,capex,capex,Pinnacle Health Group,2024,M_USD,56245.0
54,3,Evaluate the sum of sum of result of dividends paid scaled by income tax and result of current liabilities scaled by income tax and gross profit for Titan Consumer Brands in 2020 .,,big_numbers,,"sum(sum(mul(60_dividends_paid, 60_income_tax), mul(60_current_liabilities, 60_income_tax)), gross_profit)","{""op"": ""sum"", ""left"": {""op"": ""sum"", ""left"": {""op"": ""mul"", ""left"": {""leaf"": ""60_dividends_paid"", ""depth"": 0}, ""right"": {""leaf"": ""60_income_tax"", ""depth"": 0}, ""depth"": 1}, ""right"": {""op"": ""mul"", ""left"": {""leaf"": ""60_current_liabilities"", ""depth"": 0}, ""right"": {""leaf"": ""60_income_tax"", ""depth"": 0}, ""depth"": 1}, ""depth"": 2}, ""right"": {""derived"": ""gross_profit"", ""expanded"": {""op"": ""diff"", ""left"": {""leaf"": ""60_revenue"", ""depth"": 0}, ""right"": {""leaf"": ""60_cost_of_goods_sold"", ""depth"": 0}, ""depth"": 1}, ""depth"": 1}, ""depth"": 3}","{""op"": ""sum"", ""left"": {""op"": ""sum"", ""left"": {""op"": ""mul"", ""left"": {""kind"": ""leaf"", ""semantic_type_in"": [""amount""], ""depth"": 0}, ""right"": {""kind"": ""leaf"", ""semantic_type_in"": [""rate""], ""depth"": 0}, ""depth"": 1, ""kind"": ""node""}, ""right"": {""op"": ""mul"", ""left"": {""kind"": ""leaf"", ""semantic_type_in"": [""amount""], ""depth"": 0}, ""right"": {""kind"": ""leaf"", ""semantic_type_in"": [""rate""], ""depth"": 0}, ""depth"": 1, ""kind"": ""node""}, ""depth"": 2, ""kind"": ""node""}, ""right"": {""kind"": ""derived_concept"", ""name"": ""gross_profit"", ""depth"": 0}, ""depth"": 3, ""kind"": ""node""}",32300249.139538147,3,3,3,849953982,517173280,166777609,0.567,4,5,6,60_dividends_paid,dividends_paid,dividends paid,Titan Consumer Brands,2020,M_USD,4428334.0,60_income_tax,income_tax,income tax,Titan Consumer Brands,2020,ratio,0.18419211138201583,60_current_liabilities,current_liabilities,current liabilities,Titan Consumer Brands,2020,M_USD,9617328.0,60_income_tax,income_tax,income tax,Titan Consumer Brands,2020,ratio,0.18419211138201583,60_revenue,revenue,revenue,Titan Consumer Brands,2020,M_USD,42882397.0,60_cost_of_goods_sold,cost_of_goods_sold,cost of goods sold,Titan Consumer Brands,2020,M_USD,13169248.0,,,,,,,
57,4,Evaluate the longterm assets for Titan Consumer Brands in 2023 .,,big_numbers,,longterm_assets,"{""derived"": ""longterm_assets"", ""expanded"": {""op"": ""diff"", ""left"": {""leaf"": ""63_total_assets"", ""depth"": 0}, ""right"": {""derived"": ""current_assets"", ""expanded"": {""op"": ""sum"", ""left"": {""op"": ""sum"", ""left"": {""op"": ""sum"", ""left"": {""leaf"": ""63_cash"", ""depth"": 0}, ""right"": {""leaf"": ""63_accounts_receivable"", ""depth"": 0}, ""depth"": 1}, ""right"": {""leaf"": ""63_inventories"", ""depth"": 0}, ""depth"": 2}, ""right"": {""leaf"": ""63_short_term_investments"", ""depth"": 0}, ""depth"": 3}, ""depth"": 3}, ""depth"": 4}, ""depth"": 4}","{""kind"": ""derived_concept"", ""name"": ""longterm_assets"", ""depth"": 0}",86903890.0,3,0,4,159568383,320075774,166777609,0.43,0,1,5,63_total_assets,total_assets,total assets,Titan Consumer Brands,2023,M_USD,116513897.0,63_cash,cash,cash,Titan Consumer Brands,2023,M_USD,22581509.0,63_accounts_receivable,accounts_receivable,accounts receivable,Titan Consumer Brands,2023,M_USD,3622905.0,63_inventories,inventories,inventories,Titan Consumer Brands,2023,M_USD,1262048.0,63_short_term_investments,short_term_investments,short term investments,Titan Consumer Brands,2023,M_USD,2143545.0,,,,,,,,,,,,,,
57,1,you should calculate the gross profit for Titan Consumer Brands in 2024.,,big_numbers,,gross_profit,"{""derived"": ""gross_profit"", ""expanded"": {""op"": ""diff"", ""left"": {""leaf"": ""64_revenue"", ""depth"": 0}, ""right"": {""leaf"": ""64_cost_of_goods_sold"", ""depth"": 0}, ""depth"": 1}, ""depth"": 1}","{""kind"": ""derived_concept"", ""name"": ""gross_profit"", ""depth"": 0}",14016734.0,2,0,1,80978971,822786294,166777609,0.517,0,1,2,64_revenue,revenue,revenue,Titan Consumer Brands,2024,M_USD,48691135.0,64_cost_of_goods_sold,cost_of_goods_sold,cost of goods sold,Titan Consumer Brands,2024,M_USD,34674401.0,,,,,,,,,,,,,,,,,,,,,,,,,,,,,,,,,,,
57,3,determine the current assets for Quantum Bridge Holdings in 2020,,big_numbers,,current_assets,"{""derived"": ""current_assets"", ""expanded"": {""op"": ""sum"", ""left"": {""op"": ""sum"", ""left"": {""op"": ""sum"", ""left"": {""leaf"": ""12_cash"", ""depth"": 0}, ""right"": {""leaf"": ""12_accounts_receivable"", ""depth"": 0}, ""depth"": 1}, ""right"": {""leaf"": ""12_inventories"", ""depth"": 0}, ""depth"": 2}, ""right"": {""leaf"": ""12_short_term_investments"", ""depth"": 0}, ""depth"": 3}, ""depth"": 3}","{""kind"": ""derived_concept"", ""name"": ""current_assets"", ""depth"": 0}",2835827.0,3,0,3,158856855,923525922,166777609,0.352,0,1,4,12_cash,cash,cash,Quantum Bridge Holdings,2020,M_USD,1418412.0,12_accounts_receivable,accounts_receivable,accounts receivable,Quantum Bridge Holdings,2020,M_USD,845546.0,12_inventories,inventories,inventories,Quantum Bridge Holdings,2020,M_USD,315401.0,12_short_term_investments,short_term_investments,short term investments,Quantum Bridge Holdings,2020,M_USD,256468.0,,,,,,,,,,,,,,,,,,,,,
58,2,You should calculate the difference between gross profit and gross profit for SilverLine Retail Inc in 2023 .,,big_numbers,,"diff(gross_profit, gross_profit)","{""op"": ""diff"", ""left"": {""derived"": ""gross_profit"", ""expanded"": {""op"": ""diff"", ""left"": {""leaf"": ""45_revenue"", ""depth"": 0}, ""right"": {""leaf"": ""45_cost_of_goods_sold"", ""depth"": 0}, ""depth"": 1}, ""depth"": 1}, ""right"": {""derived"": ""gross_profit"", ""expanded"": {""op"": ""diff"", ""left"": {""leaf"": ""45_revenue"", ""depth"": 0}, ""right"": {""leaf"": ""45_cost_of_goods_sold"", ""depth"": 0}, ""depth"": 1}, ""depth"": 1}, ""depth"": 2}","{""op"": ""diff"", ""left"": {""kind"": ""derived_concept"", ""name"": ""gross_profit"", ""depth"": 0}, ""right"": {""kind"": ""derived_concept"", ""name"": ""gross_profit"", ""depth"": 0}, ""depth"": 1, ""kind"": ""node""}",0.0,3,1,2,639709749,270700306,166777609,0.276,1,2,4,45_revenue,revenue,revenue,SilverLine Retail Inc,2023,M_USD,82116828.0,45_cost_of_goods_sold,cost_of_goods_sold,cost of goods sold,SilverLine Retail Inc,2023,M_USD,41686735.0,45_revenue,revenue,revenue,SilverLine Retail Inc,2023,M_USD,82116828.0,45_cost_of_goods_sold,cost_of_goods_sold,cost of goods sold,SilverLine Retail Inc,2023,M_USD,41686735.0,,,,,,,,,,,,,,,,,,,,,
58,4,What is the value of the longterm assets for Apex Dynamics Corp in 2023?,,big_numbers,,longterm_assets,"{""derived"": ""longterm_assets"", ""expanded"": {""op"": ""diff"", ""left"": {""leaf"": ""3_total_assets"", ""depth"": 0}, ""right"": {""derived"": ""current_assets"", ""expanded"": {""op"": ""sum"", ""left"": {""op"": ""sum"", ""left"": {""op"": ""sum"", ""left"": {""leaf"": ""3_cash"", ""depth"": 0}, ""right"": {""leaf"": ""3_accounts_receivable"", ""depth"": 0}, ""depth"": 1}, ""right"": {""leaf"": ""3_inventories"", ""depth"": 0}, ""depth"": 2}, ""right"": {""leaf"": ""3_short_term_investments"", ""depth"": 0}, ""depth"": 3}, ""depth"": 3}, ""depth"": 4}, ""depth"": 4}","{""kind"": ""derived_concept"", ""name"": ""longterm_assets"", ""depth"": 0}",11169071.0,3,0,4,267252373,147222544,166777609,0.158,0,1,5,3_total_assets,total_assets,total assets,Apex Dynamics Corp,2023,M_USD,14858881.0,3_cash,cash,cash,Apex Dynamics Corp,2023,M_USD,1328213.0,3_accounts_receivable,accounts_receivable,accounts receivable,Apex Dynamics Corp,2023,M_USD,1169367.0,3_inventories,inventories,inventories,Apex Dynamics Corp,2023,M_USD,586788.0,3_short_term_investments,short_term_investments,short term investments,Apex Dynamics Corp,2023,M_USD,605442.0,,,,,,,,,,,,,,
59,3,calculate the sum of the minimum of current liabilities for SilverLine Retail Inc using values from 2022 through 2024 and gross profit for SilverLine Retail Inc in 2023,,big_numbers,,"sum(min(min(44_current_liabilities, 45_current_liabilities), 46_current_liabilities), gross_profit)","{""op"": ""sum"", ""left"": {""op"": ""min"", ""left"": {""op"": ""min"", ""left"": {""leaf"": ""44_current_liabilities"", ""depth"": 0}, ""right"": {""leaf"": ""45_current_liabilities"", ""depth"": 0}, ""depth"": 1}, ""right"": {""leaf"": ""46_current_liabilities"", ""depth"": 0}, ""depth"": 2}, ""right"": {""derived"": ""gross_profit"", ""expanded"": {""op"": ""diff"", ""left"": {""leaf"": ""45_revenue"", ""depth"": 0}, ""right"": {""leaf"": ""45_cost_of_goods_sold"", ""depth"": 0}, ""depth"": 1}, ""depth"": 1}, ""depth"": 3}","{""op"": ""sum"", ""left"": {""kind"": ""time_agg"", ""op"": ""min"", ""depth"": 0}, ""right"": {""kind"": ""derived_concept"", ""name"": ""gross_profit"", ""depth"": 0}, ""depth"": 1, ""kind"": ""node""}",49576046.0,3,1,3,480531214,320592497,166777609,0.55,1,2,5,44_current_liabilities,current_liabilities,current liabilities,SilverLine Retail Inc,2022,M_USD,9145953.0,45_current_liabilities,current_liabilities,current liabilities,SilverLine Retail Inc,2023,M_USD,17187721.0,46_current_liabilities,current_liabilities,current liabilities,SilverLine Retail Inc,2024,M_USD,9435486.0,45_revenue,revenue,revenue,SilverLine Retail Inc,2023,M_USD,82116828.0,45_cost_of_goods_sold,cost_of_goods_sold,cost of goods sold,SilverLine Retail Inc,2023,M_USD,41686735.0,,,,,,,,,,,,,,
59,4,Could you give the difference between total assets and current assets for Meridian Systems Inc in 2023?,,big_numbers,,"diff(9_total_assets, current_assets)","{""op"": ""diff"", ""left"": {""leaf"": ""9_total_assets"", ""depth"": 0}, ""right"": {""derived"": ""current_assets"", ""expanded"": {""op"": ""sum"", ""left"": {""op"": ""sum"", ""left"": {""op"": ""sum"", ""left"": {""leaf"": ""9_cash"", ""depth"": 0}, ""right"": {""leaf"": ""9_accounts_receivable"", ""depth"": 0}, ""depth"": 1}, ""right"": {""leaf"": ""9_inventories"", ""depth"": 0}, ""depth"": 2}, ""right"": {""leaf"": ""9_short_term_investments"", ""depth"": 0}, ""depth"": 3}, ""depth"": 3}, ""depth"": 4}","{""op"": ""diff"", ""left"": {""kind"": ""leaf"", ""semantic_type_in"": [""amount""], ""depth"": 0}, ""right"": {""kind"": ""derived_concept"", ""name"": ""current_assets"", ""depth"": 0}, ""depth"": 1, ""kind"": ""node""}",9076542.0,3,1,4,342331267,475418196,166777609,0.347,1,2,5,9_total_assets,total_assets,total assets,Meridian Systems Inc,2023,M_USD,15734387.0,9_cash,cash,cash,Meridian Systems Inc,2023,M_USD,3606202.0,9_accounts_receivable,accounts_receivable,accounts receivable,Meridian Systems Inc,2023,M_USD,2095572.0,9_inventories,inventories,inventories,Meridian Systems Inc,2023,M_USD,274447.0,9_short_term_investments,short_term_investments,short term investments,Meridian Systems Inc,2023,M_USD,681624.0,,,,,,,,,,,,,,
59,2,You should give the operating income for Cobalt Semiconductor in 2024 .,,big_numbers,,operating_income,"{""derived"": ""operating_income"", ""expanded"": {""op"": ""diff"", ""left"": {""derived"": ""gross_profit"", ""expanded"": {""op"": ""diff"", ""left"": {""leaf"": ""70_revenue"", ""depth"": 0}, ""right"": {""leaf"": ""70_cost_of_goods_sold"", ""depth"": 0}, ""depth"": 1}, ""depth"": 1}, ""right"": {""leaf"": ""70_operating_expenses"", ""depth"": 0}, ""depth"": 2}, ""depth"": 2}","{""kind"": ""derived_concept"", ""name"": ""operating_income"", ""depth"": 0}",1365186.0,3,0,2,689839569,117337426,166777609,0.578,0,1,3,70_revenue,revenue,revenue,Cobalt Semiconductor,2024,M_USD,5272456.0,70_cost_of_goods_sold,cost_of_goods_sold,cost of goods sold,Cobalt Semiconductor,2024,M_USD,3084129.0,70_operating_expenses,operating_expenses,operating expenses,Cobalt Semiconductor,2024,M_USD,823141.0,,,,,,,,,,,,,,,,,,,,,,,,,,,,
61,3,Give the sum of operating income for Orion Financial Group in 2021 and the minimum of revenue for Orion Financial Group using values from 2021 through 2023 .,,big_numbers,,"sum(operating_income, min(min(55_revenue, 56_revenue), 57_revenue))","{""op"": ""sum"", ""left"": {""derived"": ""operating_income"", ""expanded"": {""op"": ""diff"", ""left"": {""derived"": ""gross_profit"", ""expanded"": {""op"": ""diff"", ""left"": {""leaf"": ""55_revenue"", ""depth"": 0}, ""right"": {""leaf"": ""55_cost_of_goods_sold"", ""depth"": 0}, ""depth"": 1}, ""depth"": 1}, ""right"": {""leaf"": ""55_operating_expenses"", ""depth"": 0}, ""depth"": 2}, ""depth"": 2}, ""right"": {""op"": ""min"", ""left"": {""op"": ""min"", ""left"": {""leaf"": ""55_revenue"", ""depth"": 0}, ""right"": {""leaf"": ""56_revenue"", ""depth"": 0}, ""depth"": 1}, ""right"": {""leaf"": ""57_revenue"", ""depth"": 0}, ""depth"": 2}, ""depth"": 3}","{""op"": ""sum"", ""left"": {""kind"": ""derived_concept"", ""name"": ""operating_income"", ""depth"": 0}, ""right"": {""kind"": ""time_agg"", ""op"": ""min"", ""depth"": 0}, ""depth"": 1, ""kind"": ""node""}",10033049.0,4,1,3,480512653,657427909,166777609,0.488,1,2,6,55_revenue,revenue,revenue,Orion Financial Group,2021,M_USD,9879209.0,55_cost_of_goods_sold,cost_of_goods_sold,cost of goods sold,Orion Financial Group,2021,M_USD,7320237.0,55_operating_expenses,operating_expenses,operating expenses,Orion Financial Group,2021,M_USD,2405132.0,55_revenue,revenue,revenue,Orion Financial Group,2021,M_USD,9879209.0,56_revenue,revenue,revenue,Orion Financial Group,2022,M_USD,11534824.0,57_revenue,revenue,revenue,Orion Financial Group,2023,M_USD,12777542.0,,,,,,,
63,1,What do we obtain as the longterm liabilities for Cobalt Semiconductor in 2024?,,big_numbers,,longterm_liabilities,"{""derived"": ""longterm_liabilities"", ""expanded"": {""op"": ""diff"", ""left"": {""leaf"": ""70_total_liabilities"", ""depth"": 0}, ""right"": {""leaf"": ""70_current_liabilities"", ""depth"": 0}, ""depth"": 1}, ""depth"": 1}","{""kind"": ""derived_concept"", ""name"": ""longterm_liabilities"", ""depth"": 0}",3836317.0,2,0,1,261155876,514302434,166777609,0.448,0,1,2,70_total_liabilities,total_liabilities,total liabilities,Cobalt Semiconductor,2024,M_USD,5429068.0,70_current_liabilities,current_liabilities,current liabilities,Cobalt Semiconductor,2024,M_USD,1592751.0,,,,,,,,,,,,,,,,,,,,,,,,,,,,,,,,,,,
64,1,you should give the gross profit for Apex Dynamics Corp in 2025.,,big_numbers,,gross_profit,"{""derived"": ""gross_profit"", ""expanded"": {""op"": ""diff"", ""left"": {""leaf"": ""5_revenue"", ""depth"": 0}, ""right"": {""leaf"": ""5_cost_of_goods_sold"", ""depth"": 0}, ""depth"": 1}, ""depth"": 1}","{""kind"": ""derived_concept"", ""name"": ""gross_profit"", ""depth"": 0}",3794084.0,2,0,1,250962845,402953409,166777609,0.242,0,1,2,5_revenue,revenue,revenue,Apex Dynamics Corp,2025,M_USD,7938779.0,5_cost_of_goods_sold,cost_of_goods_sold,cost of goods sold,Apex Dynamics Corp,2025,M_USD,4144695.0,,,,,,,,,,,,,,,,,,,,,,,,,,,,,,,,,,,
64,2,what would be the operating income for Cobalt Semiconductor in 2024?,,big_numbers,,operating_income,"{""derived"": ""operating_income"", ""expanded"": {""op"": ""diff"", ""left"": {""derived"": ""gross_profit"", ""expanded"": {""op"": ""diff"", ""left"": {""leaf"": ""70_revenue"", ""depth"": 0}, ""right"": {""leaf"": ""70_cost_of_goods_sold"", ""depth"": 0}, ""depth"": 1}, ""depth"": 1}, ""right"": {""leaf"": ""70_operating_expenses"", ""depth"": 0}, ""depth"": 2}, ""depth"": 2}","{""kind"": ""derived_concept"", ""name"": ""operating_income"", ""depth"": 0}",1365186.0,4,0,2,743179263,20137185,166777609,0.434,0,1,3,70_revenue,revenue,revenue,Cobalt Semiconductor,2024,M_USD,5272456.0,70_cost_of_goods_sold,cost_of_goods_sold,cost of goods sold,Cobalt Semiconductor,2024,M_USD,3084129.0,70_operating_expenses,operating_expenses,operating expenses,Cobalt Semiconductor,2024,M_USD,823141.0,,,,,,,,,,,,,,,,,,,,,,,,,,,,
64,4,could you give the longterm assets for Meridian Systems Inc in 2021?,,big_numbers,,longterm_assets,"{""derived"": ""longterm_assets"", ""expanded"": {""op"": ""diff"", ""left"": {""leaf"": ""7_total_assets"", ""depth"": 0}, ""right"": {""derived"": ""current_assets"", ""expanded"": {""op"": ""sum"", ""left"": {""op"": ""sum"", ""left"": {""op"": ""sum"", ""left"": {""leaf"": ""7_cash"", ""depth"": 0}, ""right"": {""leaf"": ""7_accounts_receivable"", ""depth"": 0}, ""depth"": 1}, ""right"": {""leaf"": ""7_inventories"", ""depth"": 0}, ""depth"": 2}, ""right"": {""leaf"": ""7_short_term_investments"", ""depth"": 0}, ""depth"": 3}, ""depth"": 3}, ""depth"": 4}, ""depth"": 4}","{""kind"": ""derived_concept"", ""name"": ""longterm_assets"", ""depth"": 0}",6461221.0,4,0,4,346954878,277338354,166777609,0.449,0,1,5,7_total_assets,total_assets,total assets,Meridian Systems Inc,2021,M_USD,12121856.0,7_cash,cash,cash,Meridian Systems Inc,2021,M_USD,2581548.0,7_accounts_receivable,accounts_receivable,accounts receivable,Meridian Systems Inc,2021,M_USD,1213488.0,7_inventories,inventories,inventories,Meridian Systems Inc,2021,M_USD,254346.0,7_short_term_investments,short_term_investments,short term investments,Meridian Systems Inc,2021,M_USD,1611253.0,,,,,,,,,,,,,,
64,1,Determine the gross profit for Pinnacle Health Group in 2022,,big_numbers,,gross_profit,"{""derived"": ""gross_profit"", ""expanded"": {""op"": ""diff"", ""left"": {""leaf"": ""32_revenue"", ""depth"": 0}, ""right"": {""leaf"": ""32_cost_of_goods_sold"", ""depth"": 0}, ""depth"": 1}, ""depth"": 1}","{""kind"": ""derived_concept"", ""name"": ""gross_profit"", ""depth"": 0}",545095.0,4,0,1,50673448,258500177,166777609,0.471,0,1,2,32_revenue,revenue,revenue,Pinnacle Health Group,2022,M_USD,1717550.0,32_cost_of_goods_sold,cost_of_goods_sold,cost of goods sold,Pinnacle Health Group,2022,M_USD,1172455.0,,,,,,,,,,,,,,,,,,,,,,,,,,,,,,,,,,,
65,3,could you give the current assets for Meridian Systems Inc in 2025 ?,,big_numbers,,current_assets,"{""derived"": ""current_assets"", ""expanded"": {""op"": ""sum"", ""left"": {""op"": ""sum"", ""left"": {""op"": ""sum"", ""left"": {""leaf"": ""11_cash"", ""depth"": 0}, ""right"": {""leaf"": ""11_accounts_receivable"", ""depth"": 0}, ""depth"": 1}, ""right"": {""leaf"": ""11_inventories"", ""depth"": 0}, ""depth"": 2}, ""right"": {""leaf"": ""11_short_term_investments"", ""depth"": 0}, ""depth"": 3}, ""depth"": 3}","{""kind"": ""derived_concept"", ""name"": ""current_assets"", ""depth"": 0}",6588464.0,2,0,3,24537956,905868678,166777609,0.502,0,1,4,11_cash,cash,cash,Meridian Systems Inc,2025,M_USD,607040.0,11_accounts_receivable,accounts_receivable,accounts receivable,Meridian Systems Inc,2025,M_USD,2754239.0,11_inventories,inventories,inventories,Meridian Systems Inc,2025,M_USD,1077360.0,11_short_term_investments,short_term_investments,short term investments,Meridian Systems Inc,2025,M_USD,2149825.0,,,,,,,,,,,,,,,,,,,,,
65,1,You should calculate the gross profit for Helix BioSciences in 2024 .,,big_numbers,,gross_profit,"{""derived"": ""gross_profit"", ""expanded"": {""op"": ""diff"", ""left"": {""leaf"": ""76_revenue"", ""depth"": 0}, ""right"": {""leaf"": ""76_cost_of_goods_sold"", ""depth"": 0}, ""depth"": 1}, ""depth"": 1}","{""kind"": ""derived_concept"", ""name"": ""gross_profit"", ""depth"": 0}",14187284.0,2,0,1,873113684,814604693,166777609,0.346,0,1,2,76_revenue,revenue,revenue,Helix BioSciences,2024,M_USD,29484477.0,76_cost_of_goods_sold,cost_of_goods_sold,cost of goods sold,Helix BioSciences,2024,M_USD,15297193.0,,,,,,,,,,,,,,,,,,,,,,,,,,,,,,,,,,,
65,4,which result follows from the longterm assets for Ironclad Manufacturing in 2022,,big_numbers,,longterm_assets,"{""derived"": ""longterm_assets"", ""expanded"": {""op"": ""diff"", ""left"": {""leaf"": ""38_total_assets"", ""depth"": 0}, ""right"": {""derived"": ""current_assets"", ""expanded"": {""op"": ""sum"", ""left"": {""op"": ""sum"", ""left"": {""op"": ""sum"", ""left"": {""leaf"": ""38_cash"", ""depth"": 0}, ""right"": {""leaf"": ""38_accounts_receivable"", ""depth"": 0}, ""depth"": 1}, ""right"": {""leaf"": ""38_inventories"", ""depth"": 0}, ""depth"": 2}, ""right"": {""leaf"": ""38_short_term_investments"", ""depth"": 0}, ""depth"": 3}, ""depth"": 3}, ""depth"": 4}, ""depth"": 4}","{""kind"": ""derived_concept"", ""name"": ""longterm_assets"", ""depth"": 0}",63539082.0,3,0,4,502828673,227447352,166777609,0.42,0,1,5,38_total_assets,total_assets,total assets,Ironclad Manufacturing,2022,M_USD,91562860.0,38_cash,cash,cash,Ironclad Manufacturing,2022,M_USD,13988614.0,38_accounts_receivable,accounts_receivable,accounts receivable,Ironclad Manufacturing,2022,M_USD,3005818.0,38_inventories,inventories,inventories,Ironclad Manufacturing,2022,M_USD,2186336.0,38_short_term_investments,short_term_investments,short term investments,Ironclad Manufacturing,2022,M_USD,8843010.0,,,,,,,,,,,,,,
70,1,determine the gross profit for Quantum Bridge Holdings in 2025 .,,big_numbers,,gross_profit,"{""derived"": ""gross_profit"", ""expanded"": {""op"": ""diff"", ""left"": {""leaf"": ""17_revenue"", ""depth"": 0}, ""right"": {""leaf"": ""17_cost_of_goods_sold"", ""depth"": 0}, ""depth"": 1}, ""depth"": 1}","{""kind"": ""derived_concept"", ""name"": ""gross_profit"", ""depth"": 0}",4698167.0,3,0,1,922820566,764688323,166777609,0.557,0,1,2,17_revenue,revenue,revenue,Quantum Bridge Holdings,2025,M_USD,9374322.0,17_cost_of_goods_sold,cost_of_goods_sold,cost of goods sold,Quantum Bridge Holdings,2025,M_USD,4676155.0,,,,,,,,,,,,,,,,,,,,,,,,,,,,,,,,,,,
70,3,Compute the current assets for Quantum Bridge Holdings in 2023 .,,big_numbers,,current_assets,"{""derived"": ""current_assets"", ""expanded"": {""op"": ""sum"", ""left"": {""op"": ""sum"", ""left"": {""op"": ""sum"", ""left"": {""leaf"": ""15_cash"", ""depth"": 0}, ""right"": {""leaf"": ""15_accounts_receivable"", ""depth"": 0}, ""depth"": 1}, ""right"": {""leaf"": ""15_inventories"", ""depth"": 0}, ""depth"": 2}, ""right"": {""leaf"": ""15_short_term_investments"", ""depth"": 0}, ""depth"": 3}, ""depth"": 3}","{""kind"": ""derived_concept"", ""name"": ""current_assets"", ""depth"": 0}",4458075.0,4,0,3,317907331,57406378,166777609,0.42,0,1,4,15_cash,cash,cash,Quantum Bridge Holdings,2023,M_USD,2229424.0,15_accounts_receivable,accounts_receivable,accounts receivable,Quantum Bridge Holdings,2023,M_USD,1039405.0,15_inventories,inventories,inventories,Quantum Bridge Holdings,2023,M_USD,252953.0,15_short_term_investments,short_term_investments,short term investments,Quantum Bridge Holdings,2023,M_USD,936293.0,,,,,,,,,,,,,,,,,,,,,
70,2,Which result follows from the sum of revenue and gross profit for Helix BioSciences in 2022 ?,,big_numbers,,"sum(74_revenue, gross_profit)","{""op"": ""sum"", ""left"": {""leaf"": ""74_revenue"", ""depth"": 0}, ""right"": {""derived"": ""gross_profit"", ""expanded"": {""op"": ""diff"", ""left"": {""leaf"": ""74_revenue"", ""depth"": 0}, ""right"": {""leaf"": ""74_cost_of_goods_sold"", ""depth"": 0}, ""depth"": 1}, ""depth"": 1}, ""depth"": 2}","{""op"": ""sum"", ""left"": {""kind"": ""leaf"", ""semantic_type_in"": [""amount""], ""depth"": 0}, ""right"": {""kind"": ""derived_concept"", ""name"": ""gross_profit"", ""depth"": 0}, ""depth"": 1, ""kind"": ""node""}",32247494.0,3,1,2,396875094,17918809,166777609,0.321,1,2,3,74_revenue,revenue,revenue,Helix BioSciences,2022,M_USD,22891464.0,74_revenue,revenue,revenue,Helix BioSciences,2022,M_USD,22891464.0,74_cost_of_goods_sold,cost_of_goods_sold,cost of goods sold,Helix BioSciences,2022,M_USD,13535434.0,,,,,,,,,,,,,,,,,,,,,,,,,,,,
73,1,Calculate the gross profit for SilverLine Retail Inc in 2020 .,,big_numbers,,gross_profit,"{""derived"": ""gross_profit"", ""expanded"": {""op"": ""diff"", ""left"": {""leaf"": ""42_revenue"", ""depth"": 0}, ""right"": {""leaf"": ""42_cost_of_goods_sold"", ""depth"": 0}, ""depth"": 1}, ""depth"": 1}","{""kind"": ""derived_concept"", ""name"": ""gross_profit"", ""depth"": 0}",32054427.0,3,0,1,417179583,110265223,166777609,0.3,0,1,2,42_revenue,revenue,revenue,SilverLine Retail Inc,2020,M_USD,55388486.0,42_cost_of_goods_sold,cost_of_goods_sold,cost of goods sold,SilverLine Retail Inc,2020,M_USD,23334059.0,,,,,,,,,,,,,,,,,,,,,,,,,,,,,,,,,,,
77,1,What does the following give: gross profit for Crimson Pharmaceuticals in 2021 ?,,big_numbers,,gross_profit,"{""derived"": ""gross_profit"", ""expanded"": {""op"": ""diff"", ""left"": {""leaf"": ""85_revenue"", ""depth"": 0}, ""right"": {""leaf"": ""85_cost_of_goods_sold"", ""depth"": 0}, ""depth"": 1}, ""depth"": 1}","{""kind"": ""derived_concept"", ""name"": ""gross_profit"", ""depth"": 0}",30121895.0,4,0,1,132996732,381165816,166777609,0.226,0,1,2,85_revenue,revenue,revenue,Crimson Pharmaceuticals,2021,M_USD,55023841.0,85_cost_of_goods_sold,cost_of_goods_sold,cost of goods sold,Crimson Pharmaceuticals,2021,M_USD,24901946.0,,,,,,,,,,,,,,,,,,,,,,,,,,,,,,,,,,,
82,3,Which value corresponds to the current assets for Helix BioSciences in 2020 ?,,big_numbers,,current_assets,"{""derived"": ""current_assets"", ""expanded"": {""op"": ""sum"", ""left"": {""op"": ""sum"", ""left"": {""op"": ""sum"", ""left"": {""leaf"": ""72_cash"", ""depth"": 0}, ""right"": {""leaf"": ""72_accounts_receivable"", ""depth"": 0}, ""depth"": 1}, ""right"": {""leaf"": ""72_inventories"", ""depth"": 0}, ""depth"": 2}, ""right"": {""leaf"": ""72_short_term_investments"", ""depth"": 0}, ""depth"": 3}, ""depth"": 3}","{""kind"": ""derived_concept"", ""name"": ""current_assets"", ""depth"": 0}",9327148.0,4,0,3,534571495,791216961,166777609,0.454,0,1,4,72_cash,cash,cash,Helix BioSciences,2020,M_USD,2717732.0,72_accounts_receivable,accounts_receivable,accounts receivable,Helix BioSciences,2020,M_USD,2042662.0,72_inventories,inventories,inventories,Helix BioSciences,2020,M_USD,1774247.0,72_short_term_investments,short_term_investments,short term investments,Helix BioSciences,2020,M_USD,2792507.0,,,,,,,,,,,,,,,,,,,,,
82,2,state the difference between total equity and longterm liabilities for Pinnacle Health Group in 2021.,,big_numbers,,"diff(31_total_equity, longterm_liabilities)","{""op"": ""diff"", ""left"": {""leaf"": ""31_total_equity"", ""depth"": 0}, ""right"": {""derived"": ""longterm_liabilities"", ""expanded"": {""op"": ""diff"", ""left"": {""leaf"": ""31_total_liabilities"", ""depth"": 0}, ""right"": {""leaf"": ""31_current_liabilities"", ""depth"": 0}, ""depth"": 1}, ""depth"": 1}, ""depth"": 2}","{""op"": ""diff"", ""left"": {""kind"": ""leaf"", ""semantic_type_in"": [""amount""], ""depth"": 0}, ""right"": {""kind"": ""derived_concept"", ""name"": ""longterm_liabilities"", ""depth"": 0}, ""depth"": 1, ""kind"": ""node""}",400480.0,3,1,2,341423117,181573529,166777609,0.161,1,2,3,31_total_equity,total_equity,total equity,Pinnacle Health Group,2021,M_USD,651409.0,31_total_liabilities,total_liabilities,total liabilities,Pinnacle Health Group,2021,M_USD,385548.0,31_current_liabilities,current_liabilities,current liabilities,Pinnacle Health Group,2021,M_USD,134619.0,,,,,,,,,,,,,,,,,,,,,,,,,,,,
82,3,whats the value of the current assets for ClearPath Logistics in 2025 ?,,big_numbers,,current_assets,"{""derived"": ""current_assets"", ""expanded"": {""op"": ""sum"", ""left"": {""op"": ""sum"", ""left"": {""op"": ""sum"", ""left"": {""leaf"": ""83_cash"", ""depth"": 0}, ""right"": {""leaf"": ""83_accounts_receivable"", ""depth"": 0}, ""depth"": 1}, ""right"": {""leaf"": ""83_inventories"", ""depth"": 0}, ""depth"": 2}, ""right"": {""leaf"": ""83_short_term_investments"", ""depth"": 0}, ""depth"": 3}, ""depth"": 3}","{""kind"": ""derived_concept"", ""name"": ""current_assets"", ""depth"": 0}",24357603.0,3,0,3,75406240,467436308,166777609,0.507,0,1,4,83_cash,cash,cash,ClearPath Logistics,2025,M_USD,4934710.0,83_accounts_receivable,accounts_receivable,accounts receivable,ClearPath Logistics,2025,M_USD,8111756.0,83_inventories,inventories,inventories,ClearPath Logistics,2025,M_USD,3579580.0,83_short_term_investments,short_term_investments,short term investments,ClearPath Logistics,2025,M_USD,7731557.0,,,,,,,,,,,,,,,,,,,,,
85,2,You should calculate the operating income for Titan Consumer Brands in 2024.,,big_numbers,,operating_income,"{""derived"": ""operating_income"", ""expanded"": {""op"": ""diff"", ""left"": {""derived"": ""gross_profit"", ""expanded"": {""op"": ""diff"", ""left"": {""leaf"": ""64_revenue"", ""depth"": 0}, ""right"": {""leaf"": ""64_cost_of_goods_sold"", ""depth"": 0}, ""depth"": 1}, ""depth"": 1}, ""right"": {""leaf"": ""64_operating_expenses"", ""depth"": 0}, ""depth"": 2}, ""depth"": 2}","{""kind"": ""derived_concept"", ""name"": ""operating_income"", ""depth"": 0}",11081184.0,4,0,2,619432831,182602037,166777609,0.524,0,1,3,64_revenue,revenue,revenue,Titan Consumer Brands,2024,M_USD,48691135.0,64_cost_of_goods_sold,cost_of_goods_sold,cost of goods sold,Titan Consumer Brands,2024,M_USD,34674401.0,64_operating_expenses,operating_expenses,operating expenses,Titan Consumer Brands,2024,M_USD,2935550.0,,,,,,,,,,,,,,,,,,,,,,,,,,,,
87,3,What would be the current assets for Cobalt Semiconductor in 2020?,,big_numbers,,current_assets,"{""derived"": ""current_assets"", ""expanded"": {""op"": ""sum"", ""left"": {""op"": ""sum"", ""left"": {""op"": ""sum"", ""left"": {""leaf"": ""66_cash"", ""depth"": 0}, ""right"": {""leaf"": ""66_accounts_receivable"", ""depth"": 0}, ""depth"": 1}, ""right"": {""leaf"": ""66_inventories"", ""depth"": 0}, ""depth"": 2}, ""right"": {""leaf"": ""66_short_term_investments"", ""depth"": 0}, ""depth"": 3}, ""depth"": 3}","{""kind"": ""derived_concept"", ""name"": ""current_assets"", ""depth"": 0}",2956627.0,3,0,3,495312361,21704442,166777609,0.385,0,1,4,66_cash,cash,cash,Cobalt Semiconductor,2020,M_USD,1259771.0,66_accounts_receivable,accounts_receivable,accounts receivable,Cobalt Semiconductor,2020,M_USD,691408.0,66_inventories,inventories,inventories,Cobalt Semiconductor,2020,M_USD,101702.0,66_short_term_investments,short_term_investments,short term investments,Cobalt Semiconductor,2020,M_USD,903746.0,,,,,,,,,,,,,,,,,,,,,
93,3,May you calculate the pretax income for NovaStar Technologies in 2023?,,big_numbers,,pretax_income,"{""derived"": ""pretax_income"", ""expanded"": {""op"": ""diff"", ""left"": {""derived"": ""operating_income"", ""expanded"": {""op"": ""diff"", ""left"": {""derived"": ""gross_profit"", ""expanded"": {""op"": ""diff"", ""left"": {""leaf"": ""21_revenue"", ""depth"": 0}, ""right"": {""leaf"": ""21_cost_of_goods_sold"", ""depth"": 0}, ""depth"": 1}, ""depth"": 1}, ""right"": {""leaf"": ""21_operating_expenses"", ""depth"": 0}, ""depth"": 2}, ""depth"": 2}, ""right"": {""leaf"": ""21_non_operating_expenses"", ""depth"": 0}, ""depth"": 3}, ""depth"": 3}","{""kind"": ""derived_concept"", ""name"": ""pretax_income"", ""depth"": 0}",4132443.0,4,0,3,34658941,682794522,166777609,0.264,0,1,4,21_revenue,revenue,revenue,NovaStar Technologies,2023,M_USD,15869595.0,21_cost_of_goods_sold,cost_of_goods_sold,cost of goods sold,NovaStar Technologies,2023,M_USD,7511681.0,21_operating_expenses,operating_expenses,operating expenses,NovaStar Technologies,2023,M_USD,2623523.0,21_non_operating_expenses,non_operating_expenses,non operating expenses,NovaStar Technologies,2023,M_USD,1601948.0,,,,,,,,,,,,,,,,,,,,,
