question_id,depth,question,expression,expression_json,template_expression,answer,template_depth_requested,template_actual_depth,bound_expression_depth,tree_seed,binding_seed,master_seed,derived_prob,template_internal_nodes,template_leaf_slots,bound_leaf_count,leaf_1_key,leaf_1_concept,leaf_1_label,leaf_1_entity,leaf_1_period,leaf_1_unit,leaf_1_value,leaf_2_key,leaf_2_concept,leaf_2_label,leaf_2_entity,leaf_2_period,leaf_2_unit,leaf_2_value,leaf_3_key,leaf_3_concept,leaf_3_label,leaf_3_entity,leaf_3_period,leaf_3_unit,leaf_3_value,leaf_4_key,leaf_4_concept,leaf_4_label,leaf_4_entity,leaf_4_period,leaf_4_unit,leaf_4_value,leaf_5_key,leaf_5_concept,leaf_5_label,leaf_5_entity,leaf_5_period,leaf_5_unit,leaf_5_value,leaf_6_key,leaf_6_concept,leaf_6_label,leaf_6_entity,leaf_6_period,leaf_6_unit,leaf_6_value,leaf_7_key,leaf_7_concept,leaf_7_label,leaf_7_entity,leaf_7_period,leaf_7_unit,leaf_7_value,leaf_8_key,leaf_8_concept,leaf_8_label,leaf_8_entity,leaf_8_period,leaf_8_unit,leaf_8_value,leaf_9_key,leaf_9_concept,leaf_9_label,leaf_9_entity,leaf_9_period,leaf_9_unit,leaf_9_value
2,2,"what do we obtain as the income before taxes for GLP in Nine Months Ended October 31, 2025",income_before_taxes,"{""derived"": ""income_before_taxes"", ""expanded"": {""op"": ""sum"", ""left"": {""derived"": ""operating_income"", ""expanded"": {""op"": ""diff"", ""left"": {""leaf"": ""6890_total_revenues_current_ytd"", ""depth"": 0}, ""right"": {""leaf"": ""6910_total_costs_and_expenses_current_ytd"", ""depth"": 0}, ""depth"": 1}, ""depth"": 1}, ""right"": {""leaf"": ""6918_other_income_expense_net_current_ytd"", ""depth"": 0}, ""depth"": 2}, ""depth"": 2}","{""kind"": ""derived_concept"", ""name"": ""income_before_taxes"", ""depth"": 0}",53043.0,4,0,2,191119232,871295013,777,0.473,0,1,3,6890_total_revenues_current_ytd,total_revenues,total revenues,GLP,"Nine Months Ended October 31, 2025",M_USD,290220.0,6910_total_costs_and_expenses_current_ytd,total_costs_and_expenses,total costs and expenses,GLP,"Nine Months Ended October 31, 2025",M_USD,236916.0,6918_other_income_expense_net_current_ytd,other_income_expense_net,other income expense net,GLP,"Nine Months Ended October 31, 2025",M_USD,-261.0,,,,,,,,,,,,,,,,,,,,,,,,,,,,,,,,,,,,,,,,,,
3,1,"you should give the maximum of total costs and expenses for CNS from Three Months Ended April 30, 2024 to Three Months Ended April 30, 2025","max(5951_total_costs_and_expenses_prior_year_quarter, 5950_total_costs_and_expenses_current_quarter)","{""op"": ""max"", ""left"": {""leaf"": ""5951_total_costs_and_expenses_prior_year_quarter"", ""depth"": 0}, ""right"": {""leaf"": ""5950_total_costs_and_expenses_current_quarter"", ""depth"": 0}, ""depth"": 1}","{""kind"": ""time_agg"", ""op"": ""max"", ""depth"": 0}",5548.0,3,0,1,575737505,422658837,777,0.253,0,1,2,5951_total_costs_and_expenses_prior_year_quarter,total_costs_and_expenses,total costs and expenses,CNS,"Three Months Ended April 30, 2024",M_USD,5264.0,5950_total_costs_and_expenses_current_quarter,total_costs_and_expenses,total costs and expenses,CNS,"Three Months Ended April 30, 2025",M_USD,5548.0,,,,,,,,,,,,,,,,,,,,,,,,,,,,,,,,,,,,,,,,,,,,,,,,,
4,3,"May you calculate the total current liabilities for PLX in September 30, 2025",total_current_liabilities,"{""derived"": ""total_current_liabilities"", ""expanded"": {""op"": ""sum"", ""left"": {""op"": ""sum"", ""left"": {""op"": ""sum"", ""left"": {""leaf"": ""4279_accounts_payable_prior_fy_end"", ""depth"": 0}, ""right"": {""leaf"": ""4281_deferred_revenue_current_prior_fy_end"", ""depth"": 0}, ""depth"": 1}, ""right"": {""leaf"": ""4283_accrued_expenses_and_other_prior_fy_end"", ""depth"": 0}, ""depth"": 2}, ""right"": {""leaf"": ""4285_current_portion_of_long_term_debt_prior_fy_end"", ""depth"": 0}, ""depth"": 3}, ""depth"": 3}","{""kind"": ""derived_concept"", ""name"": ""total_current_liabilities"", ""depth"": 0}",4097.0,3,0,3,265595418,576490626,777,0.321,0,1,4,4279_accounts_payable_prior_fy_end,accounts_payable,accounts payable,PLX,"September 30, 2025",M_USD,1728.0,4281_deferred_revenue_current_prior_fy_end,deferred_revenue_current,deferred revenue current,PLX,"September 30, 2025",M_USD,555.0,4283_accrued_expenses_and_other_prior_fy_end,accrued_expenses_and_other,accrued expenses and other,PLX,"September 30, 2025",M_USD,1446.0,4285_current_portion_of_long_term_debt_prior_fy_end,current_portion_of_long_term_debt,current portion of long term debt,PLX,"September 30, 2025",M_USD,368.0,,,,,,,,,,,,,,,,,,,,,,,,,,,,,,,,,,,
5,1,"what is the value of the maximum of provision for income taxes for BNK from Three Months Ended October 31, 2024 to Three Months Ended October 31, 2025?","max(4675_provision_for_income_taxes_prior_year_quarter, 4674_provision_for_income_taxes_current_quarter)","{""op"": ""max"", ""left"": {""leaf"": ""4675_provision_for_income_taxes_prior_year_quarter"", ""depth"": 0}, ""right"": {""leaf"": ""4674_provision_for_income_taxes_current_quarter"", ""depth"": 0}, ""depth"": 1}","{""kind"": ""time_agg"", ""op"": ""max"", ""depth"": 0}",530.0,4,0,1,886725490,977833274,777,0.54,0,1,2,4675_provision_for_income_taxes_prior_year_quarter,provision_for_income_taxes,provision for income taxes,BNK,"Three Months Ended October 31, 2024",M_USD,474.0,4674_provision_for_income_taxes_current_quarter,provision_for_income_taxes,provision for income taxes,BNK,"Three Months Ended October 31, 2025",M_USD,530.0,,,,,,,,,,,,,,,,,,,,,,,,,,,,,,,,,,,,,,,,,,,,,,,,,
6,1,"what does the following give: maximum of total revenues for GBL from Three Months Ended April 30, 2024 to Three Months Ended April 30, 2025 ?","max(6765_total_revenues_prior_year_quarter, 6764_total_revenues_current_quarter)","{""op"": ""max"", ""left"": {""leaf"": ""6765_total_revenues_prior_year_quarter"", ""depth"": 0}, ""right"": {""leaf"": ""6764_total_revenues_current_quarter"", ""depth"": 0}, ""depth"": 1}","{""kind"": ""time_agg"", ""op"": ""max"", ""depth"": 0}",36200.0,4,0,1,967948810,150522308,777,0.16,0,1,2,6765_total_revenues_prior_year_quarter,total_revenues,total revenues,GBL,"Three Months Ended April 30, 2024",M_USD,36200.0,6764_total_revenues_current_quarter,total_revenues,total revenues,GBL,"Three Months Ended April 30, 2025",M_USD,35087.0,,,,,,,,,,,,,,,,,,,,,,,,,,,,,,,,,,,,,,,,,,,,,,,,,
7,1,"compute the free cash flow for ZNX in Six Months Ended July 31, 2024.",free_cash_flow,"{""derived"": ""free_cash_flow"", ""expanded"": {""op"": ""sum"", ""left"": {""leaf"": ""6331_net_cash_from_operating_prior_ytd"", ""depth"": 0}, ""right"": {""leaf"": ""6333_capital_expenditures_prior_ytd"", ""depth"": 0}, ""depth"": 1}, ""depth"": 1}","{""kind"": ""derived_concept"", ""name"": ""free_cash_flow"", ""depth"": 0}",9864.0,2,0,1,692772672,358468593,777,0.378,0,1,2,6331_net_cash_from_operating_prior_ytd,net_cash_from_operating,net cash from operating,ZNX,"Six Months Ended July 31, 2024",M_USD,12469.0,6333_capital_expenditures_prior_ytd,capital_expenditures,capital expenditures,ZNX,"Six Months Ended July 31, 2024",M_USD,-2605.0,,,,,,,,,,,,,,,,,,,,,,,,,,,,,,,,,,,,,,,,,,,,,,,,,
8,1,"What's the value of the minimum of goodwill for CLR from December 31, 2024 to October 31, 2025","min(197_goodwill_prior_fy_end, 196_goodwill_current_quarter_end)","{""op"": ""min"", ""left"": {""leaf"": ""197_goodwill_prior_fy_end"", ""depth"": 0}, ""right"": {""leaf"": ""196_goodwill_current_quarter_end"", ""depth"": 0}, ""depth"": 1}","{""kind"": ""time_agg"", ""op"": ""min"", ""depth"": 0}",3629.0,4,0,1,784532633,380397376,777,0.429,0,1,2,197_goodwill_prior_fy_end,goodwill,goodwill,CLR,"December 31, 2024",M_USD,3629.0,196_goodwill_current_quarter_end,goodwill,goodwill,CLR,"October 31, 2025",M_USD,3787.0,,,,,,,,,,,,,,,,,,,,,,,,,,,,,,,,,,,,,,,,,,,,,,,,,
9,1,"provide the minimum of shares used diluted for TPH from Nine Months Ended October 31, 2024 to Nine Months Ended October 31, 2025.","min(2603_shares_used_diluted_prior_year_ytd, 2602_shares_used_diluted_current_ytd)","{""op"": ""min"", ""left"": {""leaf"": ""2603_shares_used_diluted_prior_year_ytd"", ""depth"": 0}, ""right"": {""leaf"": ""2602_shares_used_diluted_current_ytd"", ""depth"": 0}, ""depth"": 1}","{""kind"": ""time_agg"", ""op"": ""min"", ""depth"": 0}",5231583.0,2,0,1,146617318,600464209,777,0.217,0,1,2,2603_shares_used_diluted_prior_year_ytd,shares_used_diluted,shares used diluted,TPH,"Nine Months Ended October 31, 2024",M_shares,5231583.0,2602_shares_used_diluted_current_ytd,shares_used_diluted,shares used diluted,TPH,"Nine Months Ended October 31, 2025",M_shares,5444401.0,,,,,,,,,,,,,,,,,,,,,,,,,,,,,,,,,,,,,,,,,,,,,,,,,
10,3,"which value corresponds to the net income for GLP in Nine Months Ended October 31, 2024",net_income,"{""derived"": ""net_income"", ""expanded"": {""op"": ""diff"", ""left"": {""derived"": ""income_before_taxes"", ""expanded"": {""op"": ""sum"", ""left"": {""derived"": ""operating_income"", ""expanded"": {""op"": ""diff"", ""left"": {""leaf"": ""6891_total_revenues_prior_year_ytd"", ""depth"": 0}, ""right"": {""leaf"": ""6911_total_costs_and_expenses_prior_year_ytd"", ""depth"": 0}, ""depth"": 1}, ""depth"": 1}, ""right"": {""leaf"": ""6919_other_income_expense_net_prior_year_ytd"", ""depth"": 0}, ""depth"": 2}, ""depth"": 2}, ""right"": {""leaf"": ""6923_provision_for_income_taxes_prior_year_ytd"", ""depth"": 0}, ""depth"": 3}, ""depth"": 3}","{""kind"": ""derived_concept"", ""name"": ""net_income"", ""depth"": 0}",43161.0,4,0,3,626282952,946741453,777,0.381,0,1,4,6891_total_revenues_prior_year_ytd,total_revenues,total revenues,GLP,"Nine Months Ended October 31, 2024",M_USD,321576.0,6911_total_costs_and_expenses_prior_year_ytd,total_costs_and_expenses,total costs and expenses,GLP,"Nine Months Ended October 31, 2024",M_USD,262515.0,6919_other_income_expense_net_prior_year_ytd,other_income_expense_net,other income expense net,GLP,"Nine Months Ended October 31, 2024",M_USD,-288.0,6923_provision_for_income_taxes_prior_year_ytd,provision_for_income_taxes,provision for income taxes,GLP,"Nine Months Ended October 31, 2024",M_USD,15612.0,,,,,,,,,,,,,,,,,,,,,,,,,,,,,,,,,,,
11,2,"what's the value of the average property plant and equipment net for CLR from December 31, 2024 to October 31, 2025 ?","ratio(sum(195_property_plant_and_equipment_net_prior_fy_end, 194_property_plant_and_equipment_net_current_quarter_end), 2.0)","{""op"": ""ratio"", ""left"": {""op"": ""sum"", ""left"": {""leaf"": ""195_property_plant_and_equipment_net_prior_fy_end"", ""depth"": 0}, ""right"": {""leaf"": ""194_property_plant_and_equipment_net_current_quarter_end"", ""depth"": 0}, ""depth"": 1}, ""right"": {""literal"": 2.0, ""depth"": 0}, ""depth"": 2}","{""kind"": ""time_agg"", ""op"": ""avg"", ""depth"": 0}",880.0,1,0,2,365546144,327219567,777,0.161,0,1,2,195_property_plant_and_equipment_net_prior_fy_end,property_plant_and_equipment_net,property plant and equipment net,CLR,"December 31, 2024",M_USD,861.0,194_property_plant_and_equipment_net_current_quarter_end,property_plant_and_equipment_net,property plant and equipment net,CLR,"October 31, 2025",M_USD,899.0,,,,,,,,,,,,,,,,,,,,,,,,,,,,,,,,,,,,,,,,,,,,,,,,,
12,1,"whats the value of the maximum of total current liabilities for CRX from September 30, 2025 to January 31, 2026?","max(4570_total_current_liabilities_current_quarter_end, 4571_total_current_liabilities_prior_fy_end)","{""op"": ""max"", ""left"": {""leaf"": ""4570_total_current_liabilities_current_quarter_end"", ""depth"": 0}, ""right"": {""leaf"": ""4571_total_current_liabilities_prior_fy_end"", ""depth"": 0}, ""depth"": 1}","{""kind"": ""time_agg"", ""op"": ""max"", ""depth"": 0}",11824.0,3,0,1,946559718,138732155,777,0.143,0,1,2,4570_total_current_liabilities_current_quarter_end,total_current_liabilities,total current liabilities,CRX,"January 31, 2026",M_USD,11824.0,4571_total_current_liabilities_prior_fy_end,total_current_liabilities,total current liabilities,CRX,"September 30, 2025",M_USD,10121.0,,,,,,,,,,,,,,,,,,,,,,,,,,,,,,,,,,,,,,,,,,,,,,,,,
13,4,"compute the total liabilities for ZNX in December 31, 2024",total_liabilities,"{""derived"": ""total_liabilities"", ""expanded"": {""op"": ""sum"", ""left"": {""derived"": ""total_current_liabilities"", ""expanded"": {""op"": ""sum"", ""left"": {""op"": ""sum"", ""left"": {""op"": ""sum"", ""left"": {""leaf"": ""6309_accounts_payable_prior_fy_end"", ""depth"": 0}, ""right"": {""leaf"": ""6311_deferred_revenue_current_prior_fy_end"", ""depth"": 0}, ""depth"": 1}, ""right"": {""leaf"": ""6313_accrued_expenses_and_other_prior_fy_end"", ""depth"": 0}, ""depth"": 2}, ""right"": {""leaf"": ""6315_current_portion_of_long_term_debt_prior_fy_end"", ""depth"": 0}, ""depth"": 3}, ""depth"": 3}, ""right"": {""leaf"": ""6323_total_non_current_liabilities_prior_fy_end"", ""depth"": 0}, ""depth"": 4}, ""depth"": 4}","{""kind"": ""derived_concept"", ""name"": ""total_liabilities"", ""depth"": 0}",14026.0,3,0,4,668080337,341928159,777,0.456,0,1,5,6309_accounts_payable_prior_fy_end,accounts_payable,accounts payable,ZNX,"December 31, 2024",M_USD,3736.0,6311_deferred_revenue_current_prior_fy_end,deferred_revenue_current,deferred revenue current,ZNX,"December 31, 2024",M_USD,689.0,6313_accrued_expenses_and_other_prior_fy_end,accrued_expenses_and_other,accrued expenses and other,ZNX,"December 31, 2024",M_USD,837.0,6315_current_portion_of_long_term_debt_prior_fy_end,current_portion_of_long_term_debt,current portion of long term debt,ZNX,"December 31, 2024",M_USD,407.0,6323_total_non_current_liabilities_prior_fy_end,total_non_current_liabilities,total non current liabilities,ZNX,"December 31, 2024",M_USD,8357.0,,,,,,,,,,,,,,,,,,,,,,,,,,,,
14,2,"calculate the average other non current assets for PLX from September 30, 2025 to July 31, 2026.","ratio(sum(4272_other_non_current_assets_current_quarter_end, 4273_other_non_current_assets_prior_fy_end), 2.0)","{""op"": ""ratio"", ""left"": {""op"": ""sum"", ""left"": {""leaf"": ""4272_other_non_current_assets_current_quarter_end"", ""depth"": 0}, ""right"": {""leaf"": ""4273_other_non_current_assets_prior_fy_end"", ""depth"": 0}, ""depth"": 1}, ""right"": {""literal"": 2.0, ""depth"": 0}, ""depth"": 2}","{""kind"": ""time_agg"", ""op"": ""avg"", ""depth"": 0}",523.0,3,0,2,537244049,20710147,777,0.223,0,1,2,4272_other_non_current_assets_current_quarter_end,other_non_current_assets,other non current assets,PLX,"July 31, 2026",M_USD,565.0,4273_other_non_current_assets_prior_fy_end,other_non_current_assets,other non current assets,PLX,"September 30, 2025",M_USD,481.0,,,,,,,,,,,,,,,,,,,,,,,,,,,,,,,,,,,,,,,,,,,,,,,,,
15,1,"which quantity is given by the maximum of accrued expenses and other for MRK from December 31, 2024 to April 30, 2025 ?","max(7100_accrued_expenses_and_other_current_quarter_end, 7101_accrued_expenses_and_other_prior_fy_end)","{""op"": ""max"", ""left"": {""leaf"": ""7100_accrued_expenses_and_other_current_quarter_end"", ""depth"": 0}, ""right"": {""leaf"": ""7101_accrued_expenses_and_other_prior_fy_end"", ""depth"": 0}, ""depth"": 1}","{""kind"": ""time_agg"", ""op"": ""max"", ""depth"": 0}",1488.0,3,0,1,869473009,896030996,777,0.577,0,1,2,7100_accrued_expenses_and_other_current_quarter_end,accrued_expenses_and_other,accrued expenses and other,MRK,"April 30, 2025",M_USD,1488.0,7101_accrued_expenses_and_other_prior_fy_end,accrued_expenses_and_other,accrued expenses and other,MRK,"December 31, 2024",M_USD,1400.0,,,,,,,,,,,,,,,,,,,,,,,,,,,,,,,,,,,,,,,,,,,,,,,,,
16,1,"compute the gross profit for ZNX in Six Months Ended July 31, 2024 .",gross_profit,"{""derived"": ""gross_profit"", ""expanded"": {""op"": ""diff"", ""left"": {""leaf"": ""6239_total_revenues_prior_year_ytd"", ""depth"": 0}, ""right"": {""leaf"": ""6243_cost_of_sales_prior_year_ytd"", ""depth"": 0}, ""depth"": 1}, ""depth"": 1}","{""kind"": ""derived_concept"", ""name"": ""gross_profit"", ""depth"": 0}",30628.0,3,0,1,12524720,997286747,777,0.413,0,1,2,6239_total_revenues_prior_year_ytd,total_revenues,total revenues,ZNX,"Six Months Ended July 31, 2024",M_USD,46408.0,6243_cost_of_sales_prior_year_ytd,cost_of_sales,cost of sales,ZNX,"Six Months Ended July 31, 2024",M_USD,15780.0,,,,,,,,,,,,,,,,,,,,,,,,,,,,,,,,,,,,,,,,,,,,,,,,,
17,1,"which value corresponds to the maximum of proceeds from stock option exercises for HRZ from Three Months Ended April 30, 2024 to Three Months Ended April 30, 2025 ?","max(7277_proceeds_from_stock_option_exercises_prior_ytd, 7276_proceeds_from_stock_option_exercises_current_ytd)","{""op"": ""max"", ""left"": {""leaf"": ""7277_proceeds_from_stock_option_exercises_prior_ytd"", ""depth"": 0}, ""right"": {""leaf"": ""7276_proceeds_from_stock_option_exercises_current_ytd"", ""depth"": 0}, ""depth"": 1}","{""kind"": ""time_agg"", ""op"": ""max"", ""depth"": 0}",28.0,2,0,1,17560860,385907374,777,0.57,0,1,2,7277_proceeds_from_stock_option_exercises_prior_ytd,proceeds_from_stock_option_exercises,proceeds from stock option exercises,HRZ,"Three Months Ended April 30, 2024",M_USD,17.0,7276_proceeds_from_stock_option_exercises_current_ytd,proceeds_from_stock_option_exercises,proceeds from stock option exercises,HRZ,"Three Months Ended April 30, 2025",M_USD,28.0,,,,,,,,,,,,,,,,,,,,,,,,,,,,,,,,,,,,,,,,,,,,,,,,,
18,1,"what does the following give: maximum of shares used diluted for GBL from Three Months Ended April 30, 2024 to Three Months Ended April 30, 2025 ?","max(6877_shares_used_diluted_prior_year_quarter, 6876_shares_used_diluted_current_quarter)","{""op"": ""max"", ""left"": {""leaf"": ""6877_shares_used_diluted_prior_year_quarter"", ""depth"": 0}, ""right"": {""leaf"": ""6876_shares_used_diluted_current_quarter"", ""depth"": 0}, ""depth"": 1}","{""kind"": ""time_agg"", ""op"": ""max"", ""depth"": 0}",254510.0,4,0,1,766351317,910453938,777,0.373,0,1,2,6877_shares_used_diluted_prior_year_quarter,shares_used_diluted,shares used diluted,GBL,"Three Months Ended April 30, 2024",M_shares,254510.0,6876_shares_used_diluted_current_quarter,shares_used_diluted,shares used diluted,GBL,"Three Months Ended April 30, 2025",M_shares,248000.0,,,,,,,,,,,,,,,,,,,,,,,,,,,,,,,,,,,,,,,,,,,,,,,,,
19,4,"Compute the total current assets for WNG in December 31, 2024 .",total_current_assets,"{""derived"": ""total_current_assets"", ""expanded"": {""op"": ""sum"", ""left"": {""op"": ""sum"", ""left"": {""op"": ""sum"", ""left"": {""op"": ""sum"", ""left"": {""leaf"": ""7481_cash_and_cash_equivalents_prior_fy_end"", ""depth"": 0}, ""right"": {""leaf"": ""7483_short_term_investments_prior_fy_end"", ""depth"": 0}, ""depth"": 1}, ""right"": {""leaf"": ""7485_accounts_receivable_net_prior_fy_end"", ""depth"": 0}, ""depth"": 2}, ""right"": {""leaf"": ""7487_inventories_prior_fy_end"", ""depth"": 0}, ""depth"": 3}, ""right"": {""leaf"": ""7489_prepaid_expenses_and_other_prior_fy_end"", ""depth"": 0}, ""depth"": 4}, ""depth"": 4}","{""kind"": ""derived_concept"", ""name"": ""total_current_assets"", ""depth"": 0}",5251.0,4,0,4,698212497,524424556,777,0.565,0,1,5,7481_cash_and_cash_equivalents_prior_fy_end,cash_and_cash_equivalents,cash and cash equivalents,WNG,"December 31, 2024",M_USD,2088.0,7483_short_term_investments_prior_fy_end,short_term_investments,short term investments,WNG,"December 31, 2024",M_USD,834.0,7485_accounts_receivable_net_prior_fy_end,accounts_receivable_net,accounts receivable net,WNG,"December 31, 2024",M_USD,1525.0,7487_inventories_prior_fy_end,inventories,inventories,WNG,"December 31, 2024",M_USD,192.0,7489_prepaid_expenses_and_other_prior_fy_end,prepaid_expenses_and_other,prepaid expenses and other,WNG,"December 31, 2024",M_USD,612.0,,,,,,,,,,,,,,,,,,,,,,,,,,,,
20,1,"you should calculate the minimum of other non current liabilities for FIN from December 31, 2024 to April 30, 2025 .","min(4138_other_non_current_liabilities_current_quarter_end, 4139_other_non_current_liabilities_prior_fy_end)","{""op"": ""min"", ""left"": {""leaf"": ""4138_other_non_current_liabilities_current_quarter_end"", ""depth"": 0}, ""right"": {""leaf"": ""4139_other_non_current_liabilities_prior_fy_end"", ""depth"": 0}, ""depth"": 1}","{""kind"": ""time_agg"", ""op"": ""min"", ""depth"": 0}",740.0,4,0,1,186651582,537931823,777,0.336,0,1,2,4138_other_non_current_liabilities_current_quarter_end,other_non_current_liabilities,other non current liabilities,FIN,"April 30, 2025",M_USD,830.0,4139_other_non_current_liabilities_prior_fy_end,other_non_current_liabilities,other non current liabilities,FIN,"December 31, 2024",M_USD,740.0,,,,,,,,,,,,,,,,,,,,,,,,,,,,,,,,,,,,,,,,,,,,,,,,,
21,1,"Give the minimum of current portion of long term debt for SUP from December 31, 2024 to April 30, 2025","min(1022_current_portion_of_long_term_debt_current_quarter_end, 1023_current_portion_of_long_term_debt_prior_fy_end)","{""op"": ""min"", ""left"": {""leaf"": ""1022_current_portion_of_long_term_debt_current_quarter_end"", ""depth"": 0}, ""right"": {""leaf"": ""1023_current_portion_of_long_term_debt_prior_fy_end"", ""depth"": 0}, ""depth"": 1}","{""kind"": ""time_agg"", ""op"": ""min"", ""depth"": 0}",502.0,2,0,1,965752475,501354731,777,0.553,0,1,2,1022_current_portion_of_long_term_debt_current_quarter_end,current_portion_of_long_term_debt,current portion of long term debt,SUP,"April 30, 2025",M_USD,553.0,1023_current_portion_of_long_term_debt_prior_fy_end,current_portion_of_long_term_debt,current portion of long term debt,SUP,"December 31, 2024",M_USD,502.0,,,,,,,,,,,,,,,,,,,,,,,,,,,,,,,,,,,,,,,,,,,,,,,,,
22,4,"What's the value of the total liabilities for CLD in April 30, 2025",total_liabilities,"{""derived"": ""total_liabilities"", ""expanded"": {""op"": ""sum"", ""left"": {""derived"": ""total_current_liabilities"", ""expanded"": {""op"": ""sum"", ""left"": {""op"": ""sum"", ""left"": {""op"": ""sum"", ""left"": {""leaf"": ""3182_accounts_payable_current_quarter_end"", ""depth"": 0}, ""right"": {""leaf"": ""3184_deferred_revenue_current_current_quarter_end"", ""depth"": 0}, ""depth"": 1}, ""right"": {""leaf"": ""3186_accrued_expenses_and_other_current_quarter_end"", ""depth"": 0}, ""depth"": 2}, ""right"": {""leaf"": ""3188_current_portion_of_long_term_debt_current_quarter_end"", ""depth"": 0}, ""depth"": 3}, ""depth"": 3}, ""right"": {""leaf"": ""3196_total_non_current_liabilities_current_quarter_end"", ""depth"": 0}, ""depth"": 4}, ""depth"": 4}","{""kind"": ""derived_concept"", ""name"": ""total_liabilities"", ""depth"": 0}",9177.0,3,0,4,222257764,340077160,777,0.419,0,1,5,3182_accounts_payable_current_quarter_end,accounts_payable,accounts payable,CLD,"April 30, 2025",M_USD,3377.0,3184_deferred_revenue_current_current_quarter_end,deferred_revenue_current,deferred revenue current,CLD,"April 30, 2025",M_USD,324.0,3186_accrued_expenses_and_other_current_quarter_end,accrued_expenses_and_other,accrued expenses and other,CLD,"April 30, 2025",M_USD,966.0,3188_current_portion_of_long_term_debt_current_quarter_end,current_portion_of_long_term_debt,current portion of long term debt,CLD,"April 30, 2025",M_USD,741.0,3196_total_non_current_liabilities_current_quarter_end,total_non_current_liabilities,total non current liabilities,CLD,"April 30, 2025",M_USD,3769.0,,,,,,,,,,,,,,,,,,,,,,,,,,,,
23,2,"what's the value of the average total costs and expenses for CIV from Nine Months Ended October 31, 2024 to Nine Months Ended October 31, 2025","ratio(sum(2821_total_costs_and_expenses_prior_year_ytd, 2820_total_costs_and_expenses_current_ytd), 2.0)","{""op"": ""ratio"", ""left"": {""op"": ""sum"", ""left"": {""leaf"": ""2821_total_costs_and_expenses_prior_year_ytd"", ""depth"": 0}, ""right"": {""leaf"": ""2820_total_costs_and_expenses_current_ytd"", ""depth"": 0}, ""depth"": 1}, ""right"": {""literal"": 2.0, ""depth"": 0}, ""depth"": 2}","{""kind"": ""time_agg"", ""op"": ""avg"", ""depth"": 0}",9289.5,4,0,2,884646346,195898222,777,0.414,0,1,2,2821_total_costs_and_expenses_prior_year_ytd,total_costs_and_expenses,total costs and expenses,CIV,"Nine Months Ended October 31, 2024",M_USD,9054.0,2820_total_costs_and_expenses_current_ytd,total_costs_and_expenses,total costs and expenses,CIV,"Nine Months Ended October 31, 2025",M_USD,9525.0,,,,,,,,,,,,,,,,,,,,,,,,,,,,,,,,,,,,,,,,,,,,,,,,,
24,3,"You should give the net income for TRU in Three Months Ended July 31, 2025.",net_income,"{""derived"": ""net_income"", ""expanded"": {""op"": ""diff"", ""left"": {""derived"": ""income_before_taxes"", ""expanded"": {""op"": ""sum"", ""left"": {""derived"": ""operating_income"", ""expanded"": {""op"": ""diff"", ""left"": {""leaf"": ""804_total_revenues_current_quarter"", ""depth"": 0}, ""right"": {""leaf"": ""820_total_costs_and_expenses_current_quarter"", ""depth"": 0}, ""depth"": 1}, ""depth"": 1}, ""right"": {""leaf"": ""828_other_income_expense_net_current_quarter"", ""depth"": 0}, ""depth"": 2}, ""depth"": 2}, ""right"": {""leaf"": ""832_provision_for_income_taxes_current_quarter"", ""depth"": 0}, ""depth"": 3}, ""depth"": 3}","{""kind"": ""derived_concept"", ""name"": ""net_income"", ""depth"": 0}",2746.0,4,0,3,929719903,325987906,777,0.162,0,1,4,804_total_revenues_current_quarter,total_revenues,total revenues,TRU,"Three Months Ended July 31, 2025",M_USD,18935.0,820_total_costs_and_expenses_current_quarter,total_costs_and_expenses,total costs and expenses,TRU,"Three Months Ended July 31, 2025",M_USD,15225.0,828_other_income_expense_net_current_quarter,other_income_expense_net,other income expense net,TRU,"Three Months Ended July 31, 2025",M_USD,-260.0,832_provision_for_income_taxes_current_quarter,provision_for_income_taxes,provision for income taxes,TRU,"Three Months Ended July 31, 2025",M_USD,704.0,,,,,,,,,,,,,,,,,,,,,,,,,,,,,,,,,,,
25,2,"What is the average long term debt for AST from December 31, 2024 to July 31, 2025?","ratio(sum(4889_long_term_debt_prior_fy_end, 4888_long_term_debt_current_quarter_end), 2.0)","{""op"": ""ratio"", ""left"": {""op"": ""sum"", ""left"": {""leaf"": ""4889_long_term_debt_prior_fy_end"", ""depth"": 0}, ""right"": {""leaf"": ""4888_long_term_debt_current_quarter_end"", ""depth"": 0}, ""depth"": 1}, ""right"": {""literal"": 2.0, ""depth"": 0}, ""depth"": 2}","{""kind"": ""time_agg"", ""op"": ""avg"", ""depth"": 0}",11128.0,2,0,2,178609138,339993835,777,0.287,0,1,2,4889_long_term_debt_prior_fy_end,long_term_debt,long term debt,AST,"December 31, 2024",M_USD,11093.0,4888_long_term_debt_current_quarter_end,long_term_debt,long term debt,AST,"July 31, 2025",M_USD,11163.0,,,,,,,,,,,,,,,,,,,,,,,,,,,,,,,,,,,,,,,,,,,,,,,,,
26,1,"what does the following give: minimum of property plant and equipment net for HLT from December 31, 2024 to October 31, 2025 ?","min(691_property_plant_and_equipment_net_prior_fy_end, 690_property_plant_and_equipment_net_current_quarter_end)","{""op"": ""min"", ""left"": {""leaf"": ""691_property_plant_and_equipment_net_prior_fy_end"", ""depth"": 0}, ""right"": {""leaf"": ""690_property_plant_and_equipment_net_current_quarter_end"", ""depth"": 0}, ""depth"": 1}","{""kind"": ""time_agg"", ""op"": ""min"", ""depth"": 0}",2322.0,3,0,1,550814748,314334533,777,0.199,0,1,2,691_property_plant_and_equipment_net_prior_fy_end,property_plant_and_equipment_net,property plant and equipment net,HLT,"December 31, 2024",M_USD,2322.0,690_property_plant_and_equipment_net_current_quarter_end,property_plant_and_equipment_net,property plant and equipment net,HLT,"October 31, 2025",M_USD,2354.0,,,,,,,,,,,,,,,,,,,,,,,,,,,,,,,,,,,,,,,,,,,,,,,,,
27,3,"you should calculate the net income for PLZ in Six Months Ended July 31, 2025 .",net_income,"{""derived"": ""net_income"", ""expanded"": {""op"": ""diff"", ""left"": {""derived"": ""income_before_taxes"", ""expanded"": {""op"": ""sum"", ""left"": {""derived"": ""operating_income"", ""expanded"": {""op"": ""diff"", ""left"": {""leaf"": ""2004_total_revenues_current_ytd"", ""depth"": 0}, ""right"": {""leaf"": ""2024_total_costs_and_expenses_current_ytd"", ""depth"": 0}, ""depth"": 1}, ""depth"": 1}, ""right"": {""leaf"": ""2032_other_income_expense_net_current_ytd"", ""depth"": 0}, ""depth"": 2}, ""depth"": 2}, ""right"": {""leaf"": ""2036_provision_for_income_taxes_current_ytd"", ""depth"": 0}, ""depth"": 3}, ""depth"": 3}","{""kind"": ""derived_concept"", ""name"": ""net_income"", ""depth"": 0}",10020.0,4,0,3,571032303,519073874,777,0.565,0,1,4,2004_total_revenues_current_ytd,total_revenues,total revenues,PLZ,"Six Months Ended July 31, 2025",M_USD,148020.0,2024_total_costs_and_expenses_current_ytd,total_costs_and_expenses,total costs and expenses,PLZ,"Six Months Ended July 31, 2025",M_USD,134348.0,2032_other_income_expense_net_current_ytd,other_income_expense_net,other income expense net,PLZ,"Six Months Ended July 31, 2025",M_USD,-178.0,2036_provision_for_income_taxes_current_ytd,provision_for_income_taxes,provision for income taxes,PLZ,"Six Months Ended July 31, 2025",M_USD,3474.0,,,,,,,,,,,,,,,,,,,,,,,,,,,,,,,,,,,
28,1,"Calculate the minimum of total liabilities for CRZ from December 31, 2024 to October 31, 2025.","min(5059_total_liabilities_prior_fy_end, 5058_total_liabilities_current_quarter_end)","{""op"": ""min"", ""left"": {""leaf"": ""5059_total_liabilities_prior_fy_end"", ""depth"": 0}, ""right"": {""leaf"": ""5058_total_liabilities_current_quarter_end"", ""depth"": 0}, ""depth"": 1}","{""kind"": ""time_agg"", ""op"": ""min"", ""depth"": 0}",9563.0,3,0,1,22571959,344090985,777,0.186,0,1,2,5059_total_liabilities_prior_fy_end,total_liabilities,total liabilities,CRZ,"December 31, 2024",M_USD,9563.0,5058_total_liabilities_current_quarter_end,total_liabilities,total liabilities,CRZ,"October 31, 2025",M_USD,9979.0,,,,,,,,,,,,,,,,,,,,,,,,,,,,,,,,,,,,,,,,,,,,,,,,,
29,2,"May you calculate the average total current assets for PLZ from December 31, 2024 to July 31, 2025","ratio(sum(2061_total_current_assets_prior_fy_end, 2060_total_current_assets_current_quarter_end), 2.0)","{""op"": ""ratio"", ""left"": {""op"": ""sum"", ""left"": {""leaf"": ""2061_total_current_assets_prior_fy_end"", ""depth"": 0}, ""right"": {""leaf"": ""2060_total_current_assets_current_quarter_end"", ""depth"": 0}, ""depth"": 1}, ""right"": {""literal"": 2.0, ""depth"": 0}, ""depth"": 2}","{""kind"": ""time_agg"", ""op"": ""avg"", ""depth"": 0}",35675.0,4,0,2,523758140,939642415,777,0.401,0,1,2,2061_total_current_assets_prior_fy_end,total_current_assets,total current assets,PLZ,"December 31, 2024",M_USD,35199.0,2060_total_current_assets_current_quarter_end,total_current_assets,total current assets,PLZ,"July 31, 2025",M_USD,36151.0,,,,,,,,,,,,,,,,,,,,,,,,,,,,,,,,,,,,,,,,,,,,,,,,,
30,1,"Which value corresponds to the free cash flow for GLP in Nine Months Ended October 31, 2025",free_cash_flow,"{""derived"": ""free_cash_flow"", ""expanded"": {""op"": ""sum"", ""left"": {""leaf"": ""6982_net_cash_from_operating_current_ytd"", ""depth"": 0}, ""right"": {""leaf"": ""6984_capital_expenditures_current_ytd"", ""depth"": 0}, ""depth"": 1}, ""depth"": 1}","{""kind"": ""derived_concept"", ""name"": ""free_cash_flow"", ""depth"": 0}",28775.0,2,0,1,456418201,491296629,777,0.582,0,1,2,6982_net_cash_from_operating_current_ytd,net_cash_from_operating,net cash from operating,GLP,"Nine Months Ended October 31, 2025",M_USD,54585.0,6984_capital_expenditures_current_ytd,capital_expenditures,capital expenditures,GLP,"Nine Months Ended October 31, 2025",M_USD,-25810.0,,,,,,,,,,,,,,,,,,,,,,,,,,,,,,,,,,,,,,,,,,,,,,,,,
31,3,"you should give the sum of maximum of proceeds from stock option exercises for CNS from Three Months Ended April 30, 2024 to Three Months Ended April 30, 2025 and ratio of sum of total costs and expenses for CNS in Three Months Ended April 30, 2024 and total costs and expenses for CNS in Three Months Ended April 30, 2025 to 2.0","sum(max(6047_proceeds_from_stock_option_exercises_prior_ytd, 6046_proceeds_from_stock_option_exercises_current_ytd), ratio(sum(5951_total_costs_and_expenses_prior_year_quarter, 5950_total_costs_and_expenses_current_quarter), 2.0))","{""op"": ""sum"", ""left"": {""op"": ""max"", ""left"": {""leaf"": ""6047_proceeds_from_stock_option_exercises_prior_ytd"", ""depth"": 0}, ""right"": {""leaf"": ""6046_proceeds_from_stock_option_exercises_current_ytd"", ""depth"": 0}, ""depth"": 1}, ""right"": {""op"": ""ratio"", ""left"": {""op"": ""sum"", ""left"": {""leaf"": ""5951_total_costs_and_expenses_prior_year_quarter"", ""depth"": 0}, ""right"": {""leaf"": ""5950_total_costs_and_expenses_current_quarter"", ""depth"": 0}, ""depth"": 1}, ""right"": {""literal"": 2.0, ""depth"": 0}, ""depth"": 2}, ""depth"": 3}","{""op"": ""sum"", ""left"": {""kind"": ""time_agg"", ""op"": ""max"", ""depth"": 0}, ""right"": {""kind"": ""time_agg"", ""op"": ""avg"", ""depth"": 0}, ""depth"": 1, ""kind"": ""node""}",5421.0,4,1,3,908592963,655134583,777,0.455,1,2,4,6047_proceeds_from_stock_option_exercises_prior_ytd,proceeds_from_stock_option_exercises,proceeds from stock option exercises,CNS,"Three Months Ended April 30, 2024",M_USD,15.0,6046_proceeds_from_stock_option_exercises_current_ytd,proceeds_from_stock_option_exercises,proceeds from stock option exercises,CNS,"Three Months Ended April 30, 2025",M_USD,12.0,5951_total_costs_and_expenses_prior_year_quarter,total_costs_and_expenses,total costs and expenses,CNS,"Three Months Ended April 30, 2024",M_USD,5264.0,5950_total_costs_and_expenses_current_quarter,total_costs_and_expenses,total costs and expenses,CNS,"Three Months Ended April 30, 2025",M_USD,5548.0,,,,,,,,,,,,,,,,,,,,,,,,,,,,,,,,,,,
32,2,"what does the following give: average research and development for GRD from Three Months Ended July 31, 2024 to Three Months Ended July 31, 2025 ?","ratio(sum(321_research_and_development_prior_year_quarter, 320_research_and_development_current_quarter), 2.0)","{""op"": ""ratio"", ""left"": {""op"": ""sum"", ""left"": {""leaf"": ""321_research_and_development_prior_year_quarter"", ""depth"": 0}, ""right"": {""leaf"": ""320_research_and_development_current_quarter"", ""depth"": 0}, ""depth"": 1}, ""right"": {""literal"": 2.0, ""depth"": 0}, ""depth"": 2}","{""kind"": ""time_agg"", ""op"": ""avg"", ""depth"": 0}",109.5,3,0,2,385319505,707489149,777,0.117,0,1,2,321_research_and_development_prior_year_quarter,research_and_development,research and development,GRD,"Three Months Ended July 31, 2024",M_USD,117.0,320_research_and_development_current_quarter,research_and_development,research and development,GRD,"Three Months Ended July 31, 2025",M_USD,102.0,,,,,,,,,,,,,,,,,,,,,,,,,,,,,,,,,,,,,,,,,,,,,,,,,
33,1,"What is the value of the gross profit for CAP in Nine Months Ended October 31, 2025?",gross_profit,"{""derived"": ""gross_profit"", ""expanded"": {""op"": ""diff"", ""left"": {""leaf"": ""5652_total_revenues_current_ytd"", ""depth"": 0}, ""right"": {""leaf"": ""5656_cost_of_sales_current_ytd"", ""depth"": 0}, ""depth"": 1}, ""depth"": 1}","{""kind"": ""derived_concept"", ""name"": ""gross_profit"", ""depth"": 0}",43581.0,2,0,1,38196055,620877672,777,0.363,0,1,2,5652_total_revenues_current_ytd,total_revenues,total revenues,CAP,"Nine Months Ended October 31, 2025",M_USD,73152.0,5656_cost_of_sales_current_ytd,cost_of_sales,cost of sales,CAP,"Nine Months Ended October 31, 2025",M_USD,29571.0,,,,,,,,,,,,,,,,,,,,,,,,,,,,,,,,,,,,,,,,,,,,,,,,,
34,1,"what is the value of the minimum of research and development for CAP from Three Months Ended October 31, 2024 to Three Months Ended October 31, 2025?","min(5659_research_and_development_prior_year_quarter, 5658_research_and_development_current_quarter)","{""op"": ""min"", ""left"": {""leaf"": ""5659_research_and_development_prior_year_quarter"", ""depth"": 0}, ""right"": {""leaf"": ""5658_research_and_development_current_quarter"", ""depth"": 0}, ""depth"": 1}","{""kind"": ""time_agg"", ""op"": ""min"", ""depth"": 0}",129.0,3,0,1,822163895,648087546,777,0.346,0,1,2,5659_research_and_development_prior_year_quarter,research_and_development,research and development,CAP,"Three Months Ended October 31, 2024",M_USD,129.0,5658_research_and_development_current_quarter,research_and_development,research and development,CAP,"Three Months Ended October 31, 2025",M_USD,134.0,,,,,,,,,,,,,,,,,,,,,,,,,,,,,,,,,,,,,,,,,,,,,,,,,
35,1,"may you calculate the minimum of shares used basic for PLZ from Six Months Ended July 31, 2024 to Six Months Ended July 31, 2025","min(2139_shares_used_basic_prior_year_ytd, 2138_shares_used_basic_current_ytd)","{""op"": ""min"", ""left"": {""leaf"": ""2139_shares_used_basic_prior_year_ytd"", ""depth"": 0}, ""right"": {""leaf"": ""2138_shares_used_basic_current_ytd"", ""depth"": 0}, ""depth"": 1}","{""kind"": ""time_agg"", ""op"": ""min"", ""depth"": 0}",4063554.0,4,0,1,622116030,169679919,777,0.351,0,1,2,2139_shares_used_basic_prior_year_ytd,shares_used_basic,shares used basic,PLZ,"Six Months Ended July 31, 2024",M_shares,4223191.0,2138_shares_used_basic_current_ytd,shares_used_basic,shares used basic,PLZ,"Six Months Ended July 31, 2025",M_shares,4063554.0,,,,,,,,,,,,,,,,,,,,,,,,,,,,,,,,,,,,,,,,,,,,,,,,,
36,4,"you should give the total current assets for TRU in July 31, 2025",total_current_assets,"{""derived"": ""total_current_assets"", ""expanded"": {""op"": ""sum"", ""left"": {""op"": ""sum"", ""left"": {""op"": ""sum"", ""left"": {""op"": ""sum"", ""left"": {""leaf"": ""848_cash_and_cash_equivalents_current_quarter_end"", ""depth"": 0}, ""right"": {""leaf"": ""850_short_term_investments_current_quarter_end"", ""depth"": 0}, ""depth"": 1}, ""right"": {""leaf"": ""852_accounts_receivable_net_current_quarter_end"", ""depth"": 0}, ""depth"": 2}, ""right"": {""leaf"": ""854_inventories_current_quarter_end"", ""depth"": 0}, ""depth"": 3}, ""right"": {""leaf"": ""856_prepaid_expenses_and_other_current_quarter_end"", ""depth"": 0}, ""depth"": 4}, ""depth"": 4}","{""kind"": ""derived_concept"", ""name"": ""total_current_assets"", ""depth"": 0}",12195.0,3,0,4,983209494,35724125,777,0.43,0,1,5,848_cash_and_cash_equivalents_current_quarter_end,cash_and_cash_equivalents,cash and cash equivalents,TRU,"July 31, 2025",M_USD,5403.0,850_short_term_investments_current_quarter_end,short_term_investments,short term investments,TRU,"July 31, 2025",M_USD,3917.0,852_accounts_receivable_net_current_quarter_end,accounts_receivable_net,accounts receivable net,TRU,"July 31, 2025",M_USD,1715.0,854_inventories_current_quarter_end,inventories,inventories,TRU,"July 31, 2025",M_USD,37.0,856_prepaid_expenses_and_other_current_quarter_end,prepaid_expenses_and_other,prepaid expenses and other,TRU,"July 31, 2025",M_USD,1123.0,,,,,,,,,,,,,,,,,,,,,,,,,,,,
37,1,"provide the minimum of research and development for TRD from Three Months Ended July 31, 2024 to Three Months Ended July 31, 2025 .","min(2311_research_and_development_prior_year_quarter, 2310_research_and_development_current_quarter)","{""op"": ""min"", ""left"": {""leaf"": ""2311_research_and_development_prior_year_quarter"", ""depth"": 0}, ""right"": {""leaf"": ""2310_research_and_development_current_quarter"", ""depth"": 0}, ""depth"": 1}","{""kind"": ""time_agg"", ""op"": ""min"", ""depth"": 0}",441.0,3,0,1,183461903,82598324,777,0.48,0,1,2,2311_research_and_development_prior_year_quarter,research_and_development,research and development,TRD,"Three Months Ended July 31, 2024",M_USD,466.0,2310_research_and_development_current_quarter,research_and_development,research and development,TRD,"Three Months Ended July 31, 2025",M_USD,441.0,,,,,,,,,,,,,,,,,,,,,,,,,,,,,,,,,,,,,,,,,,,,,,,,,
38,1,"what's the value of the gross profit for CLR in Nine Months Ended October 31, 2024?",gross_profit,"{""derived"": ""gross_profit"", ""expanded"": {""op"": ""diff"", ""left"": {""leaf"": ""135_total_revenues_prior_year_ytd"", ""depth"": 0}, ""right"": {""leaf"": ""139_cost_of_sales_prior_year_ytd"", ""depth"": 0}, ""depth"": 1}, ""depth"": 1}","{""kind"": ""derived_concept"", ""name"": ""gross_profit"", ""depth"": 0}",18495.0,2,0,1,921375292,850870417,777,0.272,0,1,2,135_total_revenues_prior_year_ytd,total_revenues,total revenues,CLR,"Nine Months Ended October 31, 2024",M_USD,27159.0,139_cost_of_sales_prior_year_ytd,cost_of_sales,cost of sales,CLR,"Nine Months Ended October 31, 2024",M_USD,8664.0,,,,,,,,,,,,,,,,,,,,,,,,,,,,,,,,,,,,,,,,,,,,,,,,,
39,1,"May you give the minimum of total revenues for QRK from Three Months Ended April 30, 2025 to Three Months Ended April 30, 2026?","min(3443_total_revenues_prior_year_quarter, 3442_total_revenues_current_quarter)","{""op"": ""min"", ""left"": {""leaf"": ""3443_total_revenues_prior_year_quarter"", ""depth"": 0}, ""right"": {""leaf"": ""3442_total_revenues_current_quarter"", ""depth"": 0}, ""depth"": 1}","{""kind"": ""time_agg"", ""op"": ""min"", ""depth"": 0}",74441.0,1,0,1,386584847,276950679,777,0.366,0,1,2,3443_total_revenues_prior_year_quarter,total_revenues,total revenues,QRK,"Three Months Ended April 30, 2025",M_USD,83362.0,3442_total_revenues_current_quarter,total_revenues,total revenues,QRK,"Three Months Ended April 30, 2026",M_USD,74441.0,,,,,,,,,,,,,,,,,,,,,,,,,,,,,,,,,,,,,,,,,,,,,,,,,
40,3,"You should calculate the sum of inventories for VTL in April 30, 2025 and ratio of sum of cost of patient service revenue for VTL in Three Months Ended April 30, 2024 and cost of patient service revenue for VTL in Three Months Ended April 30, 2025 to 2.0","sum(30_inventories_current_quarter_end, ratio(sum(130_cos_patient_service_revenue_prior_year_quarter, 126_cos_patient_service_revenue_current_quarter), 2.0))","{""op"": ""sum"", ""left"": {""leaf"": ""30_inventories_current_quarter_end"", ""depth"": 0}, ""right"": {""op"": ""ratio"", ""left"": {""op"": ""sum"", ""left"": {""leaf"": ""130_cos_patient_service_revenue_prior_year_quarter"", ""depth"": 0}, ""right"": {""leaf"": ""126_cos_patient_service_revenue_current_quarter"", ""depth"": 0}, ""depth"": 1}, ""right"": {""literal"": 2.0, ""depth"": 0}, ""depth"": 2}, ""depth"": 3}","{""op"": ""sum"", ""left"": {""kind"": ""leaf"", ""semantic_type_in"": [""amount""], ""depth"": 0}, ""right"": {""kind"": ""time_agg"", ""op"": ""avg"", ""depth"": 0}, ""depth"": 1, ""kind"": ""node""}",679.0,3,1,3,117574286,53963607,777,0.145,1,2,3,30_inventories_current_quarter_end,inventories,inventories,VTL,"April 30, 2025",M_USD,40.0,130_cos_patient_service_revenue_prior_year_quarter,cos_patient_service_revenue,cost of patient service revenue,VTL,"Three Months Ended April 30, 2024",M_USD,636.0,126_cos_patient_service_revenue_current_quarter,cos_patient_service_revenue,cost of patient service revenue,VTL,"Three Months Ended April 30, 2025",M_USD,642.0,,,,,,,,,,,,,,,,,,,,,,,,,,,,,,,,,,,,,,,,,,
41,2,"provide the average stock based compensation for TPH from Nine Months Ended October 31, 2024 to Nine Months Ended October 31, 2025.","ratio(sum(2563_stock_based_compensation_prior_ytd, 2562_stock_based_compensation_current_ytd), 2.0)","{""op"": ""ratio"", ""left"": {""op"": ""sum"", ""left"": {""leaf"": ""2563_stock_based_compensation_prior_ytd"", ""depth"": 0}, ""right"": {""leaf"": ""2562_stock_based_compensation_current_ytd"", ""depth"": 0}, ""depth"": 1}, ""right"": {""literal"": 2.0, ""depth"": 0}, ""depth"": 2}","{""kind"": ""time_agg"", ""op"": ""avg"", ""depth"": 0}",524.5,3,0,2,698376942,912675964,777,0.313,0,1,2,2563_stock_based_compensation_prior_ytd,stock_based_compensation,stock based compensation,TPH,"Nine Months Ended October 31, 2024",M_USD,530.0,2562_stock_based_compensation_current_ytd,stock_based_compensation,stock based compensation,TPH,"Nine Months Ended October 31, 2025",M_USD,519.0,,,,,,,,,,,,,,,,,,,,,,,,,,,,,,,,,,,,,,,,,,,,,,,,,
42,1,"Determine the operating income for VTL in Three Months Ended April 30, 2024 .",operating_income,"{""derived"": ""operating_income"", ""expanded"": {""op"": ""diff"", ""left"": {""leaf"": ""1_total_revenues_prior_year_quarter"", ""depth"": 0}, ""right"": {""leaf"": ""11_total_costs_and_expenses_prior_year_quarter"", ""depth"": 0}, ""depth"": 1}, ""depth"": 1}","{""kind"": ""derived_concept"", ""name"": ""operating_income"", ""depth"": 0}",502.0,4,0,1,326993436,657760627,777,0.391,0,1,2,1_total_revenues_prior_year_quarter,total_revenues,total revenues,VTL,"Three Months Ended April 30, 2024",M_USD,1686.0,11_total_costs_and_expenses_prior_year_quarter,total_costs_and_expenses,total costs and expenses,VTL,"Three Months Ended April 30, 2024",M_USD,1184.0,,,,,,,,,,,,,,,,,,,,,,,,,,,,,,,,,,,,,,,,,,,,,,,,,
43,1,"what would be the minimum of Subscription revenue for DTA from Three Months Ended April 30, 2024 to Three Months Ended April 30, 2025?","min(4510_subscription_revenue_prior_year_quarter, 4506_subscription_revenue_current_quarter)","{""op"": ""min"", ""left"": {""leaf"": ""4510_subscription_revenue_prior_year_quarter"", ""depth"": 0}, ""right"": {""leaf"": ""4506_subscription_revenue_current_quarter"", ""depth"": 0}, ""depth"": 1}","{""kind"": ""time_agg"", ""op"": ""min"", ""depth"": 0}",13683.0,3,0,1,399463146,948146154,777,0.218,0,1,2,4510_subscription_revenue_prior_year_quarter,subscription_revenue,Subscription revenue,DTA,"Three Months Ended April 30, 2024",M_USD,13683.0,4506_subscription_revenue_current_quarter,subscription_revenue,Subscription revenue,DTA,"Three Months Ended April 30, 2025",M_USD,14129.0,,,,,,,,,,,,,,,,,,,,,,,,,,,,,,,,,,,,,,,,,,,,,,,,,
44,1,"you should calculate the gross profit for BRX in Six Months Ended July 31, 2024",gross_profit,"{""derived"": ""gross_profit"", ""expanded"": {""op"": ""diff"", ""left"": {""leaf"": ""471_total_revenues_prior_year_ytd"", ""depth"": 0}, ""right"": {""leaf"": ""475_cost_of_sales_prior_year_ytd"", ""depth"": 0}, ""depth"": 1}, ""depth"": 1}","{""kind"": ""derived_concept"", ""name"": ""gross_profit"", ""depth"": 0}",42332.0,4,0,1,327180024,786566989,777,0.522,0,1,2,471_total_revenues_prior_year_ytd,total_revenues,total revenues,BRX,"Six Months Ended July 31, 2024",M_USD,136478.0,475_cost_of_sales_prior_year_ytd,cost_of_sales,cost of sales,BRX,"Six Months Ended July 31, 2024",M_USD,94146.0,,,,,,,,,,,,,,,,,,,,,,,,,,,,,,,,,,,,,,,,,,,,,,,,,
45,1,"What would be the maximum of total current assets for CRX from September 30, 2025 to January 31, 2026?","max(4548_total_current_assets_current_quarter_end, 4549_total_current_assets_prior_fy_end)","{""op"": ""max"", ""left"": {""leaf"": ""4548_total_current_assets_current_quarter_end"", ""depth"": 0}, ""right"": {""leaf"": ""4549_total_current_assets_prior_fy_end"", ""depth"": 0}, ""depth"": 1}","{""kind"": ""time_agg"", ""op"": ""max"", ""depth"": 0}",22323.0,2,0,1,415096340,740439441,777,0.39,0,1,2,4548_total_current_assets_current_quarter_end,total_current_assets,total current assets,CRX,"January 31, 2026",M_USD,22323.0,4549_total_current_assets_prior_fy_end,total_current_assets,total current assets,CRX,"September 30, 2025",M_USD,19108.0,,,,,,,,,,,,,,,,,,,,,,,,,,,,,,,,,,,,,,,,,,,,,,,,,
46,2,"determine the average total costs and expenses for WNG from Three Months Ended April 30, 2024 to Three Months Ended April 30, 2025","ratio(sum(7467_total_costs_and_expenses_prior_year_quarter, 7466_total_costs_and_expenses_current_quarter), 2.0)","{""op"": ""ratio"", ""left"": {""op"": ""sum"", ""left"": {""leaf"": ""7467_total_costs_and_expenses_prior_year_quarter"", ""depth"": 0}, ""right"": {""leaf"": ""7466_total_costs_and_expenses_current_quarter"", ""depth"": 0}, ""depth"": 1}, ""right"": {""literal"": 2.0, ""depth"": 0}, ""depth"": 2}","{""kind"": ""time_agg"", ""op"": ""avg"", ""depth"": 0}",10787.5,1,0,2,73040326,630282426,777,0.137,0,1,2,7467_total_costs_and_expenses_prior_year_quarter,total_costs_and_expenses,total costs and expenses,WNG,"Three Months Ended April 30, 2024",M_USD,11038.0,7466_total_costs_and_expenses_current_quarter,total_costs_and_expenses,total costs and expenses,WNG,"Three Months Ended April 30, 2025",M_USD,10537.0,,,,,,,,,,,,,,,,,,,,,,,,,,,,,,,,,,,,,,,,,,,,,,,,,
47,3,"could you give the total current liabilities for MTX in October 31, 2025",total_current_liabilities,"{""derived"": ""total_current_liabilities"", ""expanded"": {""op"": ""sum"", ""left"": {""op"": ""sum"", ""left"": {""op"": ""sum"", ""left"": {""leaf"": ""5386_accounts_payable_current_quarter_end"", ""depth"": 0}, ""right"": {""leaf"": ""5388_deferred_revenue_current_current_quarter_end"", ""depth"": 0}, ""depth"": 1}, ""right"": {""leaf"": ""5390_accrued_expenses_and_other_current_quarter_end"", ""depth"": 0}, ""depth"": 2}, ""right"": {""leaf"": ""5392_current_portion_of_long_term_debt_current_quarter_end"", ""depth"": 0}, ""depth"": 3}, ""depth"": 3}","{""kind"": ""derived_concept"", ""name"": ""total_current_liabilities"", ""depth"": 0}",9397.0,4,0,3,732482830,394947788,777,0.232,0,1,4,5386_accounts_payable_current_quarter_end,accounts_payable,accounts payable,MTX,"October 31, 2025",M_USD,5582.0,5388_deferred_revenue_current_current_quarter_end,deferred_revenue_current,deferred revenue current,MTX,"October 31, 2025",M_USD,701.0,5390_accrued_expenses_and_other_current_quarter_end,accrued_expenses_and_other,accrued expenses and other,MTX,"October 31, 2025",M_USD,2027.0,5392_current_portion_of_long_term_debt_current_quarter_end,current_portion_of_long_term_debt,current portion of long term debt,MTX,"October 31, 2025",M_USD,1087.0,,,,,,,,,,,,,,,,,,,,,,,,,,,,,,,,,,,
48,2,"What would be the average short term investments for CRZ from December 31, 2024 to October 31, 2025 ?","ratio(sum(5021_short_term_investments_prior_fy_end, 5020_short_term_investments_current_quarter_end), 2.0)","{""op"": ""ratio"", ""left"": {""op"": ""sum"", ""left"": {""leaf"": ""5021_short_term_investments_prior_fy_end"", ""depth"": 0}, ""right"": {""leaf"": ""5020_short_term_investments_current_quarter_end"", ""depth"": 0}, ""depth"": 1}, ""right"": {""literal"": 2.0, ""depth"": 0}, ""depth"": 2}","{""kind"": ""time_agg"", ""op"": ""avg"", ""depth"": 0}",761.0,3,0,2,373959597,669853797,777,0.242,0,1,2,5021_short_term_investments_prior_fy_end,short_term_investments,short term investments,CRZ,"December 31, 2024",M_USD,745.0,5020_short_term_investments_current_quarter_end,short_term_investments,short term investments,CRZ,"October 31, 2025",M_USD,777.0,,,,,,,,,,,,,,,,,,,,,,,,,,,,,,,,,,,,,,,,,,,,,,,,,
49,3,"What is the value of the sum of minimum of cash and cash equivalents for CAP from December 31, 2024 to October 31, 2025 and ratio of sum of total liabilities for CAP in December 31, 2024 and total liabilities for CAP in October 31, 2025 to 2.0","sum(min(5695_cash_and_cash_equivalents_prior_fy_end, 5694_cash_and_cash_equivalents_current_quarter_end), ratio(sum(5735_total_liabilities_prior_fy_end, 5734_total_liabilities_current_quarter_end), 2.0))","{""op"": ""sum"", ""left"": {""op"": ""min"", ""left"": {""leaf"": ""5695_cash_and_cash_equivalents_prior_fy_end"", ""depth"": 0}, ""right"": {""leaf"": ""5694_cash_and_cash_equivalents_current_quarter_end"", ""depth"": 0}, ""depth"": 1}, ""right"": {""op"": ""ratio"", ""left"": {""op"": ""sum"", ""left"": {""leaf"": ""5735_total_liabilities_prior_fy_end"", ""depth"": 0}, ""right"": {""leaf"": ""5734_total_liabilities_current_quarter_end"", ""depth"": 0}, ""depth"": 1}, ""right"": {""literal"": 2.0, ""depth"": 0}, ""depth"": 2}, ""depth"": 3}","{""op"": ""sum"", ""left"": {""kind"": ""time_agg"", ""op"": ""min"", ""depth"": 0}, ""right"": {""kind"": ""time_agg"", ""op"": ""avg"", ""depth"": 0}, ""depth"": 1, ""kind"": ""node""}",26443.5,4,1,3,491775066,771801873,777,0.325,1,2,4,5695_cash_and_cash_equivalents_prior_fy_end,cash_and_cash_equivalents,cash and cash equivalents,CAP,"December 31, 2024",M_USD,5788.0,5694_cash_and_cash_equivalents_current_quarter_end,cash_and_cash_equivalents,cash and cash equivalents,CAP,"October 31, 2025",M_USD,5779.0,5735_total_liabilities_prior_fy_end,total_liabilities,total liabilities,CAP,"December 31, 2024",M_USD,20681.0,5734_total_liabilities_current_quarter_end,total_liabilities,total liabilities,CAP,"October 31, 2025",M_USD,20648.0,,,,,,,,,,,,,,,,,,,,,,,,,,,,,,,,,,,
50,4,"what's the value of the total current assets for CIV in October 31, 2025",total_current_assets,"{""derived"": ""total_current_assets"", ""expanded"": {""op"": ""sum"", ""left"": {""op"": ""sum"", ""left"": {""op"": ""sum"", ""left"": {""op"": ""sum"", ""left"": {""leaf"": ""2846_cash_and_cash_equivalents_current_quarter_end"", ""depth"": 0}, ""right"": {""leaf"": ""2848_short_term_investments_current_quarter_end"", ""depth"": 0}, ""depth"": 1}, ""right"": {""leaf"": ""2850_accounts_receivable_net_current_quarter_end"", ""depth"": 0}, ""depth"": 2}, ""right"": {""leaf"": ""2852_inventories_current_quarter_end"", ""depth"": 0}, ""depth"": 3}, ""right"": {""leaf"": ""2854_prepaid_expenses_and_other_current_quarter_end"", ""depth"": 0}, ""depth"": 4}, ""depth"": 4}","{""kind"": ""derived_concept"", ""name"": ""total_current_assets"", ""depth"": 0}",1191.0,2,0,4,334344110,405459098,777,0.57,0,1,5,2846_cash_and_cash_equivalents_current_quarter_end,cash_and_cash_equivalents,cash and cash equivalents,CIV,"October 31, 2025",M_USD,207.0,2848_short_term_investments_current_quarter_end,short_term_investments,short term investments,CIV,"October 31, 2025",M_USD,109.0,2850_accounts_receivable_net_current_quarter_end,accounts_receivable_net,accounts receivable net,CIV,"October 31, 2025",M_USD,453.0,2852_inventories_current_quarter_end,inventories,inventories,CIV,"October 31, 2025",M_USD,219.0,2854_prepaid_expenses_and_other_current_quarter_end,prepaid_expenses_and_other,prepaid expenses and other,CIV,"October 31, 2025",M_USD,203.0,,,,,,,,,,,,,,,,,,,,,,,,,,,,
51,1,"which result follows from the gross profit for HRZ in Three Months Ended April 30, 2024?",gross_profit,"{""derived"": ""gross_profit"", ""expanded"": {""op"": ""diff"", ""left"": {""leaf"": ""7173_total_revenues_prior_year_quarter"", ""depth"": 0}, ""right"": {""leaf"": ""7175_cost_of_sales_prior_year_quarter"", ""depth"": 0}, ""depth"": 1}, ""depth"": 1}","{""kind"": ""derived_concept"", ""name"": ""gross_profit"", ""depth"": 0}",1607.0,3,0,1,937524848,619870286,777,0.262,0,1,2,7173_total_revenues_prior_year_quarter,total_revenues,total revenues,HRZ,"Three Months Ended April 30, 2024",M_USD,4838.0,7175_cost_of_sales_prior_year_quarter,cost_of_sales,cost of sales,HRZ,"Three Months Ended April 30, 2024",M_USD,3231.0,,,,,,,,,,,,,,,,,,,,,,,,,,,,,,,,,,,,,,,,,,,,,,,,,
52,1,"What is the value of the minimum of proceeds from maturities of securities for CAP from Nine Months Ended October 31, 2024 to Nine Months Ended October 31, 2025","min(5773_proceeds_from_maturities_of_securities_prior_ytd, 5772_proceeds_from_maturities_of_securities_current_ytd)","{""op"": ""min"", ""left"": {""leaf"": ""5773_proceeds_from_maturities_of_securities_prior_ytd"", ""depth"": 0}, ""right"": {""leaf"": ""5772_proceeds_from_maturities_of_securities_current_ytd"", ""depth"": 0}, ""depth"": 1}","{""kind"": ""time_agg"", ""op"": ""min"", ""depth"": 0}",475.0,3,0,1,934154294,716824149,777,0.285,0,1,2,5773_proceeds_from_maturities_of_securities_prior_ytd,proceeds_from_maturities_of_securities,proceeds from maturities of securities,CAP,"Nine Months Ended October 31, 2024",M_USD,475.0,5772_proceeds_from_maturities_of_securities_current_ytd,proceeds_from_maturities_of_securities,proceeds from maturities of securities,CAP,"Nine Months Ended October 31, 2025",M_USD,495.0,,,,,,,,,,,,,,,,,,,,,,,,,,,,,,,,,,,,,,,,,,,,,,,,,
53,2,"may you give the average current portion of long term debt for SCI from December 31, 2024 to July 31, 2025","ratio(sum(5217_current_portion_of_long_term_debt_prior_fy_end, 5216_current_portion_of_long_term_debt_current_quarter_end), 2.0)","{""op"": ""ratio"", ""left"": {""op"": ""sum"", ""left"": {""leaf"": ""5217_current_portion_of_long_term_debt_prior_fy_end"", ""depth"": 0}, ""right"": {""leaf"": ""5216_current_portion_of_long_term_debt_current_quarter_end"", ""depth"": 0}, ""depth"": 1}, ""right"": {""literal"": 2.0, ""depth"": 0}, ""depth"": 2}","{""kind"": ""time_agg"", ""op"": ""avg"", ""depth"": 0}",232.0,1,0,2,201416067,884690965,777,0.452,0,1,2,5217_current_portion_of_long_term_debt_prior_fy_end,current_portion_of_long_term_debt,current portion of long term debt,SCI,"December 31, 2024",M_USD,216.0,5216_current_portion_of_long_term_debt_current_quarter_end,current_portion_of_long_term_debt,current portion of long term debt,SCI,"July 31, 2025",M_USD,248.0,,,,,,,,,,,,,,,,,,,,,,,,,,,,,,,,,,,,,,,,,,,,,,,,,
54,2,"You should calculate the average shares used diluted for QRK from Six Months Ended April 30, 2025 to Six Months Ended April 30, 2026 .","ratio(sum(3583_shares_used_diluted_prior_year_ytd, 3582_shares_used_diluted_current_ytd), 2.0)","{""op"": ""ratio"", ""left"": {""op"": ""sum"", ""left"": {""leaf"": ""3583_shares_used_diluted_prior_year_ytd"", ""depth"": 0}, ""right"": {""leaf"": ""3582_shares_used_diluted_current_ytd"", ""depth"": 0}, ""depth"": 1}, ""right"": {""literal"": 2.0, ""depth"": 0}, ""depth"": 2}","{""kind"": ""time_agg"", ""op"": ""avg"", ""depth"": 0}",14195192.5,4,0,2,454880767,147436282,777,0.581,0,1,2,3583_shares_used_diluted_prior_year_ytd,shares_used_diluted,shares used diluted,QRK,"Six Months Ended April 30, 2025",M_shares,14590942.0,3582_shares_used_diluted_current_ytd,shares_used_diluted,shares used diluted,QRK,"Six Months Ended April 30, 2026",M_shares,13799443.0,,,,,,,,,,,,,,,,,,,,,,,,,,,,,,,,,,,,,,,,,,,,,,,,,
55,1,"state the minimum of total liabilities for VTL from December 31, 2024 to April 30, 2025","min(64_total_liabilities_current_quarter_end, 65_total_liabilities_prior_fy_end)","{""op"": ""min"", ""left"": {""leaf"": ""64_total_liabilities_current_quarter_end"", ""depth"": 0}, ""right"": {""leaf"": ""65_total_liabilities_prior_fy_end"", ""depth"": 0}, ""depth"": 1}","{""kind"": ""time_agg"", ""op"": ""min"", ""depth"": 0}",1244.0,2,0,1,104479732,288058991,777,0.573,0,1,2,64_total_liabilities_current_quarter_end,total_liabilities,total liabilities,VTL,"April 30, 2025",M_USD,1244.0,65_total_liabilities_prior_fy_end,total_liabilities,total liabilities,VTL,"December 31, 2024",M_USD,1262.0,,,,,,,,,,,,,,,,,,,,,,,,,,,,,,,,,,,,,,,,,,,,,,,,,
56,3,"which value corresponds to the sum of income before taxes for HRZ in Three Months Ended April 30, 2025 and maximum of proceeds from maturities of securities for HRZ from Three Months Ended April 30, 2024 to Three Months Ended April 30, 2025","sum(income_before_taxes, max(7273_proceeds_from_maturities_of_securities_prior_ytd, 7272_proceeds_from_maturities_of_securities_current_ytd))","{""op"": ""sum"", ""left"": {""derived"": ""income_before_taxes"", ""expanded"": {""op"": ""sum"", ""left"": {""derived"": ""operating_income"", ""expanded"": {""op"": ""diff"", ""left"": {""leaf"": ""7172_total_revenues_current_quarter"", ""depth"": 0}, ""right"": {""leaf"": ""7180_total_costs_and_expenses_current_quarter"", ""depth"": 0}, ""depth"": 1}, ""depth"": 1}, ""right"": {""leaf"": ""7184_other_income_expense_net_current_quarter"", ""depth"": 0}, ""depth"": 2}, ""depth"": 2}, ""right"": {""op"": ""max"", ""left"": {""leaf"": ""7273_proceeds_from_maturities_of_securities_prior_ytd"", ""depth"": 0}, ""right"": {""leaf"": ""7272_proceeds_from_maturities_of_securities_current_ytd"", ""depth"": 0}, ""depth"": 1}, ""depth"": 3}","{""op"": ""sum"", ""left"": {""kind"": ""derived_concept"", ""name"": ""income_before_taxes"", ""depth"": 0}, ""right"": {""kind"": ""time_agg"", ""op"": ""max"", ""depth"": 0}, ""depth"": 1, ""kind"": ""node""}",1194.0,4,1,3,839903483,855525167,777,0.181,1,2,5,7172_total_revenues_current_quarter,total_revenues,total revenues,HRZ,"Three Months Ended April 30, 2025",M_USD,4486.0,7180_total_costs_and_expenses_current_quarter,total_costs_and_expenses,total costs and expenses,HRZ,"Three Months Ended April 30, 2025",M_USD,3342.0,7184_other_income_expense_net_current_quarter,other_income_expense_net,other income expense net,HRZ,"Three Months Ended April 30, 2025",M_USD,-119.0,7273_proceeds_from_maturities_of_securities_prior_ytd,proceeds_from_maturities_of_securities,proceeds from maturities of securities,HRZ,"Three Months Ended April 30, 2024",M_USD,169.0,7272_proceeds_from_maturities_of_securities_current_ytd,proceeds_from_maturities_of_securities,proceeds from maturities of securities,HRZ,"Three Months Ended April 30, 2025",M_USD,157.0,,,,,,,,,,,,,,,,,,,,,,,,,,,,
57,1,"Calculate the minimum of accounts payable for MRT from December 31, 2024 to April 30, 2025","min(1604_accounts_payable_current_quarter_end, 1605_accounts_payable_prior_fy_end)","{""op"": ""min"", ""left"": {""leaf"": ""1604_accounts_payable_current_quarter_end"", ""depth"": 0}, ""right"": {""leaf"": ""1605_accounts_payable_prior_fy_end"", ""depth"": 0}, ""depth"": 1}","{""kind"": ""time_agg"", ""op"": ""min"", ""depth"": 0}",24995.0,4,0,1,556904847,792707506,777,0.294,0,1,2,1604_accounts_payable_current_quarter_end,accounts_payable,accounts payable,MRT,"April 30, 2025",M_USD,28952.0,1605_accounts_payable_prior_fy_end,accounts_payable,accounts payable,MRT,"December 31, 2024",M_USD,24995.0,,,,,,,,,,,,,,,,,,,,,,,,,,,,,,,,,,,,,,,,,,,,,,,,,
58,1,"Which value corresponds to the minimum of shares used basic for HRZ from Three Months Ended April 30, 2024 to Three Months Ended April 30, 2025","min(7281_shares_used_basic_prior_year_quarter, 7280_shares_used_basic_current_quarter)","{""op"": ""min"", ""left"": {""leaf"": ""7281_shares_used_basic_prior_year_quarter"", ""depth"": 0}, ""right"": {""leaf"": ""7280_shares_used_basic_current_quarter"", ""depth"": 0}, ""depth"": 1}","{""kind"": ""time_agg"", ""op"": ""min"", ""depth"": 0}",241000.0,4,0,1,593971239,491818452,777,0.107,0,1,2,7281_shares_used_basic_prior_year_quarter,shares_used_basic,shares used basic,HRZ,"Three Months Ended April 30, 2024",M_shares,252211.0,7280_shares_used_basic_current_quarter,shares_used_basic,shares used basic,HRZ,"Three Months Ended April 30, 2025",M_shares,241000.0,,,,,,,,,,,,,,,,,,,,,,,,,,,,,,,,,,,,,,,,,,,,,,,,,
59,1,"you should give the gross profit for PRD in Nine Months Ended October 31, 2025",gross_profit,"{""derived"": ""gross_profit"", ""expanded"": {""op"": ""diff"", ""left"": {""leaf"": ""1844_total_revenues_current_ytd"", ""depth"": 0}, ""right"": {""leaf"": ""1848_cost_of_sales_current_ytd"", ""depth"": 0}, ""depth"": 1}, ""depth"": 1}","{""kind"": ""derived_concept"", ""name"": ""gross_profit"", ""depth"": 0}",19761.0,3,0,1,896797321,837473166,777,0.47,0,1,2,1844_total_revenues_current_ytd,total_revenues,total revenues,PRD,"Nine Months Ended October 31, 2025",M_USD,64884.0,1848_cost_of_sales_current_ytd,cost_of_sales,cost of sales,PRD,"Nine Months Ended October 31, 2025",M_USD,45123.0,,,,,,,,,,,,,,,,,,,,,,,,,,,,,,,,,,,,,,,,,,,,,,,,,
60,2,"What would be the average gross profit for FAB from Six Months Ended July 31, 2024 to Six Months Ended July 31, 2025","ratio(sum(3805_gross_profit_prior_year_ytd, 3804_gross_profit_current_ytd), 2.0)","{""op"": ""ratio"", ""left"": {""op"": ""sum"", ""left"": {""leaf"": ""3805_gross_profit_prior_year_ytd"", ""depth"": 0}, ""right"": {""leaf"": ""3804_gross_profit_current_ytd"", ""depth"": 0}, ""depth"": 1}, ""right"": {""literal"": 2.0, ""depth"": 0}, ""depth"": 2}","{""kind"": ""time_agg"", ""op"": ""avg"", ""depth"": 0}",25605.0,1,0,2,965456335,605048522,777,0.562,0,1,2,3805_gross_profit_prior_year_ytd,gross_profit,gross profit,FAB,"Six Months Ended July 31, 2024",M_USD,27192.0,3804_gross_profit_current_ytd,gross_profit,gross profit,FAB,"Six Months Ended July 31, 2025",M_USD,24018.0,,,,,,,,,,,,,,,,,,,,,,,,,,,,,,,,,,,,,,,,,,,,,,,,,
61,2,"May you calculate the average cost of products for PLX from Three Months Ended July 31, 2025 to Three Months Ended July 31, 2026 ?","ratio(sum(4372_cos_products_prior_year_quarter, 4368_cos_products_current_quarter), 2.0)","{""op"": ""ratio"", ""left"": {""op"": ""sum"", ""left"": {""leaf"": ""4372_cos_products_prior_year_quarter"", ""depth"": 0}, ""right"": {""leaf"": ""4368_cos_products_current_quarter"", ""depth"": 0}, ""depth"": 1}, ""right"": {""literal"": 2.0, ""depth"": 0}, ""depth"": 2}","{""kind"": ""time_agg"", ""op"": ""avg"", ""depth"": 0}",5342.0,3,0,2,727363366,615945734,777,0.536,0,1,2,4372_cos_products_prior_year_quarter,cos_products,cost of products,PLX,"Three Months Ended July 31, 2025",M_USD,5304.0,4368_cos_products_current_quarter,cos_products,cost of products,PLX,"Three Months Ended July 31, 2026",M_USD,5380.0,,,,,,,,,,,,,,,,,,,,,,,,,,,,,,,,,,,,,,,,,,,,,,,,,
62,1,"Evaluate the gross profit for FIN in Three Months Ended April 30, 2025 .",gross_profit,"{""derived"": ""gross_profit"", ""expanded"": {""op"": ""diff"", ""left"": {""leaf"": ""4080_total_revenues_current_quarter"", ""depth"": 0}, ""right"": {""leaf"": ""4082_cost_of_sales_current_quarter"", ""depth"": 0}, ""depth"": 1}, ""depth"": 1}","{""kind"": ""derived_concept"", ""name"": ""gross_profit"", ""depth"": 0}",5744.0,3,0,1,61963354,508741172,777,0.396,0,1,2,4080_total_revenues_current_quarter,total_revenues,total revenues,FIN,"Three Months Ended April 30, 2025",M_USD,10421.0,4082_cost_of_sales_current_quarter,cost_of_sales,cost of sales,FIN,"Three Months Ended April 30, 2025",M_USD,4677.0,,,,,,,,,,,,,,,,,,,,,,,,,,,,,,,,,,,,,,,,,,,,,,,,,
63,1,"What do we obtain as the minimum of net income for FAB from Three Months Ended July 31, 2024 to Three Months Ended July 31, 2025","min(3831_net_income_prior_year_quarter, 3830_net_income_current_quarter)","{""op"": ""min"", ""left"": {""leaf"": ""3831_net_income_prior_year_quarter"", ""depth"": 0}, ""right"": {""leaf"": ""3830_net_income_current_quarter"", ""depth"": 0}, ""depth"": 1}","{""kind"": ""time_agg"", ""op"": ""min"", ""depth"": 0}",4830.0,1,0,1,366416389,737842527,777,0.505,0,1,2,3831_net_income_prior_year_quarter,net_income,net income,FAB,"Three Months Ended July 31, 2024",M_USD,5469.0,3830_net_income_current_quarter,net_income,net income,FAB,"Three Months Ended July 31, 2025",M_USD,4830.0,,,,,,,,,,,,,,,,,,,,,,,,,,,,,,,,,,,,,,,,,,,,,,,,,
64,1,"What is the gross profit for AST in Three Months Ended July 31, 2024?",gross_profit,"{""derived"": ""gross_profit"", ""expanded"": {""op"": ""diff"", ""left"": {""leaf"": ""4811_total_revenues_prior_year_quarter"", ""depth"": 0}, ""right"": {""leaf"": ""4815_cost_of_sales_prior_year_quarter"", ""depth"": 0}, ""depth"": 1}, ""depth"": 1}","{""kind"": ""derived_concept"", ""name"": ""gross_profit"", ""depth"": 0}",14178.0,3,0,1,522188957,505911308,777,0.255,0,1,2,4811_total_revenues_prior_year_quarter,total_revenues,total revenues,AST,"Three Months Ended July 31, 2024",M_USD,20623.0,4815_cost_of_sales_prior_year_quarter,cost_of_sales,cost of sales,AST,"Three Months Ended July 31, 2024",M_USD,6445.0,,,,,,,,,,,,,,,,,,,,,,,,,,,,,,,,,,,,,,,,,,,,,,,,,
65,2,"What does the following give: average gross profit for GLP from Nine Months Ended October 31, 2024 to Nine Months Ended October 31, 2025?","ratio(sum(6899_gross_profit_prior_year_ytd, 6898_gross_profit_current_ytd), 2.0)","{""op"": ""ratio"", ""left"": {""op"": ""sum"", ""left"": {""leaf"": ""6899_gross_profit_prior_year_ytd"", ""depth"": 0}, ""right"": {""leaf"": ""6898_gross_profit_current_ytd"", ""depth"": 0}, ""depth"": 1}, ""right"": {""literal"": 2.0, ""depth"": 0}, ""depth"": 2}","{""kind"": ""time_agg"", ""op"": ""avg"", ""depth"": 0}",87730.5,2,0,2,154153995,912708580,777,0.272,0,1,2,6899_gross_profit_prior_year_ytd,gross_profit,gross profit,GLP,"Nine Months Ended October 31, 2024",M_USD,92226.0,6898_gross_profit_current_ytd,gross_profit,gross profit,GLP,"Nine Months Ended October 31, 2025",M_USD,83235.0,,,,,,,,,,,,,,,,,,,,,,,,,,,,,,,,,,,,,,,,,,,,,,,,,
66,1,"Compute the maximum of proceeds from stock option exercises for ZNX from Six Months Ended July 31, 2024 to Six Months Ended July 31, 2025","max(6367_proceeds_from_stock_option_exercises_prior_ytd, 6366_proceeds_from_stock_option_exercises_current_ytd)","{""op"": ""max"", ""left"": {""leaf"": ""6367_proceeds_from_stock_option_exercises_prior_ytd"", ""depth"": 0}, ""right"": {""leaf"": ""6366_proceeds_from_stock_option_exercises_current_ytd"", ""depth"": 0}, ""depth"": 1}","{""kind"": ""time_agg"", ""op"": ""max"", ""depth"": 0}",53.0,2,0,1,957424227,144065498,777,0.312,0,1,2,6367_proceeds_from_stock_option_exercises_prior_ytd,proceeds_from_stock_option_exercises,proceeds from stock option exercises,ZNX,"Six Months Ended July 31, 2024",M_USD,42.0,6366_proceeds_from_stock_option_exercises_current_ytd,proceeds_from_stock_option_exercises,proceeds from stock option exercises,ZNX,"Six Months Ended July 31, 2025",M_USD,53.0,,,,,,,,,,,,,,,,,,,,,,,,,,,,,,,,,,,,,,,,,,,,,,,,,
67,1,"you should calculate the free cash flow for BRX in Six Months Ended July 31, 2025 .",free_cash_flow,"{""derived"": ""free_cash_flow"", ""expanded"": {""op"": ""sum"", ""left"": {""leaf"": ""562_net_cash_from_operating_current_ytd"", ""depth"": 0}, ""right"": {""leaf"": ""564_capital_expenditures_current_ytd"", ""depth"": 0}, ""depth"": 1}, ""depth"": 1}","{""kind"": ""derived_concept"", ""name"": ""free_cash_flow"", ""depth"": 0}",25890.0,2,0,1,410100214,484371700,777,0.438,0,1,2,562_net_cash_from_operating_current_ytd,net_cash_from_operating,net cash from operating,BRX,"Six Months Ended July 31, 2025",M_USD,38927.0,564_capital_expenditures_current_ytd,capital_expenditures,capital expenditures,BRX,"Six Months Ended July 31, 2025",M_USD,-13037.0,,,,,,,,,,,,,,,,,,,,,,,,,,,,,,,,,,,,,,,,,,,,,,,,,
68,1,"State the minimum of accrued expenses and other for TRU from December 31, 2024 to July 31, 2025","min(877_accrued_expenses_and_other_prior_fy_end, 876_accrued_expenses_and_other_current_quarter_end)","{""op"": ""min"", ""left"": {""leaf"": ""877_accrued_expenses_and_other_prior_fy_end"", ""depth"": 0}, ""right"": {""leaf"": ""876_accrued_expenses_and_other_current_quarter_end"", ""depth"": 0}, ""depth"": 1}","{""kind"": ""time_agg"", ""op"": ""min"", ""depth"": 0}",1149.0,4,0,1,833743499,475891092,777,0.6,0,1,2,877_accrued_expenses_and_other_prior_fy_end,accrued_expenses_and_other,accrued expenses and other,TRU,"December 31, 2024",M_USD,1149.0,876_accrued_expenses_and_other_current_quarter_end,accrued_expenses_and_other,accrued expenses and other,TRU,"July 31, 2025",M_USD,1272.0,,,,,,,,,,,,,,,,,,,,,,,,,,,,,,,,,,,,,,,,,,,,,,,,,
69,2,"may you give the average selling general and administrative for PRF from Three Months Ended April 30, 2024 to Three Months Ended April 30, 2025 ?","ratio(sum(2175_selling_general_and_administrative_prior_year_quarter, 2174_selling_general_and_administrative_current_quarter), 2.0)","{""op"": ""ratio"", ""left"": {""op"": ""sum"", ""left"": {""leaf"": ""2175_selling_general_and_administrative_prior_year_quarter"", ""depth"": 0}, ""right"": {""leaf"": ""2174_selling_general_and_administrative_current_quarter"", ""depth"": 0}, ""depth"": 1}, ""right"": {""literal"": 2.0, ""depth"": 0}, ""depth"": 2}","{""kind"": ""time_agg"", ""op"": ""avg"", ""depth"": 0}",267.5,4,0,2,370640464,707134851,777,0.473,0,1,2,2175_selling_general_and_administrative_prior_year_quarter,selling_general_and_administrative,selling general and administrative,PRF,"Three Months Ended April 30, 2024",M_USD,263.0,2174_selling_general_and_administrative_current_quarter,selling_general_and_administrative,selling general and administrative,PRF,"Three Months Ended April 30, 2025",M_USD,272.0,,,,,,,,,,,,,,,,,,,,,,,,,,,,,,,,,,,,,,,,,,,,,,,,,
70,3,"What would be the total current liabilities for CRZ in October 31, 2025 ?",total_current_liabilities,"{""derived"": ""total_current_liabilities"", ""expanded"": {""op"": ""sum"", ""left"": {""op"": ""sum"", ""left"": {""op"": ""sum"", ""left"": {""leaf"": ""5042_accounts_payable_current_quarter_end"", ""depth"": 0}, ""right"": {""leaf"": ""5044_deferred_revenue_current_current_quarter_end"", ""depth"": 0}, ""depth"": 1}, ""right"": {""leaf"": ""5046_accrued_expenses_and_other_current_quarter_end"", ""depth"": 0}, ""depth"": 2}, ""right"": {""leaf"": ""5048_current_portion_of_long_term_debt_current_quarter_end"", ""depth"": 0}, ""depth"": 3}, ""depth"": 3}","{""kind"": ""derived_concept"", ""name"": ""total_current_liabilities"", ""depth"": 0}",3672.0,2,0,3,789321031,406595000,777,0.366,0,1,4,5042_accounts_payable_current_quarter_end,accounts_payable,accounts payable,CRZ,"October 31, 2025",M_USD,1921.0,5044_deferred_revenue_current_current_quarter_end,deferred_revenue_current,deferred revenue current,CRZ,"October 31, 2025",M_USD,460.0,5046_accrued_expenses_and_other_current_quarter_end,accrued_expenses_and_other,accrued expenses and other,CRZ,"October 31, 2025",M_USD,844.0,5048_current_portion_of_long_term_debt_current_quarter_end,current_portion_of_long_term_debt,current portion of long term debt,CRZ,"October 31, 2025",M_USD,447.0,,,,,,,,,,,,,,,,,,,,,,,,,,,,,,,,,,,
71,1,"Whats the value of the minimum of depreciation and amortization for CRF from Nine Months Ended October 31, 2024 to Nine Months Ended October 31, 2025 ?","min(1781_depreciation_and_amortization_prior_ytd, 1780_depreciation_and_amortization_current_ytd)","{""op"": ""min"", ""left"": {""leaf"": ""1781_depreciation_and_amortization_prior_ytd"", ""depth"": 0}, ""right"": {""leaf"": ""1780_depreciation_and_amortization_current_ytd"", ""depth"": 0}, ""depth"": 1}","{""kind"": ""time_agg"", ""op"": ""min"", ""depth"": 0}",1904.0,3,0,1,530664057,339646083,777,0.444,0,1,2,1781_depreciation_and_amortization_prior_ytd,depreciation_and_amortization,depreciation and amortization,CRF,"Nine Months Ended October 31, 2024",M_USD,1940.0,1780_depreciation_and_amortization_current_ytd,depreciation_and_amortization,depreciation and amortization,CRF,"Nine Months Ended October 31, 2025",M_USD,1904.0,,,,,,,,,,,,,,,,,,,,,,,,,,,,,,,,,,,,,,,,,,,,,,,,,
72,2,"State the average total assets for TRU from December 31, 2024 to July 31, 2025 .","ratio(sum(871_total_assets_prior_fy_end, 870_total_assets_current_quarter_end), 2.0)","{""op"": ""ratio"", ""left"": {""op"": ""sum"", ""left"": {""leaf"": ""871_total_assets_prior_fy_end"", ""depth"": 0}, ""right"": {""leaf"": ""870_total_assets_current_quarter_end"", ""depth"": 0}, ""depth"": 1}, ""right"": {""literal"": 2.0, ""depth"": 0}, ""depth"": 2}","{""kind"": ""time_agg"", ""op"": ""avg"", ""depth"": 0}",23536.5,3,0,2,497959979,363960214,777,0.573,0,1,2,871_total_assets_prior_fy_end,total_assets,total assets,TRU,"December 31, 2024",M_USD,22342.0,870_total_assets_current_quarter_end,total_assets,total assets,TRU,"July 31, 2025",M_USD,24731.0,,,,,,,,,,,,,,,,,,,,,,,,,,,,,,,,,,,,,,,,,,,,,,,,,
73,4,"State the total liabilities for TRD in July 31, 2025 .",total_liabilities,"{""derived"": ""total_liabilities"", ""expanded"": {""op"": ""sum"", ""left"": {""derived"": ""total_current_liabilities"", ""expanded"": {""op"": ""sum"", ""left"": {""op"": ""sum"", ""left"": {""op"": ""sum"", ""left"": {""leaf"": ""2370_accounts_payable_current_quarter_end"", ""depth"": 0}, ""right"": {""leaf"": ""2372_deferred_revenue_current_current_quarter_end"", ""depth"": 0}, ""depth"": 1}, ""right"": {""leaf"": ""2374_accrued_expenses_and_other_current_quarter_end"", ""depth"": 0}, ""depth"": 2}, ""right"": {""leaf"": ""2376_current_portion_of_long_term_debt_current_quarter_end"", ""depth"": 0}, ""depth"": 3}, ""depth"": 3}, ""right"": {""leaf"": ""2384_total_non_current_liabilities_current_quarter_end"", ""depth"": 0}, ""depth"": 4}, ""depth"": 4}","{""kind"": ""derived_concept"", ""name"": ""total_liabilities"", ""depth"": 0}",54228.0,3,0,4,531233977,711437717,777,0.492,0,1,5,2370_accounts_payable_current_quarter_end,accounts_payable,accounts payable,TRD,"July 31, 2025",M_USD,19504.0,2372_deferred_revenue_current_current_quarter_end,deferred_revenue_current,deferred revenue current,TRD,"July 31, 2025",M_USD,4143.0,2374_accrued_expenses_and_other_current_quarter_end,accrued_expenses_and_other,accrued expenses and other,TRD,"July 31, 2025",M_USD,6321.0,2376_current_portion_of_long_term_debt_current_quarter_end,current_portion_of_long_term_debt,current portion of long term debt,TRD,"July 31, 2025",M_USD,2093.0,2384_total_non_current_liabilities_current_quarter_end,total_non_current_liabilities,total non current liabilities,TRD,"July 31, 2025",M_USD,22167.0,,,,,,,,,,,,,,,,,,,,,,,,,,,,
74,1,"what would be the maximum of provision for income taxes for DTA from Three Months Ended April 30, 2024 to Three Months Ended April 30, 2025 ?","max(4399_provision_for_income_taxes_prior_year_quarter, 4398_provision_for_income_taxes_current_quarter)","{""op"": ""max"", ""left"": {""leaf"": ""4399_provision_for_income_taxes_prior_year_quarter"", ""depth"": 0}, ""right"": {""leaf"": ""4398_provision_for_income_taxes_current_quarter"", ""depth"": 0}, ""depth"": 1}","{""kind"": ""time_agg"", ""op"": ""max"", ""depth"": 0}",584.0,2,0,1,70238201,479751444,777,0.217,0,1,2,4399_provision_for_income_taxes_prior_year_quarter,provision_for_income_taxes,provision for income taxes,DTA,"Three Months Ended April 30, 2024",M_USD,566.0,4398_provision_for_income_taxes_current_quarter,provision_for_income_taxes,provision for income taxes,DTA,"Three Months Ended April 30, 2025",M_USD,584.0,,,,,,,,,,,,,,,,,,,,,,,,,,,,,,,,,,,,,,,,,,,,,,,,,
75,1,"state the minimum of other non current assets for VTL from December 31, 2024 to April 30, 2025","min(42_other_non_current_assets_current_quarter_end, 43_other_non_current_assets_prior_fy_end)","{""op"": ""min"", ""left"": {""leaf"": ""42_other_non_current_assets_current_quarter_end"", ""depth"": 0}, ""right"": {""leaf"": ""43_other_non_current_assets_prior_fy_end"", ""depth"": 0}, ""depth"": 1}","{""kind"": ""time_agg"", ""op"": ""min"", ""depth"": 0}",80.0,2,0,1,233394439,962884375,777,0.448,0,1,2,42_other_non_current_assets_current_quarter_end,other_non_current_assets,other non current assets,VTL,"April 30, 2025",M_USD,80.0,43_other_non_current_assets_prior_fy_end,other_non_current_assets,other non current assets,VTL,"December 31, 2024",M_USD,81.0,,,,,,,,,,,,,,,,,,,,,,,,,,,,,,,,,,,,,,,,,,,,,,,,,
76,4,"which result follows from the total current assets for IND in December 31, 2024?",total_current_assets,"{""derived"": ""total_current_assets"", ""expanded"": {""op"": ""sum"", ""left"": {""op"": ""sum"", ""left"": {""op"": ""sum"", ""left"": {""op"": ""sum"", ""left"": {""leaf"": ""1117_cash_and_cash_equivalents_prior_fy_end"", ""depth"": 0}, ""right"": {""leaf"": ""1119_short_term_investments_prior_fy_end"", ""depth"": 0}, ""depth"": 1}, ""right"": {""leaf"": ""1121_accounts_receivable_net_prior_fy_end"", ""depth"": 0}, ""depth"": 2}, ""right"": {""leaf"": ""1123_inventories_prior_fy_end"", ""depth"": 0}, ""depth"": 3}, ""right"": {""leaf"": ""1125_prepaid_expenses_and_other_prior_fy_end"", ""depth"": 0}, ""depth"": 4}, ""depth"": 4}","{""kind"": ""derived_concept"", ""name"": ""total_current_assets"", ""depth"": 0}",9731.0,3,0,4,672099848,642400671,777,0.599,0,1,5,1117_cash_and_cash_equivalents_prior_fy_end,cash_and_cash_equivalents,cash and cash equivalents,IND,"December 31, 2024",M_USD,985.0,1119_short_term_investments_prior_fy_end,short_term_investments,short term investments,IND,"December 31, 2024",M_USD,676.0,1121_accounts_receivable_net_prior_fy_end,accounts_receivable_net,accounts receivable net,IND,"December 31, 2024",M_USD,2719.0,1123_inventories_prior_fy_end,inventories,inventories,IND,"December 31, 2024",M_USD,4119.0,1125_prepaid_expenses_and_other_prior_fy_end,prepaid_expenses_and_other,prepaid expenses and other,IND,"December 31, 2024",M_USD,1232.0,,,,,,,,,,,,,,,,,,,,,,,,,,,,
77,1,"give the minimum of current portion of long term debt for SKY from December 31, 2024 to April 30, 2025","min(5866_current_portion_of_long_term_debt_current_quarter_end, 5867_current_portion_of_long_term_debt_prior_fy_end)","{""op"": ""min"", ""left"": {""leaf"": ""5866_current_portion_of_long_term_debt_current_quarter_end"", ""depth"": 0}, ""right"": {""leaf"": ""5867_current_portion_of_long_term_debt_prior_fy_end"", ""depth"": 0}, ""depth"": 1}","{""kind"": ""time_agg"", ""op"": ""min"", ""depth"": 0}",386.0,1,0,1,190612449,597553972,777,0.269,0,1,2,5866_current_portion_of_long_term_debt_current_quarter_end,current_portion_of_long_term_debt,current portion of long term debt,SKY,"April 30, 2025",M_USD,386.0,5867_current_portion_of_long_term_debt_prior_fy_end,current_portion_of_long_term_debt,current portion of long term debt,SKY,"December 31, 2024",M_USD,388.0,,,,,,,,,,,,,,,,,,,,,,,,,,,,,,,,,,,,,,,,,,,,,,,,,
78,1,"determine the minimum of shares used diluted for WHL from Six Months Ended July 31, 2024 to Six Months Ended July 31, 2025","min(7439_shares_used_diluted_prior_year_ytd, 7438_shares_used_diluted_current_ytd)","{""op"": ""min"", ""left"": {""leaf"": ""7439_shares_used_diluted_prior_year_ytd"", ""depth"": 0}, ""right"": {""leaf"": ""7438_shares_used_diluted_current_ytd"", ""depth"": 0}, ""depth"": 1}","{""kind"": ""time_agg"", ""op"": ""min"", ""depth"": 0}",2667092.0,4,0,1,449220017,199392463,777,0.293,0,1,2,7439_shares_used_diluted_prior_year_ytd,shares_used_diluted,shares used diluted,WHL,"Six Months Ended July 31, 2024",M_shares,2667092.0,7438_shares_used_diluted_current_ytd,shares_used_diluted,shares used diluted,WHL,"Six Months Ended July 31, 2025",M_shares,2725895.0,,,,,,,,,,,,,,,,,,,,,,,,,,,,,,,,,,,,,,,,,,,,,,,,,
79,3,"you should calculate the net income for BLD in Three Months Ended July 31, 2025",net_income,"{""derived"": ""net_income"", ""expanded"": {""op"": ""diff"", ""left"": {""derived"": ""income_before_taxes"", ""expanded"": {""op"": ""sum"", ""left"": {""derived"": ""operating_income"", ""expanded"": {""op"": ""diff"", ""left"": {""leaf"": ""2638_total_revenues_current_quarter"", ""depth"": 0}, ""right"": {""leaf"": ""2658_total_costs_and_expenses_current_quarter"", ""depth"": 0}, ""depth"": 1}, ""depth"": 1}, ""right"": {""leaf"": ""2666_other_income_expense_net_current_quarter"", ""depth"": 0}, ""depth"": 2}, ""depth"": 2}, ""right"": {""leaf"": ""2670_provision_for_income_taxes_current_quarter"", ""depth"": 0}, ""depth"": 3}, ""depth"": 3}","{""kind"": ""derived_concept"", ""name"": ""net_income"", ""depth"": 0}",677.0,4,0,3,855777343,749212749,777,0.466,0,1,4,2638_total_revenues_current_quarter,total_revenues,total revenues,BLD,"Three Months Ended July 31, 2025",M_USD,9700.0,2658_total_costs_and_expenses_current_quarter,total_costs_and_expenses,total costs and expenses,BLD,"Three Months Ended July 31, 2025",M_USD,8752.0,2666_other_income_expense_net_current_quarter,other_income_expense_net,other income expense net,BLD,"Three Months Ended July 31, 2025",M_USD,-64.0,2670_provision_for_income_taxes_current_quarter,provision_for_income_taxes,provision for income taxes,BLD,"Three Months Ended July 31, 2025",M_USD,207.0,,,,,,,,,,,,,,,,,,,,,,,,,,,,,,,,,,,
80,1,"what do we obtain as the minimum of total non current liabilities for GBL from December 31, 2024 to April 30, 2025?","min(6826_total_non_current_liabilities_current_quarter_end, 6827_total_non_current_liabilities_prior_fy_end)","{""op"": ""min"", ""left"": {""leaf"": ""6826_total_non_current_liabilities_current_quarter_end"", ""depth"": 0}, ""right"": {""leaf"": ""6827_total_non_current_liabilities_prior_fy_end"", ""depth"": 0}, ""depth"": 1}","{""kind"": ""time_agg"", ""op"": ""min"", ""depth"": 0}",7507.0,2,0,1,786959451,114931440,777,0.555,0,1,2,6826_total_non_current_liabilities_current_quarter_end,total_non_current_liabilities,total non current liabilities,GBL,"April 30, 2025",M_USD,8695.0,6827_total_non_current_liabilities_prior_fy_end,total_non_current_liabilities,total non current liabilities,GBL,"December 31, 2024",M_USD,7507.0,,,,,,,,,,,,,,,,,,,,,,,,,,,,,,,,,,,,,,,,,,,,,,,,,
81,2,"what would be the average total current liabilities for FAB from December 31, 2024 to July 31, 2025 ?","ratio(sum(3875_total_current_liabilities_prior_fy_end, 3874_total_current_liabilities_current_quarter_end), 2.0)","{""op"": ""ratio"", ""left"": {""op"": ""sum"", ""left"": {""leaf"": ""3875_total_current_liabilities_prior_fy_end"", ""depth"": 0}, ""right"": {""leaf"": ""3874_total_current_liabilities_current_quarter_end"", ""depth"": 0}, ""depth"": 1}, ""right"": {""literal"": 2.0, ""depth"": 0}, ""depth"": 2}","{""kind"": ""time_agg"", ""op"": ""avg"", ""depth"": 0}",15667.5,1,0,2,586473370,159682664,777,0.462,0,1,2,3875_total_current_liabilities_prior_fy_end,total_current_liabilities,total current liabilities,FAB,"December 31, 2024",M_USD,15785.0,3874_total_current_liabilities_current_quarter_end,total_current_liabilities,total current liabilities,FAB,"July 31, 2025",M_USD,15550.0,,,,,,,,,,,,,,,,,,,,,,,,,,,,,,,,,,,,,,,,,,,,,,,,,
82,4,"provide the total current assets for SUP in December 31, 2024.",total_current_assets,"{""derived"": ""total_current_assets"", ""expanded"": {""op"": ""sum"", ""left"": {""op"": ""sum"", ""left"": {""op"": ""sum"", ""left"": {""op"": ""sum"", ""left"": {""leaf"": ""993_cash_and_cash_equivalents_prior_fy_end"", ""depth"": 0}, ""right"": {""leaf"": ""995_short_term_investments_prior_fy_end"", ""depth"": 0}, ""depth"": 1}, ""right"": {""leaf"": ""997_accounts_receivable_net_prior_fy_end"", ""depth"": 0}, ""depth"": 2}, ""right"": {""leaf"": ""999_inventories_prior_fy_end"", ""depth"": 0}, ""depth"": 3}, ""right"": {""leaf"": ""1001_prepaid_expenses_and_other_prior_fy_end"", ""depth"": 0}, ""depth"": 4}, ""depth"": 4}","{""kind"": ""derived_concept"", ""name"": ""total_current_assets"", ""depth"": 0}",8086.0,2,0,4,376285207,688089876,777,0.434,0,1,5,993_cash_and_cash_equivalents_prior_fy_end,cash_and_cash_equivalents,cash and cash equivalents,SUP,"December 31, 2024",M_USD,1322.0,995_short_term_investments_prior_fy_end,short_term_investments,short term investments,SUP,"December 31, 2024",M_USD,1174.0,997_accounts_receivable_net_prior_fy_end,accounts_receivable_net,accounts receivable net,SUP,"December 31, 2024",M_USD,2022.0,999_inventories_prior_fy_end,inventories,inventories,SUP,"December 31, 2024",M_USD,2955.0,1001_prepaid_expenses_and_other_prior_fy_end,prepaid_expenses_and_other,prepaid expenses and other,SUP,"December 31, 2024",M_USD,613.0,,,,,,,,,,,,,,,,,,,,,,,,,,,,
83,1,"calculate the minimum of gross profit for NVH from Three Months Ended October 31, 2024 to Three Months Ended October 31, 2025 .","min(6597_gross_profit_prior_year_quarter, 6596_gross_profit_current_quarter)","{""op"": ""min"", ""left"": {""leaf"": ""6597_gross_profit_prior_year_quarter"", ""depth"": 0}, ""right"": {""leaf"": ""6596_gross_profit_current_quarter"", ""depth"": 0}, ""depth"": 1}","{""kind"": ""time_agg"", ""op"": ""min"", ""depth"": 0}",7208.0,4,0,1,771363019,512165838,777,0.591,0,1,2,6597_gross_profit_prior_year_quarter,gross_profit,gross profit,NVH,"Three Months Ended October 31, 2024",M_USD,7933.0,6596_gross_profit_current_quarter,gross_profit,gross profit,NVH,"Three Months Ended October 31, 2025",M_USD,7208.0,,,,,,,,,,,,,,,,,,,,,,,,,,,,,,,,,,,,,,,,,,,,,,,,,
84,1,"You should give the free cash flow for FNB in Nine Months Ended October 31, 2024",free_cash_flow,"{""derived"": ""free_cash_flow"", ""expanded"": {""op"": ""sum"", ""left"": {""leaf"": ""6163_net_cash_from_operating_prior_ytd"", ""depth"": 0}, ""right"": {""leaf"": ""6165_capital_expenditures_prior_ytd"", ""depth"": 0}, ""depth"": 1}, ""depth"": 1}","{""kind"": ""derived_concept"", ""name"": ""free_cash_flow"", ""depth"": 0}",11046.0,2,0,1,656117943,15207310,777,0.454,0,1,2,6163_net_cash_from_operating_prior_ytd,net_cash_from_operating,net cash from operating,FNB,"Nine Months Ended October 31, 2024",M_USD,11785.0,6165_capital_expenditures_prior_ytd,capital_expenditures,capital expenditures,FNB,"Nine Months Ended October 31, 2024",M_USD,-739.0,,,,,,,,,,,,,,,,,,,,,,,,,,,,,,,,,,,,,,,,,,,,,,,,,
85,1,"Which quantity is given by the maximum of operating income for MRT from Three Months Ended April 30, 2024 to Three Months Ended April 30, 2025?","max(1569_operating_income_prior_year_quarter, 1568_operating_income_current_quarter)","{""op"": ""max"", ""left"": {""leaf"": ""1569_operating_income_prior_year_quarter"", ""depth"": 0}, ""right"": {""leaf"": ""1568_operating_income_current_quarter"", ""depth"": 0}, ""depth"": 1}","{""kind"": ""time_agg"", ""op"": ""max"", ""depth"": 0}",2691.0,2,0,1,229037237,69370284,777,0.438,0,1,2,1569_operating_income_prior_year_quarter,operating_income,operating income,MRT,"Three Months Ended April 30, 2024",M_USD,2691.0,1568_operating_income_current_quarter,operating_income,operating income,MRT,"Three Months Ended April 30, 2025",M_USD,2349.0,,,,,,,,,,,,,,,,,,,,,,,,,,,,,,,,,,,,,,,,,,,,,,,,,
86,1,"what's the value of the minimum of net cash from operating for CLR from Nine Months Ended October 31, 2024 to Nine Months Ended October 31, 2025?","min(227_net_cash_from_operating_prior_ytd, 226_net_cash_from_operating_current_ytd)","{""op"": ""min"", ""left"": {""leaf"": ""227_net_cash_from_operating_prior_ytd"", ""depth"": 0}, ""right"": {""leaf"": ""226_net_cash_from_operating_current_ytd"", ""depth"": 0}, ""depth"": 1}","{""kind"": ""time_agg"", ""op"": ""min"", ""depth"": 0}",6134.0,2,0,1,127037020,998241388,777,0.238,0,1,2,227_net_cash_from_operating_prior_ytd,net_cash_from_operating,net cash from operating,CLR,"Nine Months Ended October 31, 2024",M_USD,6517.0,226_net_cash_from_operating_current_ytd,net_cash_from_operating,net cash from operating,CLR,"Nine Months Ended October 31, 2025",M_USD,6134.0,,,,,,,,,,,,,,,,,,,,,,,,,,,,,,,,,,,,,,,,,,,,,,,,,
87,1,"You should give the free cash flow for ZNX in Six Months Ended July 31, 2025 .",free_cash_flow,"{""derived"": ""free_cash_flow"", ""expanded"": {""op"": ""sum"", ""left"": {""leaf"": ""6330_net_cash_from_operating_current_ytd"", ""depth"": 0}, ""right"": {""leaf"": ""6332_capital_expenditures_current_ytd"", ""depth"": 0}, ""depth"": 1}, ""depth"": 1}","{""kind"": ""derived_concept"", ""name"": ""free_cash_flow"", ""depth"": 0}",9255.0,2,0,1,263478500,110503936,777,0.505,0,1,2,6330_net_cash_from_operating_current_ytd,net_cash_from_operating,net cash from operating,ZNX,"Six Months Ended July 31, 2025",M_USD,11807.0,6332_capital_expenditures_current_ytd,capital_expenditures,capital expenditures,ZNX,"Six Months Ended July 31, 2025",M_USD,-2552.0,,,,,,,,,,,,,,,,,,,,,,,,,,,,,,,,,,,,,,,,,,,,,,,,,
88,1,"which value corresponds to the maximum of long term marketable securities for HRZ from December 31, 2024 to April 30, 2025 ?","max(7206_long_term_marketable_securities_current_quarter_end, 7207_long_term_marketable_securities_prior_fy_end)","{""op"": ""max"", ""left"": {""leaf"": ""7206_long_term_marketable_securities_current_quarter_end"", ""depth"": 0}, ""right"": {""leaf"": ""7207_long_term_marketable_securities_prior_fy_end"", ""depth"": 0}, ""depth"": 1}","{""kind"": ""time_agg"", ""op"": ""max"", ""depth"": 0}",935.0,1,0,1,124963506,981456896,777,0.365,0,1,2,7206_long_term_marketable_securities_current_quarter_end,long_term_marketable_securities,long term marketable securities,HRZ,"April 30, 2025",M_USD,893.0,7207_long_term_marketable_securities_prior_fy_end,long_term_marketable_securities,long term marketable securities,HRZ,"December 31, 2024",M_USD,935.0,,,,,,,,,,,,,,,,,,,,,,,,,,,,,,,,,,,,,,,,,,,,,,,,,
89,2,"which value corresponds to the average cash and cash equivalents for IND from December 31, 2024 to April 30, 2025","ratio(sum(1116_cash_and_cash_equivalents_current_quarter_end, 1117_cash_and_cash_equivalents_prior_fy_end), 2.0)","{""op"": ""ratio"", ""left"": {""op"": ""sum"", ""left"": {""leaf"": ""1116_cash_and_cash_equivalents_current_quarter_end"", ""depth"": 0}, ""right"": {""leaf"": ""1117_cash_and_cash_equivalents_prior_fy_end"", ""depth"": 0}, ""depth"": 1}, ""right"": {""literal"": 2.0, ""depth"": 0}, ""depth"": 2}","{""kind"": ""time_agg"", ""op"": ""avg"", ""depth"": 0}",952.5,3,0,2,239513506,97070828,777,0.324,0,1,2,1116_cash_and_cash_equivalents_current_quarter_end,cash_and_cash_equivalents,cash and cash equivalents,IND,"April 30, 2025",M_USD,920.0,1117_cash_and_cash_equivalents_prior_fy_end,cash_and_cash_equivalents,cash and cash equivalents,IND,"December 31, 2024",M_USD,985.0,,,,,,,,,,,,,,,,,,,,,,,,,,,,,,,,,,,,,,,,,,,,,,,,,
90,4,"could you give the total current assets for MTX in December 31, 2024?",total_current_assets,"{""derived"": ""total_current_assets"", ""expanded"": {""op"": ""sum"", ""left"": {""op"": ""sum"", ""left"": {""op"": ""sum"", ""left"": {""op"": ""sum"", ""left"": {""leaf"": ""5363_cash_and_cash_equivalents_prior_fy_end"", ""depth"": 0}, ""right"": {""leaf"": ""5365_short_term_investments_prior_fy_end"", ""depth"": 0}, ""depth"": 1}, ""right"": {""leaf"": ""5367_accounts_receivable_net_prior_fy_end"", ""depth"": 0}, ""depth"": 2}, ""right"": {""leaf"": ""5369_inventories_prior_fy_end"", ""depth"": 0}, ""depth"": 3}, ""right"": {""leaf"": ""5371_prepaid_expenses_and_other_prior_fy_end"", ""depth"": 0}, ""depth"": 4}, ""depth"": 4}","{""kind"": ""derived_concept"", ""name"": ""total_current_assets"", ""depth"": 0}",11006.0,2,0,4,436575909,250208503,777,0.552,0,1,5,5363_cash_and_cash_equivalents_prior_fy_end,cash_and_cash_equivalents,cash and cash equivalents,MTX,"December 31, 2024",M_USD,1466.0,5365_short_term_investments_prior_fy_end,short_term_investments,short term investments,MTX,"December 31, 2024",M_USD,1645.0,5367_accounts_receivable_net_prior_fy_end,accounts_receivable_net,accounts receivable net,MTX,"December 31, 2024",M_USD,3537.0,5369_inventories_prior_fy_end,inventories,inventories,MTX,"December 31, 2024",M_USD,3467.0,5371_prepaid_expenses_and_other_prior_fy_end,prepaid_expenses_and_other,prepaid expenses and other,MTX,"December 31, 2024",M_USD,891.0,,,,,,,,,,,,,,,,,,,,,,,,,,,,
91,1,"Evaluate the maximum of Non-interest income for FNB from Nine Months Ended October 31, 2024 to Nine Months Ended October 31, 2025.","max(6235_non_interest_income_prior_year_ytd, 6233_non_interest_income_current_ytd)","{""op"": ""max"", ""left"": {""leaf"": ""6235_non_interest_income_prior_year_ytd"", ""depth"": 0}, ""right"": {""leaf"": ""6233_non_interest_income_current_ytd"", ""depth"": 0}, ""depth"": 1}","{""kind"": ""time_agg"", ""op"": ""max"", ""depth"": 0}",5544.0,3,0,1,539112193,207450886,777,0.328,0,1,2,6235_non_interest_income_prior_year_ytd,non_interest_income,Non-interest income,FNB,"Nine Months Ended October 31, 2024",M_USD,5544.0,6233_non_interest_income_current_ytd,non_interest_income,Non-interest income,FNB,"Nine Months Ended October 31, 2025",M_USD,5067.0,,,,,,,,,,,,,,,,,,,,,,,,,,,,,,,,,,,,,,,,,,,,,,,,,
