depth,question,answer,entity,period,concept,kind,semantic_type,derivation,sampled_node_id,sampled_node_family,sampled_node_depth,binding_entities,binding_periods,id,expression.op,expression.left.op,expression.left.left.op,expression.left.left.left.op,expression.left.left.left.left.leaf,expression.left.left.left.left.depth,expression.left.left.left.right.leaf,expression.left.left.left.right.depth,expression.left.left.left.depth,expression.left.left.right.op,expression.left.left.right.left.leaf,expression.left.left.right.left.depth,expression.left.left.right.right.leaf,expression.left.left.right.right.depth,expression.left.left.right.depth,expression.left.left.depth,expression.left.right.op,expression.left.right.left.op,expression.left.right.left.left.leaf,expression.left.right.left.left.depth,expression.left.right.left.right.leaf,expression.left.right.left.right.depth,expression.left.right.left.depth,expression.left.right.right.op,expression.left.right.right.left.leaf,expression.left.right.right.left.depth,expression.left.right.right.right.leaf,expression.left.right.right.right.depth,expression.left.right.right.depth,expression.left.right.depth,expression.left.depth,expression.right.op,expression.right.left.op,expression.right.left.left.op,expression.right.left.left.left.leaf,expression.right.left.left.left.depth,expression.right.left.left.right.leaf,expression.right.left.left.right.depth,expression.right.left.left.depth,expression.right.left.right.op,expression.right.left.right.left.leaf,expression.right.left.right.left.depth,expression.right.left.right.right.leaf,expression.right.left.right.right.depth,expression.right.left.right.depth,expression.right.left.depth,expression.right.right.op,expression.right.right.left.op,expression.right.right.left.left.leaf,expression.right.right.left.left.depth,expression.right.right.left.right.leaf,expression.right.right.left.right.depth,expression.right.right.left.depth,expression.right.right.right.op,expression.right.right.right.left.leaf,expression.right.right.right.left.depth,expression.right.right.right.right.leaf,expression.right.right.right.right.depth,expression.right.right.right.depth,expression.right.right.depth,expression.right.depth,expression.depth,binding.L849,binding.L861,binding.L863,binding.L848,binding.L850,binding.L851,binding.L852,binding.L853,binding.L854,binding.L855,binding.L856,binding.L857,binding.L858,binding.L859,binding.L860,binding.L862,flags.cross_company,flags.cross_year,flags.depth3,flags.depth4plus,expression.left.left.leaf,expression.left.right.leaf,expression.right.left.leaf,expression.right.right.leaf,binding.L581,binding.L583,binding.L580,binding.L582,binding.L909,binding.L908,binding.L910,binding.L911,expression.left.left.left.leaf,expression.left.left.right.leaf,expression.left.right.left.leaf,expression.left.right.right.leaf,expression.right.left.left.leaf,expression.right.left.right.leaf,expression.right.right.left.leaf,expression.right.right.right.leaf,binding.L971,binding.L973,binding.L968,binding.L969,binding.L970,binding.L972,binding.L974,binding.L975,binding.L11,binding.L8,binding.L9,binding.L10,binding.L543,binding.L540,binding.L541,binding.L542,binding.L285,binding.L287,binding.L284,binding.L286,binding.L905,binding.L904,binding.L906,binding.L907,binding.L83,binding.L80,binding.L81,binding.L82,binding.L320,binding.L321,binding.L322,binding.L323,binding.L324,binding.L325,binding.L326,binding.L327,binding.L249,binding.L251,binding.L248,binding.L250,binding.L252,binding.L253,binding.L254,binding.L255,binding.L977,binding.L979,binding.L976,binding.L978,binding.L943,binding.L940,binding.L941,binding.L942,binding.L845,binding.L847,binding.L844,binding.L846,binding.L735,binding.L732,binding.L733,binding.L734,binding.L643,binding.L640,binding.L641,binding.L642,expression.left.leaf,expression.right.leaf,binding.L200,binding.L201,binding.L508,binding.L509,binding.L510,binding.L511,binding.L1020,binding.L1021,binding.L494,binding.L495,binding.L460,binding.L461,binding.L278,binding.L279,binding.L384,binding.L385,binding.L632,binding.L633,binding.L488,binding.L489,binding.L880,binding.L881,binding.L762,binding.L763,binding.L476,binding.L477,binding.L692,binding.L693,binding.L924,binding.L925,binding.L132,binding.L133,binding.L134,binding.L135,binding.L626,binding.L627,binding.L800,binding.L801,binding.L528,binding.L529,binding.L736,binding.L737,binding.L738,binding.L739,binding.L70,binding.L71,binding.L984,binding.L985,binding.L204,binding.L205,binding.L826,binding.L827,binding.L600,binding.L601,binding.L602,binding.L603,binding.L490,binding.L491,binding.L484,binding.L485,binding.L260,binding.L261,binding.L258,binding.L259,binding.L398,binding.L399,binding.L964,binding.L965,binding.L560,binding.L561,binding.L44,binding.L45,binding.L274,binding.L275,binding.L526,binding.L527,binding.L164,binding.L165,binding.L347,binding.L344,binding.L345,binding.L346,binding.L712,binding.L713,binding.L314,binding.L315,binding.L650,binding.L651,binding.L746,binding.L747,binding.L262,binding.L263,binding.L864,binding.L865,binding.L306,binding.L307,binding.L670,binding.L671,binding.L578,binding.L579,binding.L952,binding.L953,binding.L276,binding.L277,binding.L574,binding.L575,binding.L210,binding.L211,binding.L530,binding.L531,binding.L86,binding.L87,binding.L76,binding.L77,binding.L810,binding.L811,binding.L628,binding.L629,binding.L444,binding.L445,binding.L504,binding.L505,binding.L506,binding.L507,binding.L152,binding.L153,binding.L438,binding.L439,binding.L990,binding.L991,binding.L470,binding.L471,binding.L890,binding.L891
4,What is the ratio of combined value of difference between current liabilities for Apex Dynamics Corp in 2022 scaled by income tax for Apex Dynamics Corp in 2023 and combined value of total assets for Apex Dynamics Corp in 2022 and current liabilities for Apex Dynamics Corp in 2022 and difference between combined value of cost of goods sold for Apex Dynamics Corp in 2022 and gross profit for Apex Dynamics Corp in 2022 and difference between longterm assets for Apex Dynamics Corp in 2022 and current assets for Apex Dynamics Corp in 2022 to combined value of combined value of operating income for Apex Dynamics Corp in 2022 and pretax income for Apex Dynamics Corp in 2022 and difference between longterm liabilities for Apex Dynamics Corp in 2022 and gross profit for Apex Dynamics Corp in 2022 scaled by ratio of gross profit for Apex Dynamics Corp in 2022 scaled by income tax for Apex Dynamics Corp in 2024 to non operating expenses for Apex Dynamics Corp in 2022 scaled by income tax for Apex Dynamics Corp in 2025?,-0.6857394985874029,Apex Dynamics Corp,2022,,ratio_amounts,ratio,"ratio(sum_amount, scaled_amount)",N858,ratio,4,['Apex Dynamics Corp'],"['2022', '2023', '2024', '2025']",1,ratio,sum,diff,mul,2_current_liabilities,0.0,3_income_tax,0.0,1.0,sum,2_total_assets,0.0,2_current_liabilities,0.0,1.0,2.0,diff,sum,2_cost_of_goods_sold,0.0,2_gross_profit,0.0,1.0,diff,2_longterm_assets,0.0,2_current_assets,0.0,1.0,2.0,3,mul,sum,sum,2_operating_income,0.0,2_pretax_income,0.0,1.0,diff,2_longterm_liabilities,0.0,2_gross_profit,0.0,1.0,2.0,ratio,mul,2_gross_profit,0.0,4_income_tax,0.0,1.0,mul,2_non_operating_expenses,0.0,5_income_tax,0.0,1.0,2.0,3,4,3_income_tax,4_income_tax,5_income_tax,2_current_liabilities,2_total_assets,2_current_liabilities,2_cost_of_goods_sold,2_gross_profit,2_longterm_assets,2_current_assets,2_operating_income,2_pretax_income,2_longterm_liabilities,2_gross_profit,2_gross_profit,2_non_operating_expenses,False,True,False,True,,,,,,,,,,,,,,,,,,,,,,,,,,,,,,,,,,,,,,,,,,,,,,,,,,,,,,,,,,,,,,,,,,,,,,,,,,,,,,,,,,,,,,,,,,,,,,,,,,,,,,,,,,,,,,,,,,,,,,,,,,,,,,,,,,,,,,,,,,,,,,,,,,,,,,,,,,,,,,,,,,,,,,,,,,,,,,,,,,,,,,,,,,,,,,,,,,,,,,,,,,,,,,,,,,,,,,,,,,,,
2,What is the ratio of total equity for Cobalt Semiconductor in 2025 scaled by income tax for Cobalt Semiconductor in 2025 to inventories for Cobalt Semiconductor in 2025 scaled by income tax for Cobalt Semiconductor in 2022?,13.171707452781416,Cobalt Semiconductor,2025,,ratio_amounts,ratio,"ratio(scaled_amount, scaled_amount)",N579,ratio,2,['Cobalt Semiconductor'],"['2022', '2025']",2,ratio,mul,,,,,,,,,,,,,,0.0,,,,,,,,,,,,,,0.0,1,mul,,,,,,,,,,,,,,0.0,,,,,,,,,,,,,,0.0,1,2,,,,,,,,,,,,,,,,,False,True,False,False,71_total_equity,71_income_tax,71_inventories,68_income_tax,71_income_tax,68_income_tax,71_total_equity,71_inventories,,,,,,,,,,,,,,,,,,,,,,,,,,,,,,,,,,,,,,,,,,,,,,,,,,,,,,,,,,,,,,,,,,,,,,,,,,,,,,,,,,,,,,,,,,,,,,,,,,,,,,,,,,,,,,,,,,,,,,,,,,,,,,,,,,,,,,,,,,,,,,,,,,,,,,,,,,,,,,,,,,,,,,,,,,,,,,,,,,,,,,,,,,,,,,,,,,,,,,,,,,,,,,,,,,,,
2,What is the ratio of longterm assets for Quantum Bridge Holdings in 2023 scaled by income tax for Quantum Bridge Holdings in 2025 to combined value of total assets for Quantum Bridge Holdings in 2023 and revenue for Quantum Bridge Holdings in 2023?,0.03179882864489236,Quantum Bridge Holdings,2023,,ratio_amounts,ratio,"ratio(scaled_amount, sum_amount)",N905,ratio,2,['Quantum Bridge Holdings'],"['2023', '2025']",3,ratio,mul,,,,,,,,,,,,,,0.0,,,,,,,,,,,,,,0.0,1,sum,,,,,,,,,,,,,,0.0,,,,,,,,,,,,,,0.0,1,2,,,,,,,,,,,,,,,,,False,True,False,False,15_longterm_assets,17_income_tax,15_total_assets,15_revenue,,,,,17_income_tax,15_longterm_assets,15_total_assets,15_revenue,,,,,,,,,,,,,,,,,,,,,,,,,,,,,,,,,,,,,,,,,,,,,,,,,,,,,,,,,,,,,,,,,,,,,,,,,,,,,,,,,,,,,,,,,,,,,,,,,,,,,,,,,,,,,,,,,,,,,,,,,,,,,,,,,,,,,,,,,,,,,,,,,,,,,,,,,,,,,,,,,,,,,,,,,,,,,,,,,,,,,,,,,,,,,,,,,,,,,,,,,,,,,,,,
3,What is the ratio of difference between combined value of total equity for Titan Consumer Brands in 2021 and longterm assets for Titan Consumer Brands in 2021 and pretax income for Titan Consumer Brands in 2021 scaled by income tax for Titan Consumer Brands in 2025 to current liabilities for Titan Consumer Brands in 2021 scaled by income tax for Titan Consumer Brands in 2023 scaled by ratio of current assets for Titan Consumer Brands in 2021 to income tax expense for Titan Consumer Brands in 2021?,3.6029401113925106,Titan Consumer Brands,2021,,ratio_amounts,ratio,"ratio(difference_amount, scaled_amount)",N969,ratio,3,['Titan Consumer Brands'],"['2021', '2023', '2025']",4,ratio,diff,sum,,,,,,0.0,,,,,,0.0,1.0,mul,,,,,,0.0,,,,,,0.0,1.0,2,mul,mul,,,,,,0.0,,,,,,0.0,1.0,ratio,,,,,,0.0,,,,,,0.0,1.0,2,3,,,,,,,,,,,,,,,,,False,True,True,False,,,,,,,,,,,,,61_total_equity,61_longterm_assets,61_pretax_income,65_income_tax,61_current_liabilities,63_income_tax,61_current_assets,61_income_tax_expense,65_income_tax,63_income_tax,61_total_equity,61_longterm_assets,61_pretax_income,61_current_liabilities,61_current_assets,61_income_tax_expense,,,,,,,,,,,,,,,,,,,,,,,,,,,,,,,,,,,,,,,,,,,,,,,,,,,,,,,,,,,,,,,,,,,,,,,,,,,,,,,,,,,,,,,,,,,,,,,,,,,,,,,,,,,,,,,,,,,,,,,,,,,,,,,,,,,,,,,,,,,,,,,,,,,,,,,,,,,,,,,,,,,,,,,,,,,,,,,,,,,,,,,,,,,,,,,,
2,What is the ratio of longterm liabilities for Titan Consumer Brands in 2025 scaled by income tax for Titan Consumer Brands in 2021 to combined value of accounts receivable for Titan Consumer Brands in 2025 and longterm liabilities for Titan Consumer Brands in 2025?,0.15946392247589183,Titan Consumer Brands,2025,,ratio_amounts,ratio,"ratio(scaled_amount, sum_amount)",N905,ratio,2,['Titan Consumer Brands'],"['2021', '2025']",5,ratio,mul,,,,,,,,,,,,,,0.0,,,,,,,,,,,,,,0.0,1,sum,,,,,,,,,,,,,,0.0,,,,,,,,,,,,,,0.0,1,2,,,,,,,,,,,,,,,,,False,True,False,False,65_longterm_liabilities,61_income_tax,65_accounts_receivable,65_longterm_liabilities,,,,,61_income_tax,65_longterm_liabilities,65_accounts_receivable,65_longterm_liabilities,,,,,,,,,,,,,,,,,,,,,,,,,,,,,,,,,,,,,,,,,,,,,,,,,,,,,,,,,,,,,,,,,,,,,,,,,,,,,,,,,,,,,,,,,,,,,,,,,,,,,,,,,,,,,,,,,,,,,,,,,,,,,,,,,,,,,,,,,,,,,,,,,,,,,,,,,,,,,,,,,,,,,,,,,,,,,,,,,,,,,,,,,,,,,,,,,,,,,,,,,,,,,,,,
2,What is the difference between combined value of net income for Helix BioSciences in 2023 and operating expenses for Helix BioSciences in 2023 and short term investments for Helix BioSciences in 2023 scaled by income tax for Helix BioSciences in 2024?,33453.364306,Helix BioSciences,2023,,difference_amount,amount,"diff(sum_amount, scaled_amount)",N9,amount,2,['Helix BioSciences'],"['2023', '2024']",6,diff,sum,,,,,,,,,,,,,,0.0,,,,,,,,,,,,,,0.0,1,mul,,,,,,,,,,,,,,0.0,,,,,,,,,,,,,,0.0,1,2,,,,,,,,,,,,,,,,,False,True,False,False,75_net_income,75_operating_expenses,75_short_term_investments,76_income_tax,,,,,,,,,,,,,,,,,,,,,,,,,76_income_tax,75_net_income,75_operating_expenses,75_short_term_investments,,,,,,,,,,,,,,,,,,,,,,,,,,,,,,,,,,,,,,,,,,,,,,,,,,,,,,,,,,,,,,,,,,,,,,,,,,,,,,,,,,,,,,,,,,,,,,,,,,,,,,,,,,,,,,,,,,,,,,,,,,,,,,,,,,,,,,,,,,,,,,,,,,,,,,,,,,,,,,,,,,,,,,,,,,,,,,,,,,,,,,,,,,,,
2,What is the ratio of combined value of operating income for ClearPath Logistics in 2025 and accounts receivable for ClearPath Logistics in 2025 to current assets for ClearPath Logistics in 2025 scaled by income tax for ClearPath Logistics in 2024?,3.766931316449633,ClearPath Logistics,2025,,ratio_amounts,ratio,"ratio(sum_amount, scaled_amount)",N538,ratio,2,['ClearPath Logistics'],"['2024', '2025']",7,ratio,sum,,,,,,,,,,,,,,0.0,,,,,,,,,,,,,,0.0,1,mul,,,,,,,,,,,,,,0.0,,,,,,,,,,,,,,0.0,1,2,,,,,,,,,,,,,,,,,False,True,False,False,83_operating_income,83_accounts_receivable,83_current_assets,82_income_tax,,,,,,,,,,,,,,,,,,,,,,,,,,,,,82_income_tax,83_operating_income,83_accounts_receivable,83_current_assets,,,,,,,,,,,,,,,,,,,,,,,,,,,,,,,,,,,,,,,,,,,,,,,,,,,,,,,,,,,,,,,,,,,,,,,,,,,,,,,,,,,,,,,,,,,,,,,,,,,,,,,,,,,,,,,,,,,,,,,,,,,,,,,,,,,,,,,,,,,,,,,,,,,,,,,,,,,,,,,,,,,,,,,,,,,,,,,,,,,,,,,,
2,What is the ratio of total liabilities for Pinnacle Health Group in 2025 scaled by income tax for Pinnacle Health Group in 2020 to accounts receivable for Pinnacle Health Group in 2025 scaled by income tax for Pinnacle Health Group in 2025?,26.617541371799437,Pinnacle Health Group,2025,,ratio_amounts,ratio,"ratio(scaled_amount, scaled_amount)",N282,ratio,2,['Pinnacle Health Group'],"['2020', '2025']",8,ratio,mul,,,,,,,,,,,,,,0.0,,,,,,,,,,,,,,0.0,1,mul,,,,,,,,,,,,,,0.0,,,,,,,,,,,,,,0.0,1,2,,,,,,,,,,,,,,,,,False,True,False,False,35_total_liabilities,30_income_tax,35_accounts_receivable,35_income_tax,,,,,,,,,,,,,,,,,,,,,,,,,,,,,,,,,30_income_tax,35_income_tax,35_total_liabilities,35_accounts_receivable,,,,,,,,,,,,,,,,,,,,,,,,,,,,,,,,,,,,,,,,,,,,,,,,,,,,,,,,,,,,,,,,,,,,,,,,,,,,,,,,,,,,,,,,,,,,,,,,,,,,,,,,,,,,,,,,,,,,,,,,,,,,,,,,,,,,,,,,,,,,,,,,,,,,,,,,,,,,,,,,,,,,,,,,,,,,,,,,,,,,
2,What is the difference between net income for Quantum Bridge Holdings in 2025 scaled by income tax for Quantum Bridge Holdings in 2024 and combined value of net income for Quantum Bridge Holdings in 2025 and longterm liabilities for Quantum Bridge Holdings in 2025?,-38849.073418240005,Quantum Bridge Holdings,2025,,difference_amount,amount,"diff(scaled_amount, sum_amount)",N902,amount,2,['Quantum Bridge Holdings'],"['2024', '2025']",9,diff,mul,,,,,,,,,,,,,,0.0,,,,,,,,,,,,,,0.0,1,sum,,,,,,,,,,,,,,0.0,,,,,,,,,,,,,,0.0,1,2,,,,,,,,,,,,,,,,,False,True,False,False,17_net_income,16_income_tax,17_net_income,17_longterm_liabilities,,,,,,,,,,,,,,,,,,,,,,,,,,,,,,,,,,,,,16_income_tax,17_net_income,17_net_income,17_longterm_liabilities,,,,,,,,,,,,,,,,,,,,,,,,,,,,,,,,,,,,,,,,,,,,,,,,,,,,,,,,,,,,,,,,,,,,,,,,,,,,,,,,,,,,,,,,,,,,,,,,,,,,,,,,,,,,,,,,,,,,,,,,,,,,,,,,,,,,,,,,,,,,,,,,,,,,,,,,,,,,,,,,,,,,,,,,,,,,,,,,
2,What is the ratio of combined value of total equity for Meridian Systems Inc in 2021 and total assets for Meridian Systems Inc in 2021 to dividends paid for Meridian Systems Inc in 2021 scaled by income tax for Meridian Systems Inc in 2023?,551.9011824844087,Meridian Systems Inc,2021,,ratio_amounts,ratio,"ratio(sum_amount, scaled_amount)",N80,ratio,2,['Meridian Systems Inc'],"['2021', '2023']",10,ratio,sum,,,,,,,,,,,,,,0.0,,,,,,,,,,,,,,0.0,1,mul,,,,,,,,,,,,,,0.0,,,,,,,,,,,,,,0.0,1,2,,,,,,,,,,,,,,,,,False,True,False,False,7_total_equity,7_total_assets,7_dividends_paid,9_income_tax,,,,,,,,,,,,,,,,,,,,,,,,,,,,,,,,,,,,,,,,,9_income_tax,7_total_equity,7_total_assets,7_dividends_paid,,,,,,,,,,,,,,,,,,,,,,,,,,,,,,,,,,,,,,,,,,,,,,,,,,,,,,,,,,,,,,,,,,,,,,,,,,,,,,,,,,,,,,,,,,,,,,,,,,,,,,,,,,,,,,,,,,,,,,,,,,,,,,,,,,,,,,,,,,,,,,,,,,,,,,,,,,,,,,,,,,,,,,,,,,,,
3,What is the difference between difference between capex for ClearPath Logistics in 2023 and total liabilities for ClearPath Logistics in 2023 scaled by ratio of gross profit for ClearPath Logistics in 2023 to operating expenses for ClearPath Logistics in 2023 and combined value of current liabilities for ClearPath Logistics in 2023 and operating expenses for ClearPath Logistics in 2023 scaled by ratio of operating income for ClearPath Logistics in 2023 to longterm liabilities for ClearPath Logistics in 2023?,-2268642.8179920134,ClearPath Logistics,2023,,difference_amount,amount,"diff(scaled_amount, scaled_amount)",N324,amount,3,['ClearPath Logistics'],['2023'],11,diff,mul,diff,,,,,,0.0,,,,,,0.0,1.0,ratio,,,,,,0.0,,,,,,0.0,1.0,2,mul,sum,,,,,,0.0,,,,,,0.0,1.0,ratio,,,,,,0.0,,,,,,0.0,1.0,2,3,,,,,,,,,,,,,,,,,False,False,True,False,,,,,,,,,,,,,81_capex,81_total_liabilities,81_gross_profit,81_operating_expenses,81_current_liabilities,81_operating_expenses,81_operating_income,81_longterm_liabilities,,,,,,,,,,,,,,,,,,,,,,,,,,,,,81_capex,81_total_liabilities,81_gross_profit,81_operating_expenses,81_current_liabilities,81_operating_expenses,81_operating_income,81_longterm_liabilities,,,,,,,,,,,,,,,,,,,,,,,,,,,,,,,,,,,,,,,,,,,,,,,,,,,,,,,,,,,,,,,,,,,,,,,,,,,,,,,,,,,,,,,,,,,,,,,,,,,,,,,,,,,,,,,,,,,,,,,,,,,,,,,,,,,,,,,,,,,,,,,,,,,,,,,,,,,,,,,,,,,,
3,What is the ratio of difference between current_assets for Meridian Systems Inc in 2025 and operating income for Meridian Systems Inc in 2025 scaled by income tax for Meridian Systems Inc in 2020 to short term investments for Meridian Systems Inc in 2025 scaled by income tax for Meridian Systems Inc in 2025 scaled by ratio of capex for Meridian Systems Inc in 2025 to capex for Meridian Systems Inc in 2025?,-2.545803400903473,Meridian Systems Inc,2025,,ratio_amounts,ratio,"ratio(difference_amount, scaled_amount)",N969,ratio,3,['Meridian Systems Inc'],"['2020', '2025']",12,ratio,diff,sum,,,,,,0.0,,,,,,0.0,1.0,mul,,,,,,0.0,,,,,,0.0,1.0,2,mul,mul,,,,,,0.0,,,,,,0.0,1.0,ratio,,,,,,0.0,,,,,,0.0,1.0,2,3,,,,,,,,,,,,,,,,,False,True,True,False,,,,,,,,,,,,,11_inventories,11_cash,11_operating_income,6_income_tax,11_short_term_investments,11_income_tax,11_capex,11_capex,6_income_tax,11_income_tax,11_inventories,11_cash,11_operating_income,11_short_term_investments,11_capex,11_capex,,,,,,,,,,,,,,,,,,,,,,,,,,,,,,,,,,,,,,,,,,,,,,,,,,,,,,,,,,,,,,,,,,,,,,,,,,,,,,,,,,,,,,,,,,,,,,,,,,,,,,,,,,,,,,,,,,,,,,,,,,,,,,,,,,,,,,,,,,,,,,,,,,,,,,,,,,,,,,,,,,,,,,,,,,,,,,,,,,,,,,,,,,,,,,,,
3,What is the ratio of combined value of current liabilities for Cobalt Semiconductor in 2024 scaled by income tax for Cobalt Semiconductor in 2025 and cost of goods sold for Cobalt Semiconductor in 2024 scaled by income tax for Cobalt Semiconductor in 2024 to combined value of gross profit for Cobalt Semiconductor in 2024 and current liabilities for Cobalt Semiconductor in 2024 scaled by ratio of capex for Cobalt Semiconductor in 2024 to longterm liabilities for Cobalt Semiconductor in 2024?,2.9255712434952255,Cobalt Semiconductor,2024,,ratio_amounts,ratio,"ratio(sum_amount, scaled_amount)",N249,ratio,3,['Cobalt Semiconductor'],"['2024', '2025']",13,ratio,sum,mul,,,,,,0.0,,,,,,0.0,1.0,mul,,,,,,0.0,,,,,,0.0,1.0,2,mul,sum,,,,,,0.0,,,,,,0.0,1.0,ratio,,,,,,0.0,,,,,,0.0,1.0,2,3,,,,,,,,,,,,,,,,,False,True,True,False,,,,,,,,,,,,,70_current_liabilities,71_income_tax,70_cost_of_goods_sold,70_income_tax,70_gross_profit,70_current_liabilities,70_capex,70_longterm_liabilities,,,,,,,,,,,,,,,,,,,,,,,,,,,,,,,,,,,,,71_income_tax,70_income_tax,70_current_liabilities,70_cost_of_goods_sold,70_gross_profit,70_current_liabilities,70_capex,70_longterm_liabilities,,,,,,,,,,,,,,,,,,,,,,,,,,,,,,,,,,,,,,,,,,,,,,,,,,,,,,,,,,,,,,,,,,,,,,,,,,,,,,,,,,,,,,,,,,,,,,,,,,,,,,,,,,,,,,,,,,,,,,,,,,,,,,,,,,,,,,,,,,,,,,,,,,,,,,,,,,,,
4,What is the ratio of combined value of difference between current assets for Apex Dynamics Corp in 2025 scaled by income tax for Apex Dynamics Corp in 2022 and combined value of current assets for Apex Dynamics Corp in 2025 and accounts receivable for Apex Dynamics Corp in 2025 and difference between combined value of total assets for Apex Dynamics Corp in 2025 and current assets for Apex Dynamics Corp in 2025 and difference between net income for Apex Dynamics Corp in 2025 and income tax expense for Apex Dynamics Corp in 2025 to combined value of combined value of current assets for Apex Dynamics Corp in 2025 and total liabilities for Apex Dynamics Corp in 2025 and difference between short term investments for Apex Dynamics Corp in 2025 and cost of goods sold for Apex Dynamics Corp in 2025 scaled by ratio of current assets for Apex Dynamics Corp in 2025 scaled by income tax for Apex Dynamics Corp in 2022 to accounts receivable for Apex Dynamics Corp in 2025 scaled by income tax for Apex Dynamics Corp in 2022?,0.15789282381498304,Apex Dynamics Corp,2025,,ratio_amounts,ratio,"ratio(sum_amount, scaled_amount)",N858,ratio,4,['Apex Dynamics Corp'],"['2022', '2025']",14,ratio,sum,diff,mul,5_current_assets,0.0,2_income_tax,0.0,1.0,sum,5_current_assets,0.0,5_accounts_receivable,0.0,1.0,2.0,diff,sum,5_total_assets,0.0,5_current_assets,0.0,1.0,diff,5_net_income,0.0,5_income_tax_expense,0.0,1.0,2.0,3,mul,sum,sum,5_current_assets,0.0,5_total_liabilities,0.0,1.0,diff,5_short_term_investments,0.0,5_cost_of_goods_sold,0.0,1.0,2.0,ratio,mul,5_current_assets,0.0,2_income_tax,0.0,1.0,mul,5_accounts_receivable,0.0,2_income_tax,0.0,1.0,2.0,3,4,2_income_tax,2_income_tax,2_income_tax,5_current_assets,5_current_assets,5_accounts_receivable,5_total_assets,5_current_assets,5_net_income,5_income_tax_expense,5_current_assets,5_total_liabilities,5_short_term_investments,5_cost_of_goods_sold,5_current_assets,5_accounts_receivable,False,True,False,True,,,,,,,,,,,,,,,,,,,,,,,,,,,,,,,,,,,,,,,,,,,,,,,,,,,,,,,,,,,,,,,,,,,,,,,,,,,,,,,,,,,,,,,,,,,,,,,,,,,,,,,,,,,,,,,,,,,,,,,,,,,,,,,,,,,,,,,,,,,,,,,,,,,,,,,,,,,,,,,,,,,,,,,,,,,,,,,,,,,,,,,,,,,,,,,,,,,,,,,,,,,,,,,,,,,,,,,,,,,,
2,What is the difference between capex for SilverLine Retail Inc in 2020 scaled by income tax for SilverLine Retail Inc in 2023 and capex for SilverLine Retail Inc in 2020 scaled by income tax for SilverLine Retail Inc in 2025?,1368.9346609999993,SilverLine Retail Inc,2020,capex,difference_amount,amount,"diff(scaled_amount, scaled_amount)",N973,amount,2,['SilverLine Retail Inc'],"['2020', '2023', '2025']",15,diff,mul,,,,,,,,,,,,,,0.0,,,,,,,,,,,,,,0.0,1,mul,,,,,,,,,,,,,,0.0,,,,,,,,,,,,,,0.0,1,2,,,,,,,,,,,,,,,,,False,True,False,False,42_capex,45_income_tax,42_capex,47_income_tax,,,,,,,,,,,,,,,,,,,,,,,,,,,,,,,,,,,,,,,,,,,,,,,,,,,,,,,,,,,,,45_income_tax,47_income_tax,42_capex,42_capex,,,,,,,,,,,,,,,,,,,,,,,,,,,,,,,,,,,,,,,,,,,,,,,,,,,,,,,,,,,,,,,,,,,,,,,,,,,,,,,,,,,,,,,,,,,,,,,,,,,,,,,,,,,,,,,,,,,,,,,,,,,,,,,,,,,,,,,,,,,,,,,,,,,,,,,,
2,What is the ratio of difference between cash for Atlas Global Industries in 2020 and total liabilities for Atlas Global Industries in 2020 to current liabilities for Atlas Global Industries in 2020 scaled by income tax for Atlas Global Industries in 2022?,-6.726886701791862,Atlas Global Industries,2020,,ratio_amounts,ratio,"ratio(difference_amount, scaled_amount)",N936,ratio,2,['Atlas Global Industries'],"['2020', '2022']",16,ratio,diff,,,,,,,,,,,,,,0.0,,,,,,,,,,,,,,0.0,1,mul,,,,,,,,,,,,,,0.0,,,,,,,,,,,,,,0.0,1,2,,,,,,,,,,,,,,,,,False,True,False,False,24_cash,24_total_liabilities,24_current_liabilities,26_income_tax,,,,,,,,,,,,,,,,,,,,,,,,,,,,,,,,,,,,,,,,,,,,,,,,,,,,,,,,,,,,,,,,,26_income_tax,24_cash,24_total_liabilities,24_current_liabilities,,,,,,,,,,,,,,,,,,,,,,,,,,,,,,,,,,,,,,,,,,,,,,,,,,,,,,,,,,,,,,,,,,,,,,,,,,,,,,,,,,,,,,,,,,,,,,,,,,,,,,,,,,,,,,,,,,,,,,,,,,,,,,,,,,,,,,,,,,,,,,,,,,,,
2,What is the ratio of difference between revenue for Orion Financial Group in 2021 and gross profit for Orion Financial Group in 2021 to total equity for Orion Financial Group in 2021 scaled by income tax for Orion Financial Group in 2024?,6.890417898116841,Orion Financial Group,2021,,ratio_amounts,ratio,"ratio(difference_amount, scaled_amount)",N936,ratio,2,['Orion Financial Group'],"['2021', '2024']",17,ratio,diff,,,,,,,,,,,,,,0.0,,,,,,,,,,,,,,0.0,1,mul,,,,,,,,,,,,,,0.0,,,,,,,,,,,,,,0.0,1,2,,,,,,,,,,,,,,,,,False,True,False,False,55_revenue,55_gross_profit,55_total_equity,58_income_tax,,,,,,,,,,,,,,,,,,,,,,,,,,,,,,,,,,,,,,,,,,,,,,,,,,,,,,,,,,,,,,,,,58_income_tax,55_revenue,55_gross_profit,55_total_equity,,,,,,,,,,,,,,,,,,,,,,,,,,,,,,,,,,,,,,,,,,,,,,,,,,,,,,,,,,,,,,,,,,,,,,,,,,,,,,,,,,,,,,,,,,,,,,,,,,,,,,,,,,,,,,,,,,,,,,,,,,,,,,,,,,,,,,,,,,,,,,,,,,,,
2,What is the difference between combined value of longterm liabilities for Pinnacle Health Group in 2025 and revenue for Pinnacle Health Group in 2025 and gross profit for Pinnacle Health Group in 2025 scaled by income tax for Pinnacle Health Group in 2023?,40002.609248,Pinnacle Health Group,2025,,difference_amount,amount,"diff(sum_amount, scaled_amount)",N9,amount,2,['Pinnacle Health Group'],"['2023', '2025']",18,diff,sum,,,,,,,,,,,,,,0.0,,,,,,,,,,,,,,0.0,1,mul,,,,,,,,,,,,,,0.0,,,,,,,,,,,,,,0.0,1,2,,,,,,,,,,,,,,,,,False,True,False,False,35_longterm_liabilities,35_revenue,35_gross_profit,33_income_tax,,,,,,,,,,,,,,,,,,,,,,,,,33_income_tax,35_longterm_liabilities,35_revenue,35_gross_profit,,,,,,,,,,,,,,,,,,,,,,,,,,,,,,,,,,,,,,,,,,,,,,,,,,,,,,,,,,,,,,,,,,,,,,,,,,,,,,,,,,,,,,,,,,,,,,,,,,,,,,,,,,,,,,,,,,,,,,,,,,,,,,,,,,,,,,,,,,,,,,,,,,,,,,,,,,,,,,,,,,,,,,,,,,,,,,,,,,,,,,,,,,,,
2,What is the difference between dividends paid for Cobalt Semiconductor in 2023 scaled by income tax for Cobalt Semiconductor in 2023 and cost of goods sold for Cobalt Semiconductor in 2023 scaled by income tax for Cobalt Semiconductor in 2020?,-4208.584613,Cobalt Semiconductor,2023,,difference_amount,amount,"diff(scaled_amount, scaled_amount)",N841,amount,2,['Cobalt Semiconductor'],"['2020', '2023']",19,diff,mul,,,,,,,,,,,,,,0.0,,,,,,,,,,,,,,0.0,1,mul,,,,,,,,,,,,,,0.0,,,,,,,,,,,,,,0.0,1,2,,,,,,,,,,,,,,,,,False,True,False,False,69_dividends_paid,69_income_tax,69_cost_of_goods_sold,66_income_tax,,,,,,,,,,,,,,,,,,,,,,,,,,,,,,,,,,,,,,,,,,,,,,,,,,,,,,,,,,,,,,,,,,,,,69_income_tax,66_income_tax,69_dividends_paid,69_cost_of_goods_sold,,,,,,,,,,,,,,,,,,,,,,,,,,,,,,,,,,,,,,,,,,,,,,,,,,,,,,,,,,,,,,,,,,,,,,,,,,,,,,,,,,,,,,,,,,,,,,,,,,,,,,,,,,,,,,,,,,,,,,,,,,,,,,,,,,,,,,,,,,,,,,,,
2,What is the ratio of current_assets for Pinnacle Health Group in 2025 to revenue for Pinnacle Health Group in 2025 scaled by income tax for Pinnacle Health Group in 2023?,2.2344339652813705,Pinnacle Health Group,2025,,ratio_amounts,ratio,"ratio(aggregate_components, scaled_amount)",N728,ratio,2,['Pinnacle Health Group'],"['2023', '2025']",20,ratio,sum,,,,,,,,,,,,,,0.0,,,,,,,,,,,,,,0.0,1,mul,,,,,,,,,,,,,,0.0,,,,,,,,,,,,,,0.0,1,2,,,,,,,,,,,,,,,,,False,True,False,False,35_cash,35_cash,35_revenue,33_income_tax,,,,,,,,,,,,,,,,,,,,,,,,,,,,,,,,,,,,,,,,,,,,,,,,,,,,,,,,,,,,,,,,,,,,,,,,,33_income_tax,35_cash,35_cash,35_revenue,,,,,,,,,,,,,,,,,,,,,,,,,,,,,,,,,,,,,,,,,,,,,,,,,,,,,,,,,,,,,,,,,,,,,,,,,,,,,,,,,,,,,,,,,,,,,,,,,,,,,,,,,,,,,,,,,,,,,,,,,,,,,,,,,,,,,,,,,,,,
2,What is the ratio of accounts receivable for Orion Financial Group in 2025 scaled by income tax for Orion Financial Group in 2024 to income tax expense for Orion Financial Group in 2025 scaled by income tax for Orion Financial Group in 2021?,0.8918185316270887,Orion Financial Group,2025,,ratio_amounts,ratio,"ratio(scaled_amount, scaled_amount)",N282,ratio,2,['Orion Financial Group'],"['2021', '2024', '2025']",21,ratio,mul,,,,,,,,,,,,,,0.0,,,,,,,,,,,,,,0.0,1,mul,,,,,,,,,,,,,,0.0,,,,,,,,,,,,,,0.0,1,2,,,,,,,,,,,,,,,,,False,True,False,False,59_accounts_receivable,58_income_tax,59_income_tax_expense,55_income_tax,,,,,,,,,,,,,,,,,,,,,,,,,,,,,,,,,58_income_tax,55_income_tax,59_accounts_receivable,59_income_tax_expense,,,,,,,,,,,,,,,,,,,,,,,,,,,,,,,,,,,,,,,,,,,,,,,,,,,,,,,,,,,,,,,,,,,,,,,,,,,,,,,,,,,,,,,,,,,,,,,,,,,,,,,,,,,,,,,,,,,,,,,,,,,,,,,,,,,,,,,,,,,,,,,,,,,,,,,,,,,,,,,,,,,,,,,,,,,,,,,,,,,,
2,What is the ratio of combined value of longterm liabilities for Titan Consumer Brands in 2020 and non operating expenses for Titan Consumer Brands in 2020 to total equity for Titan Consumer Brands in 2020 scaled by income tax for Titan Consumer Brands in 2025?,1.695109461815197,Titan Consumer Brands,2020,,ratio_amounts,ratio,"ratio(sum_amount, scaled_amount)",N640,ratio,2,['Titan Consumer Brands'],"['2020', '2025']",22,ratio,sum,,,,,,,,,,,,,,0.0,,,,,,,,,,,,,,0.0,1,mul,,,,,,,,,,,,,,0.0,,,,,,,,,,,,,,0.0,1,2,,,,,,,,,,,,,,,,,False,True,False,False,60_longterm_liabilities,60_non_operating_expenses,60_total_equity,65_income_tax,,,,,,,,,,,,,,,,,,,,,,,,,,,,,,,,,,,,,,,,,,,,,,,,,,,,,,,,,,,,,,,,,,,,,,,,,,,,,65_income_tax,60_longterm_liabilities,60_non_operating_expenses,60_total_equity,,,,,,,,,,,,,,,,,,,,,,,,,,,,,,,,,,,,,,,,,,,,,,,,,,,,,,,,,,,,,,,,,,,,,,,,,,,,,,,,,,,,,,,,,,,,,,,,,,,,,,,,,,,,,,,,,,,,,,,,,,,,,,,,,,,,,,,,
1,What is the ratio of longterm assets for Pinnacle Health Group in 2021 to longterm assets for Pinnacle Health Group in 2021?,1.0,Pinnacle Health Group,2021,longterm_assets,ratio_amounts,ratio,"ratio(leaf_metric, leaf_metric)",N322,ratio,1,['Pinnacle Health Group'],['2021'],23,ratio,,,,,,,,,,,,,,,,,,,,,,,,,,,,,,0,,,,,,,,,,,,,,,,,,,,,,,,,,,,,,0,1,,,,,,,,,,,,,,,,,False,False,False,False,,,,,,,,,,,,,,,,,,,,,,,,,,,,,,,,,,,,,,,,,,,,,,,,,,,,,,,31_longterm_assets,31_longterm_assets,,,,,,,,,,,,,,,,,,,,,,,,,,,,,31_longterm_assets,31_longterm_assets,,,,,,,,,,,,,,,,,,,,,,,,,,,,,,,,,,,,,,,,,,,,,,,,,,,,,,,,,,,,,,,,,,,,,,,,,,,,,,,,,,,,,,,,,,,,,,,,,,,,,,,,,,,,,,,,,,,,,,,,,,,,,,,,,,,,,,
1,What is the ratio of accounts receivable for Atlas Global Industries in 2023 to accounts receivable for Atlas Global Industries in 2023?,1.0,Atlas Global Industries,2023,accounts_receivable,ratio_amounts,ratio,"ratio(leaf_metric, leaf_metric)",N197,ratio,1,['Atlas Global Industries'],['2023'],24,ratio,,,,,,,,,,,,,,,,,,,,,,,,,,,,,,0,,,,,,,,,,,,,,,,,,,,,,,,,,,,,,0,1,,,,,,,,,,,,,,,,,False,False,False,False,,,,,,,,,,,,,,,,,,,,,,,,,,,,,,,,,,,,,,,,,,,,,,,,,,,,,,,,,,,,,,,,,,,,,,,,,,,,,,,,,,,,,27_accounts_receivable,27_accounts_receivable,27_accounts_receivable,27_accounts_receivable,,,,,,,,,,,,,,,,,,,,,,,,,,,,,,,,,,,,,,,,,,,,,,,,,,,,,,,,,,,,,,,,,,,,,,,,,,,,,,,,,,,,,,,,,,,,,,,,,,,,,,,,,,,,,,,,,,,,,,,,,,,,,,,,,,,,
2,What is the ratio of combined value of income tax expense for ClearPath Logistics in 2022 and revenue for ClearPath Logistics in 2022 to difference between inventories for ClearPath Logistics in 2022 and net income for ClearPath Logistics in 2022?,-10.106369847615676,ClearPath Logistics,2022,,ratio_amounts,ratio,"ratio(sum_amount, difference_amount)",N503,ratio,2,['ClearPath Logistics'],['2022'],25,ratio,sum,,,,,,,,,,,,,,0.0,,,,,,,,,,,,,,0.0,1,diff,,,,,,,,,,,,,,0.0,,,,,,,,,,,,,,0.0,1,2,,,,,,,,,,,,,,,,,False,False,False,False,80_income_tax_expense,80_revenue,80_inventories,80_net_income,,,,,,,,,,,,,,,,,,,,,,,,,,,,,,,,,,,,,,,,,,,,,,,,,,,,,,,,,,,,,,,,,,,,,,,,,,,,,,,,,,,,,80_income_tax_expense,80_revenue,80_inventories,80_net_income,,,,,,,,,,,,,,,,,,,,,,,,,,,,,,,,,,,,,,,,,,,,,,,,,,,,,,,,,,,,,,,,,,,,,,,,,,,,,,,,,,,,,,,,,,,,,,,,,,,,,,,,,,,,,,,,,,,,,,,,,,,,,,,,
1,What is the difference between total liabilities for SilverLine Retail Inc in 2025 and income tax expense for SilverLine Retail Inc in 2025?,166397.5,SilverLine Retail Inc,2025,,difference_amount,amount,"diff(leaf_metric, leaf_metric)",N1012,amount,1,['SilverLine Retail Inc'],['2025'],26,diff,,,,,,,,,,,,,,,,,,,,,,,,,,,,,,0,,,,,,,,,,,,,,,,,,,,,,,,,,,,,,0,1,,,,,,,,,,,,,,,,,False,False,False,False,,,,,,,,,,,,,,,,,,,,,,,,,,,,,,,,,,,,,,,,,,,,,,,,,,,,,,,,,,,,,,,,,,,,,,,,,,,,,,,,,,,,,47_total_liabilities,47_income_tax_expense,,,,,,,47_total_liabilities,47_income_tax_expense,,,,,,,,,,,,,,,,,,,,,,,,,,,,,,,,,,,,,,,,,,,,,,,,,,,,,,,,,,,,,,,,,,,,,,,,,,,,,,,,,,,,,,,,,,,,,,,,,,,,,,,,,,,,,,,,,,,,,,,,,,,,,,
1,What is the difference between accounts receivable for Atlas Global Industries in 2025 and total assets for Atlas Global Industries in 2025?,-114316.0,Atlas Global Industries,2025,,difference_amount,amount,"diff(leaf_metric, leaf_metric)",N487,amount,1,['Atlas Global Industries'],['2025'],27,diff,,,,,,,,,,,,,,,,,,,,,,,,,,,,,,0,,,,,,,,,,,,,,,,,,,,,,,,,,,,,,0,1,,,,,,,,,,,,,,,,,False,False,False,False,,,,,,,,,,,,,,,,,,,,,,,,,,,,,,,,,,,,,,,,,,,,,,,,,,,,,,,,,,,,,,,,,,,,,,,,,,,,,,,,,,,,,29_accounts_receivable,29_total_assets,,,,,,,,,29_accounts_receivable,29_total_assets,,,,,,,,,,,,,,,,,,,,,,,,,,,,,,,,,,,,,,,,,,,,,,,,,,,,,,,,,,,,,,,,,,,,,,,,,,,,,,,,,,,,,,,,,,,,,,,,,,,,,,,,,,,,,,,,,,,,,,,,,,,,
1,What is the ratio of net income for Orion Financial Group in 2022 to pretax income for Orion Financial Group in 2022?,0.8873568281938325,Orion Financial Group,2022,,ratio_amounts,ratio,"ratio(leaf_metric, leaf_metric)",N455,ratio,1,['Orion Financial Group'],['2022'],28,ratio,,,,,,,,,,,,,,,,,,,,,,,,,,,,,,0,,,,,,,,,,,,,,,,,,,,,,,,,,,,,,0,1,,,,,,,,,,,,,,,,,False,False,False,False,,,,,,,,,,,,,,,,,,,,,,,,,,,,,,,,,,,,,,,,,,,,,,,,,,,,,,,,,,,,,,,,,,,,,,,,,,,,,,,,,,,,,56_net_income,56_pretax_income,,,,,,,,,,,56_net_income,56_pretax_income,,,,,,,,,,,,,,,,,,,,,,,,,,,,,,,,,,,,,,,,,,,,,,,,,,,,,,,,,,,,,,,,,,,,,,,,,,,,,,,,,,,,,,,,,,,,,,,,,,,,,,,,,,,,,,,,,,,,,,,,,,
1,What is the ratio of longterm assets for Quantum Bridge Holdings in 2024 to longterm assets for Quantum Bridge Holdings in 2024?,1.0,Quantum Bridge Holdings,2024,longterm_assets,ratio_amounts,ratio,"ratio(leaf_metric, leaf_metric)",N274,ratio,1,['Quantum Bridge Holdings'],['2024'],29,ratio,,,,,,,,,,,,,,,,,,,,,,,,,,,,,,0,,,,,,,,,,,,,,,,,,,,,,,,,,,,,,0,1,,,,,,,,,,,,,,,,,False,False,False,False,,,,,,,,,,,,,,,,,,,,,,,,,,,,,,,,,,,,,,,,,,,,,,,,,,,,,,,,,,,,,,,,,,,,,,,,,,,,,,,,,,,,,16_longterm_assets,16_longterm_assets,,,,,,,,,,,,,16_longterm_assets,16_longterm_assets,,,,,,,,,,,,,,,,,,,,,,,,,,,,,,,,,,,,,,,,,,,,,,,,,,,,,,,,,,,,,,,,,,,,,,,,,,,,,,,,,,,,,,,,,,,,,,,,,,,,,,,,,,,,,,,,,,,,,,,,
1,What is the ratio of accounts receivable for Atlas Global Industries in 2025 to short term investments for Atlas Global Industries in 2025?,0.7298572873356557,Atlas Global Industries,2025,,ratio_amounts,ratio,"ratio(leaf_metric, leaf_metric)",N382,ratio,1,['Atlas Global Industries'],['2025'],30,ratio,,,,,,,,,,,,,,,,,,,,,,,,,,,,,,0,,,,,,,,,,,,,,,,,,,,,,,,,,,,,,0,1,,,,,,,,,,,,,,,,,False,False,False,False,,,,,,,,,,,,,,,,,,,,,,,,,,,,,,,,,,,,,,,,,,,,,,,,,,,,,,,,,,,,,,,,,,,,,,,,,,,,,,,,,,,,,29_accounts_receivable,29_short_term_investments,,,,,,,,,,,,,,,29_accounts_receivable,29_short_term_investments,,,,,,,,,,,,,,,,,,,,,,,,,,,,,,,,,,,,,,,,,,,,,,,,,,,,,,,,,,,,,,,,,,,,,,,,,,,,,,,,,,,,,,,,,,,,,,,,,,,,,,,,,,,,,,,,,,,,,,
1,What is the ratio of short term investments for Pinnacle Health Group in 2022 to longterm liabilities for Pinnacle Health Group in 2022?,0.19437029847124485,Pinnacle Health Group,2022,,ratio_amounts,ratio,"ratio(leaf_metric, leaf_metric)",N627,ratio,1,['Pinnacle Health Group'],['2022'],31,ratio,,,,,,,,,,,,,,,,,,,,,,,,,,,,,,0,,,,,,,,,,,,,,,,,,,,,,,,,,,,,,0,1,,,,,,,,,,,,,,,,,False,False,False,False,,,,,,,,,,,,,,,,,,,,,,,,,,,,,,,,,,,,,,,,,,,,,,,,,,,,,,,,,,,,,,,,,,,,,,,,,,,,,,,,,,,,,32_short_term_investments,32_longterm_liabilities,,,,,,,,,,,,,,,,,32_short_term_investments,32_longterm_liabilities,,,,,,,,,,,,,,,,,,,,,,,,,,,,,,,,,,,,,,,,,,,,,,,,,,,,,,,,,,,,,,,,,,,,,,,,,,,,,,,,,,,,,,,,,,,,,,,,,,,,,,,,,,,,,,,,,,,,
1,What is the ratio of accounts receivable for Meridian Systems Inc in 2020 to net income for Meridian Systems Inc in 2020?,0.21925992672228156,Meridian Systems Inc,2020,,ratio_amounts,ratio,"ratio(leaf_metric, leaf_metric)",N483,ratio,1,['Meridian Systems Inc'],['2020'],32,ratio,,,,,,,,,,,,,,,,,,,,,,,,,,,,,,0,,,,,,,,,,,,,,,,,,,,,,,,,,,,,,0,1,,,,,,,,,,,,,,,,,False,False,False,False,,,,,,,,,,,,,,,,,,,,,,,,,,,,,,,,,,,,,,,,,,,,,,,,,,,,,,,,,,,,,,,,,,,,,,,,,,,,,,,,,,,,,6_accounts_receivable,6_net_income,,,,,,,,,,,,,,,,,,,6_accounts_receivable,6_net_income,,,,,,,,,,,,,,,,,,,,,,,,,,,,,,,,,,,,,,,,,,,,,,,,,,,,,,,,,,,,,,,,,,,,,,,,,,,,,,,,,,,,,,,,,,,,,,,,,,,,,,,,,,,,,,,,,,
1,What is the ratio of net income for Cobalt Semiconductor in 2023 to cash for Cobalt Semiconductor in 2023?,1.0501332593003887,Cobalt Semiconductor,2023,,ratio_amounts,ratio,"ratio(leaf_metric, leaf_metric)",N875,ratio,1,['Cobalt Semiconductor'],['2023'],33,ratio,,,,,,,,,,,,,,,,,,,,,,,,,,,,,,0,,,,,,,,,,,,,,,,,,,,,,,,,,,,,,0,1,,,,,,,,,,,,,,,,,False,False,False,False,,,,,,,,,,,,,,,,,,,,,,,,,,,,,,,,,,,,,,,,,,,,,,,,,,,,,,,,,,,,,,,,,,,,,,,,,,,,,,,,,,,,,69_net_income,69_cash,,,,,,,,,,,,,,,,,,,,,69_net_income,69_cash,,,,,,,,,,,,,,,,,,,,,,,,,,,,,,,,,,,,,,,,,,,,,,,,,,,,,,,,,,,,,,,,,,,,,,,,,,,,,,,,,,,,,,,,,,,,,,,,,,,,,,,,,,,,,,,,
1,What is the ratio of total assets for Ironclad Manufacturing in 2022 to income tax expense for Ironclad Manufacturing in 2022?,87.07009597746674,Ironclad Manufacturing,2022,,ratio_amounts,ratio,"ratio(leaf_metric, leaf_metric)",N755,ratio,1,['Ironclad Manufacturing'],['2022'],34,ratio,,,,,,,,,,,,,,,,,,,,,,,,,,,,,,0,,,,,,,,,,,,,,,,,,,,,,,,,,,,,,0,1,,,,,,,,,,,,,,,,,False,False,False,False,,,,,,,,,,,,,,,,,,,,,,,,,,,,,,,,,,,,,,,,,,,,,,,,,,,,,,,,,,,,,,,,,,,,,,,,,,,,,,,,,,,,,38_total_assets,38_income_tax_expense,,,,,,,,,,,,,,,,,,,,,,,38_total_assets,38_income_tax_expense,,,,,,,,,,,,,,,,,,,,,,,,,,,,,,,,,,,,,,,,,,,,,,,,,,,,,,,,,,,,,,,,,,,,,,,,,,,,,,,,,,,,,,,,,,,,,,,,,,,,,,,,,,,,,,
1,What is the ratio of cash for Cobalt Semiconductor in 2022 to longterm liabilities for Cobalt Semiconductor in 2022?,0.2507253384912959,Cobalt Semiconductor,2022,,ratio_amounts,ratio,"ratio(leaf_metric, leaf_metric)",N470,ratio,1,['Cobalt Semiconductor'],['2022'],35,ratio,,,,,,,,,,,,,,,,,,,,,,,,,,,,,,0,,,,,,,,,,,,,,,,,,,,,,,,,,,,,,0,1,,,,,,,,,,,,,,,,,False,False,False,False,,,,,,,,,,,,,,,,,,,,,,,,,,,,,,,,,,,,,,,,,,,,,,,,,,,,,,,,,,,,,,,,,,,,,,,,,,,,,,,,,,,,,68_cash,68_longterm_liabilities,,,,,,,,,,,,,,,,,,,,,,,,,68_cash,68_longterm_liabilities,,,,,,,,,,,,,,,,,,,,,,,,,,,,,,,,,,,,,,,,,,,,,,,,,,,,,,,,,,,,,,,,,,,,,,,,,,,,,,,,,,,,,,,,,,,,,,,,,,,,,,,,,,,,
1,What is the ratio of non operating expenses for Cobalt Semiconductor in 2025 to total equity for Cobalt Semiconductor in 2025?,0.7909920969845776,Cobalt Semiconductor,2025,,ratio_amounts,ratio,"ratio(leaf_metric, leaf_metric)",N687,ratio,1,['Cobalt Semiconductor'],['2025'],36,ratio,,,,,,,,,,,,,,,,,,,,,,,,,,,,,,0,,,,,,,,,,,,,,,,,,,,,,,,,,,,,,0,1,,,,,,,,,,,,,,,,,False,False,False,False,,,,,,,,,,,,,,,,,,,,,,,,,,,,,,,,,,,,,,,,,,,,,,,,,,,,,,,,,,,,,,,,,,,,,,,,,,,,,,,,,,,,,71_non_operating_expenses,71_total_equity,,,,,,,,,,,,,,,,,,,,,,,,,,,71_non_operating_expenses,71_total_equity,,,,,,,,,,,,,,,,,,,,,,,,,,,,,,,,,,,,,,,,,,,,,,,,,,,,,,,,,,,,,,,,,,,,,,,,,,,,,,,,,,,,,,,,,,,,,,,,,,,,,,,,,,
1,What is the ratio of current assets for SilverLine Retail Inc in 2022 to inventories for SilverLine Retail Inc in 2022?,3.92848979866223,SilverLine Retail Inc,2022,,ratio_amounts,ratio,"ratio(leaf_metric, leaf_metric)",N918,ratio,1,['SilverLine Retail Inc'],['2022'],37,ratio,,,,,,,,,,,,,,,,,,,,,,,,,,,,,,0,,,,,,,,,,,,,,,,,,,,,,,,,,,,,,0,1,,,,,,,,,,,,,,,,,False,False,False,False,,,,,,,,,,,,,,,,,,,,,,,,,,,,,,,,,,,,,,,,,,,,,,,,,,,,,,,,,,,,,,,,,,,,,,,,,,,,,,,,,,,,,44_current_assets,44_inventories,,,,,,,,,,,,,,,,,,,,,,,,,,,,,44_current_assets,44_inventories,,,,,,,,,,,,,,,,,,,,,,,,,,,,,,,,,,,,,,,,,,,,,,,,,,,,,,,,,,,,,,,,,,,,,,,,,,,,,,,,,,,,,,,,,,,,,,,,,,,,,,,,
2,What is the ratio of difference between total liabilities for Pinnacle Health Group in 2025 and total equity for Pinnacle Health Group in 2025 to combined value of dividends paid for Pinnacle Health Group in 2025 and cost of goods sold for Pinnacle Health Group in 2025?,0.9667833280305441,Pinnacle Health Group,2025,,ratio_amounts,ratio,"ratio(difference_amount, sum_amount)",N132,ratio,2,['Pinnacle Health Group'],['2025'],38,ratio,diff,,,,,,,,,,,,,,0.0,,,,,,,,,,,,,,0.0,1,sum,,,,,,,,,,,,,,0.0,,,,,,,,,,,,,,0.0,1,2,,,,,,,,,,,,,,,,,False,False,False,False,35_total_liabilities,35_total_equity,35_dividends_paid,35_cost_of_goods_sold,,,,,,,,,,,,,,,,,,,,,,,,,,,,,,,,,,,,,,,,,,,,,,,,,,,,,,,,,,,,,,,,,,,,,,,,,,,,,,,,,,,,,,,,,,,,,,,,,,,,,,,,,,,,,,,,,35_total_liabilities,35_total_equity,35_dividends_paid,35_cost_of_goods_sold,,,,,,,,,,,,,,,,,,,,,,,,,,,,,,,,,,,,,,,,,,,,,,,,,,,,,,,,,,,,,,,,,,,,,,,,,,,,,,,,,,,,,,,,,,,,,,,,,,,,
1,What is the ratio of non operating expenses for SilverLine Retail Inc in 2023 to total equity for SilverLine Retail Inc in 2023?,0.6712733892837988,SilverLine Retail Inc,2023,,ratio_amounts,ratio,"ratio(leaf_metric, leaf_metric)",N621,ratio,1,['SilverLine Retail Inc'],['2023'],39,ratio,,,,,,,,,,,,,,,,,,,,,,,,,,,,,,0,,,,,,,,,,,,,,,,,,,,,,,,,,,,,,0,1,,,,,,,,,,,,,,,,,False,False,False,False,,,,,,,,,,,,,,,,,,,,,,,,,,,,,,,,,,,,,,,,,,,,,,,,,,,,,,,,,,,,,,,,,,,,,,,,,,,,,,,,,,,,,45_non_operating_expenses,45_total_equity,,,,,,,,,,,,,,,,,,,,,,,,,,,,,,,,,,,45_non_operating_expenses,45_total_equity,,,,,,,,,,,,,,,,,,,,,,,,,,,,,,,,,,,,,,,,,,,,,,,,,,,,,,,,,,,,,,,,,,,,,,,,,,,,,,,,,,,,,,,,,,,,,,,,,,
1,What is the ratio of non operating expenses for Helix BioSciences in 2025 to inventories for Helix BioSciences in 2025?,1.765474684757196,Helix BioSciences,2025,,ratio_amounts,ratio,"ratio(leaf_metric, leaf_metric)",N797,ratio,1,['Helix BioSciences'],['2025'],40,ratio,,,,,,,,,,,,,,,,,,,,,,,,,,,,,,0,,,,,,,,,,,,,,,,,,,,,,,,,,,,,,0,1,,,,,,,,,,,,,,,,,False,False,False,False,,,,,,,,,,,,,,,,,,,,,,,,,,,,,,,,,,,,,,,,,,,,,,,,,,,,,,,,,,,,,,,,,,,,,,,,,,,,,,,,,,,,,77_non_operating_expenses,77_inventories,,,,,,,,,,,,,,,,,,,,,,,,,,,,,,,,,,,,,77_non_operating_expenses,77_inventories,,,,,,,,,,,,,,,,,,,,,,,,,,,,,,,,,,,,,,,,,,,,,,,,,,,,,,,,,,,,,,,,,,,,,,,,,,,,,,,,,,,,,,,,,,,,,,,,
1,What is the difference between operating expenses for ClearPath Logistics in 2022 and longterm liabilities for ClearPath Logistics in 2022?,-94115.0,ClearPath Logistics,2022,,difference_amount,amount,"diff(leaf_metric, leaf_metric)",N526,amount,1,['ClearPath Logistics'],['2022'],41,diff,,,,,,,,,,,,,,,,,,,,,,,,,,,,,,0,,,,,,,,,,,,,,,,,,,,,,,,,,,,,,0,1,,,,,,,,,,,,,,,,,False,False,False,False,,,,,,,,,,,,,,,,,,,,,,,,,,,,,,,,,,,,,,,,,,,,,,,,,,,,,,,,,,,,,,,,,,,,,,,,,,,,,,,,,,,,,80_operating_expenses,80_longterm_liabilities,,,,,,,,,,,,,,,,,,,,,,,,,,,,,,,,,,,,,,,80_operating_expenses,80_longterm_liabilities,,,,,,,,,,,,,,,,,,,,,,,,,,,,,,,,,,,,,,,,,,,,,,,,,,,,,,,,,,,,,,,,,,,,,,,,,,,,,,,,,,,,,,,,,,,,,,
1,What is the ratio of dividends paid for Quantum Bridge Holdings in 2025 to income tax expense for Quantum Bridge Holdings in 2025?,0.30832901004574825,Quantum Bridge Holdings,2025,,ratio_amounts,ratio,"ratio(leaf_metric, leaf_metric)",N319,ratio,1,['Quantum Bridge Holdings'],['2025'],42,ratio,,,,,,,,,,,,,,,,,,,,,,,,,,,,,,0,,,,,,,,,,,,,,,,,,,,,,,,,,,,,,0,1,,,,,,,,,,,,,,,,,False,False,False,False,,,,,,,,,,,,,,,,,,,,,,,,,,,,,,,,,,,,,,,,,,,,,,,,,,,17_dividends_paid,17_income_tax_expense,,,,,,,,,,,,,,,,,,,,,,,,,,,,,,,,,17_dividends_paid,17_income_tax_expense,,,,,,,,,,,,,,,,,,,,,,,,,,,,,,,,,,,,,,,,,,,,,,,,,,,,,,,,,,,,,,,,,,,,,,,,,,,,,,,,,,,,,,,,,,,,,,,,,,,,,,,,,,,,,,,,,,,,,,,,,,,,,,,,,,,,,,
2,What is the difference between difference between capex for Apex Dynamics Corp in 2025 and operating expenses for Apex Dynamics Corp in 2025 and combined value of inventories for Apex Dynamics Corp in 2025 and total liabilities for Apex Dynamics Corp in 2025?,-122369.0,Apex Dynamics Corp,2025,,difference_amount,amount,"diff(difference_amount, sum_amount)",N734,amount,2,['Apex Dynamics Corp'],['2025'],43,diff,diff,,,,,,,,,,,,,,0.0,,,,,,,,,,,,,,0.0,1,sum,,,,,,,,,,,,,,0.0,,,,,,,,,,,,,,0.0,1,2,,,,,,,,,,,,,,,,,False,False,False,False,5_capex,5_operating_expenses,5_inventories,5_total_liabilities,,,,,,,,,,,,,,,,,,,,,,,,,,,,,,,,,,,,,,,,,,,,,,,,,,,,,,,,,,,,,,,,,,,,,,,,,,,,,,,,,,,,,,,,,,,,,,,,,,,,,,,,,,,,,,,,,,,,,,,,,,,5_capex,5_operating_expenses,5_inventories,5_total_liabilities,,,,,,,,,,,,,,,,,,,,,,,,,,,,,,,,,,,,,,,,,,,,,,,,,,,,,,,,,,,,,,,,,,,,,,,,,,,,,,,,,,,,,,,,,,
1,What is the ratio of current assets for Helix BioSciences in 2021 to income tax expense for Helix BioSciences in 2021?,3.993226047677478,Helix BioSciences,2021,,ratio_amounts,ratio,"ratio(leaf_metric, leaf_metric)",N67,ratio,1,['Helix BioSciences'],['2021'],44,ratio,,,,,,,,,,,,,,,,,,,,,,,,,,,,,,0,,,,,,,,,,,,,,,,,,,,,,,,,,,,,,0,1,,,,,,,,,,,,,,,,,False,False,False,False,,,,,,,,,,,,,,,,,,,,,,,,,,,,,,,,,,,,,,,,,,,,,,,,,,,,,,,,,,,,,,,,,,,,,,,,,,,,,,,,,,,,,73_current_assets,73_income_tax_expense,,,,,,,,,,,,,,,,,,,,,,,,,,,,,,,,,,,,,,,,,,,,,73_current_assets,73_income_tax_expense,,,,,,,,,,,,,,,,,,,,,,,,,,,,,,,,,,,,,,,,,,,,,,,,,,,,,,,,,,,,,,,,,,,,,,,,,,,,,,,,,,,,,,,,
1,What is the ratio of total liabilities for Orion Financial Group in 2020 to operating income for Orion Financial Group in 2020?,1.8052086668801366,Orion Financial Group,2020,,ratio_amounts,ratio,"ratio(leaf_metric, leaf_metric)",N978,ratio,1,['Orion Financial Group'],['2020'],45,ratio,,,,,,,,,,,,,,,,,,,,,,,,,,,,,,0,,,,,,,,,,,,,,,,,,,,,,,,,,,,,,0,1,,,,,,,,,,,,,,,,,False,False,False,False,,,,,,,,,,,,,,,,,,,,,,,,,,,,,,,,,,,,,,,,,,,,,,,,,,,,,,,,,,,,,,,,,,,,,,,,,,,,,,,,,,,,,54_total_liabilities,54_operating_income,,,,,,,,,,,,,,,,,,,,,,,,,,,,,,,,,,,,,,,,,,,,,,,54_total_liabilities,54_operating_income,,,,,,,,,,,,,,,,,,,,,,,,,,,,,,,,,,,,,,,,,,,,,,,,,,,,,,,,,,,,,,,,,,,,,,,,,,,,,,,,,,,,,,
1,What is the difference between pretax income for Titan Consumer Brands in 2024 and accounts receivable for Titan Consumer Brands in 2024?,15501.0,Titan Consumer Brands,2024,,difference_amount,amount,"diff(leaf_metric, leaf_metric)",N200,amount,1,['Titan Consumer Brands'],['2024'],46,diff,,,,,,,,,,,,,,,,,,,,,,,,,,,,,,0,,,,,,,,,,,,,,,,,,,,,,,,,,,,,,0,1,,,,,,,,,,,,,,,,,False,False,False,False,,,,,,,,,,,,,,,,,,,,,,,,,,,,,,,,,,,,,,,,,,,,,,,,,,,,,,,,,,,,,,,,,,,,,,,,,,,,,,,,,,,,,64_pretax_income,64_accounts_receivable,,,,,,,,,,,,,,,,,,,,,,,,,,,,,,,,,,,,,,,,,,,,,,,,,64_pretax_income,64_accounts_receivable,,,,,,,,,,,,,,,,,,,,,,,,,,,,,,,,,,,,,,,,,,,,,,,,,,,,,,,,,,,,,,,,,,,,,,,,,,,,,,,,,,,,
1,What is the ratio of operating expenses for Orion Financial Group in 2024 to capex for Orion Financial Group in 2024?,2.9607127704709377,Orion Financial Group,2024,,ratio_amounts,ratio,"ratio(leaf_metric, leaf_metric)",N820,ratio,1,['Orion Financial Group'],['2024'],47,ratio,,,,,,,,,,,,,,,,,,,,,,,,,,,,,,0,,,,,,,,,,,,,,,,,,,,,,,,,,,,,,0,1,,,,,,,,,,,,,,,,,False,False,False,False,,,,,,,,,,,,,,,,,,,,,,,,,,,,,,,,,,,,,,,,,,,,,,,,,,,,,,,,,,,,,,,,,,,,,,,,,,,,,,,,,,,,,58_operating_expenses,58_capex,,,,,,,,,,,,,,,,,,,,,,,,,,,,,,,,,,,,,,,,,,,,,,,,,,,58_operating_expenses,58_capex,,,,,,,,,,,,,,,,,,,,,,,,,,,,,,,,,,,,,,,,,,,,,,,,,,,,,,,,,,,,,,,,,,,,,,,,,,,,,,,,,,
2,What is the difference between difference between operating income for NovaStar Technologies in 2020 and non operating expenses for NovaStar Technologies in 2020 and combined value of longterm assets for NovaStar Technologies in 2020 and current liabilities for NovaStar Technologies in 2020?,-43609.0,NovaStar Technologies,2020,,difference_amount,amount,"diff(difference_amount, sum_amount)",N598,amount,2,['NovaStar Technologies'],['2020'],48,diff,diff,,,,,,,,,,,,,,0.0,,,,,,,,,,,,,,0.0,1,sum,,,,,,,,,,,,,,0.0,,,,,,,,,,,,,,0.0,1,2,,,,,,,,,,,,,,,,,False,False,False,False,18_operating_income,18_non_operating_expenses,18_longterm_assets,18_current_liabilities,,,,,,,,,,,,,,,,,,,,,,,,,,,,,,,,,,,,,,,,,,,,,,,,,,,,,,,,,,,,,,,,,,,,,,,,,,,,,,,,,,,,,,,,,,,,,,,,,,,,,,,,,,,,,,,,,,,,,,,,,,,,,,,,,,,,,,,18_operating_income,18_non_operating_expenses,18_longterm_assets,18_current_liabilities,,,,,,,,,,,,,,,,,,,,,,,,,,,,,,,,,,,,,,,,,,,,,,,,,,,,,,,,,,,,,,,,,,,,,,,,,,,,,,
1,What is the difference between inventories for Pacific Crest Energy in 2020 and cash for Pacific Crest Energy in 2020?,-69336.0,Pacific Crest Energy,2020,,difference_amount,amount,"diff(leaf_metric, leaf_metric)",N484,amount,1,['Pacific Crest Energy'],['2020'],49,diff,,,,,,,,,,,,,,,,,,,,,,,,,,,,,,0,,,,,,,,,,,,,,,,,,,,,,,,,,,,,,0,1,,,,,,,,,,,,,,,,,False,False,False,False,,,,,,,,,,,,,,,,,,,,,,,,,,,,,,,,,,,,,,,,,,,,,,,,,,,,,,,,,,,,,,,,,,,,,,,,,,,,,,,,,,,,,48_inventories,48_cash,,,,,,,,,,,,,,,,,,,,,,,,,,,,,,,,,,,,,,,,,,,,,,,,,,,,,,,,,48_inventories,48_cash,,,,,,,,,,,,,,,,,,,,,,,,,,,,,,,,,,,,,,,,,,,,,,,,,,,,,,,,,,,,,,,,,,,,,,,,,,,,
1,What is the ratio of current assets for Cobalt Semiconductor in 2020 to operating income for Cobalt Semiconductor in 2020?,1.4072152681928514,Cobalt Semiconductor,2020,,ratio_amounts,ratio,"ratio(leaf_metric, leaf_metric)",N479,ratio,1,['Cobalt Semiconductor'],['2020'],50,ratio,,,,,,,,,,,,,,,,,,,,,,,,,,,,,,0,,,,,,,,,,,,,,,,,,,,,,,,,,,,,,0,1,,,,,,,,,,,,,,,,,False,False,False,False,,,,,,,,,,,,,,,,,,,,,,,,,,,,,,,,,,,,,,,,,,,,,,,,,,,,,,,,,,,,,,,,,,,,,,,,,,,,,,,,,,,,,66_current_assets,66_operating_income,,,,,,,,,,,,,,,,,,,,,,,,,,,,,,,,,,,,,,,,,,,,,,,,,,,,,,,,,,,66_current_assets,66_operating_income,,,,,,,,,,,,,,,,,,,,,,,,,,,,,,,,,,,,,,,,,,,,,,,,,,,,,,,,,,,,,,,,,,,,,,,,,,
1,What is the difference between operating expenses for SilverLine Retail Inc in 2024 and pretax income for SilverLine Retail Inc in 2024?,129671.0,SilverLine Retail Inc,2024,,difference_amount,amount,"diff(leaf_metric, leaf_metric)",N258,amount,1,['SilverLine Retail Inc'],['2024'],51,diff,,,,,,,,,,,,,,,,,,,,,,,,,,,,,,0,,,,,,,,,,,,,,,,,,,,,,,,,,,,,,0,1,,,,,,,,,,,,,,,,,False,False,False,False,,,,,,,,,,,,,,,,,,,,,,,,,,,,,,,,,,,,,,,,,,,,,,,,,,,,,,,,,,,,,,,,,,,,,,,,,,,,,,,,,,,,,46_operating_expenses,46_pretax_income,,,,,,,,,,,,,,,,,,,,,,,,,,,,,,,,,,,,,,,,,,,,,,,,,,,,,,,,,,,,,46_operating_expenses,46_pretax_income,,,,,,,,,,,,,,,,,,,,,,,,,,,,,,,,,,,,,,,,,,,,,,,,,,,,,,,,,,,,,,,,,,,,,,,,
1,What is the ratio of short term investments for Titan Consumer Brands in 2021 to accounts receivable for Titan Consumer Brands in 2021?,0.551268455828371,Titan Consumer Brands,2021,,ratio_amounts,ratio,"ratio(leaf_metric, leaf_metric)",N256,ratio,1,['Titan Consumer Brands'],['2021'],52,ratio,,,,,,,,,,,,,,,,,,,,,,,,,,,,,,0,,,,,,,,,,,,,,,,,,,,,,,,,,,,,,0,1,,,,,,,,,,,,,,,,,False,False,False,False,,,,,,,,,,,,,,,,,,,,,,,,,,,,,,,,,,,,,,,,,,,,,,,,,,,,,,,,,,,,,,,,,,,,,,,,,,,,,,,,,,,,,61_short_term_investments,61_accounts_receivable,,,,,,,,,,,,,,,,,,,,,,,,,,,,,,,,,,,,,,,,,,,,,,,,,,,,,,,,,,,,,,,61_short_term_investments,61_accounts_receivable,,,,,,,,,,,,,,,,,,,,,,,,,,,,,,,,,,,,,,,,,,,,,,,,,,,,,,,,,,,,,,,,,,,,,,
1,What is the difference between total assets for SilverLine Retail Inc in 2020 and non operating expenses for SilverLine Retail Inc in 2020?,400527.0,SilverLine Retail Inc,2020,,difference_amount,amount,"diff(leaf_metric, leaf_metric)",N393,amount,1,['SilverLine Retail Inc'],['2020'],53,diff,,,,,,,,,,,,,,,,,,,,,,,,,,,,,,0,,,,,,,,,,,,,,,,,,,,,,,,,,,,,,0,1,,,,,,,,,,,,,,,,,False,False,False,False,,,,,,,,,,,,,,,,,,,,,,,,,,,,,,,,,,,,,,,,,,,,,,,,,,,,,,,,,,,,,,,,,,,,,,,,,,,,,,,,,,,,,42_total_assets,42_non_operating_expenses,,,,,,,,,,,,,,,,,,,,,,,,,,,,,,,,,,,,,,,,,,,,,,,,,,,,,,,,,,,,,,,,,42_total_assets,42_non_operating_expenses,,,,,,,,,,,,,,,,,,,,,,,,,,,,,,,,,,,,,,,,,,,,,,,,,,,,,,,,,,,,,,,,,,,,
1,What is the ratio of longterm assets for Titan Consumer Brands in 2024 to short term investments for Titan Consumer Brands in 2024?,13.558822226488092,Titan Consumer Brands,2024,,ratio_amounts,ratio,"ratio(leaf_metric, leaf_metric)",N959,ratio,1,['Titan Consumer Brands'],['2024'],54,ratio,,,,,,,,,,,,,,,,,,,,,,,,,,,,,,0,,,,,,,,,,,,,,,,,,,,,,,,,,,,,,0,1,,,,,,,,,,,,,,,,,False,False,False,False,,,,,,,,,,,,,,,,,,,,,,,,,,,,,,,,,,,,,,,,,,,,,,,,,,,,,,,,,,,,,,,,,,,,,,,,,,,,,,,,,,,,,64_longterm_assets,64_short_term_investments,,,,,,,,,,,,,,,,,,,,,,,,,,,,,,,,,,,,,,,,,,,,,,,,,,,,,,,,,,,,,,,,,,,64_longterm_assets,64_short_term_investments,,,,,,,,,,,,,,,,,,,,,,,,,,,,,,,,,,,,,,,,,,,,,,,,,,,,,,,,,,,,,,,,,,
1,What is the difference between capex for Ironclad Manufacturing in 2020 and pretax income for Ironclad Manufacturing in 2020?,40658.0,Ironclad Manufacturing,2020,,difference_amount,amount,"diff(leaf_metric, leaf_metric)",N557,amount,1,['Ironclad Manufacturing'],['2020'],55,diff,,,,,,,,,,,,,,,,,,,,,,,,,,,,,,0,,,,,,,,,,,,,,,,,,,,,,,,,,,,,,0,1,,,,,,,,,,,,,,,,,False,False,False,False,,,,,,,,,,,,,,,,,,,,,,,,,,,,,,,,,,,,,,,,,,,,,,,,,,,,,,,,,,,,,,,,,,,,,,,,,,,,,,,,,,,,,36_capex,36_pretax_income,,,,,,,,,,,,,,,,,,,,,,,,,,,,,,,,,,,,,,,,,,,,,,,,,,,,,,,,,,,,,,,,,,,,,36_capex,36_pretax_income,,,,,,,,,,,,,,,,,,,,,,,,,,,,,,,,,,,,,,,,,,,,,,,,,,,,,,,,,,,,,,,,
1,What is the ratio of net income for Orion Financial Group in 2020 to dividends paid for Orion Financial Group in 2020?,3.1359230096237973,Orion Financial Group,2020,,ratio_amounts,ratio,"ratio(leaf_metric, leaf_metric)",N41,ratio,1,['Orion Financial Group'],['2020'],56,ratio,,,,,,,,,,,,,,,,,,,,,,,,,,,,,,0,,,,,,,,,,,,,,,,,,,,,,,,,,,,,,0,1,,,,,,,,,,,,,,,,,False,False,False,False,,,,,,,,,,,,,,,,,,,,,,,,,,,,,,,,,,,,,,,,,,,,,,,,,,,,,,,,,,,,,,,,,,,,,,,,,,,,,,,,,,,,,54_net_income,54_dividends_paid,,,,,,,,,,,,,,,,,,,,,,,,,,,,,,,,,,,,,,,,,,,,,,,,,,,,,,,,,,,,,,,,,,,,,,,54_net_income,54_dividends_paid,,,,,,,,,,,,,,,,,,,,,,,,,,,,,,,,,,,,,,,,,,,,,,,,,,,,,,,,,,,,,,
1,What is the ratio of capex for Orion Financial Group in 2025 to total liabilities for Orion Financial Group in 2025?,0.057338056680161946,Orion Financial Group,2025,,ratio_amounts,ratio,"ratio(leaf_metric, leaf_metric)",N271,ratio,1,['Orion Financial Group'],['2025'],57,ratio,,,,,,,,,,,,,,,,,,,,,,,,,,,,,,0,,,,,,,,,,,,,,,,,,,,,,,,,,,,,,0,1,,,,,,,,,,,,,,,,,False,False,False,False,,,,,,,,,,,,,,,,,,,,,,,,,,,,,,,,,,,,,,,,,,,,,,,,,,,,,,,,,,,,,,,,,,,,,,,,,,,,,,,,,,,,,59_capex,59_total_liabilities,,,,,,,,,,,,,,,,,,,,,,,,,,,,,,,,,,,,,,,,,,,,,,,,,,,,,,,,,,,,,,,,,,,,,,,,,59_capex,59_total_liabilities,,,,,,,,,,,,,,,,,,,,,,,,,,,,,,,,,,,,,,,,,,,,,,,,,,,,,,,,,,,,
1,What is the difference between current liabilities for NovaStar Technologies in 2022 and current liabilities for NovaStar Technologies in 2022?,0.0,NovaStar Technologies,2022,current_liabilities,difference_amount,amount,"diff(leaf_metric, leaf_metric)",N522,amount,1,['NovaStar Technologies'],['2022'],58,diff,,,,,,,,,,,,,,,,,,,,,,,,,,,,,,0,,,,,,,,,,,,,,,,,,,,,,,,,,,,,,0,1,,,,,,,,,,,,,,,,,False,False,False,False,,,,,,,,,,,,,,,,,,,,,,,,,,,,,,,,,,,,,,,,,,,,,,,,,,,,,,,,,,,,,,,,,,,,,,,,,,,,,,,,,,,,,20_current_liabilities,20_current_liabilities,,,,,,,,,,,,,,,,,,,,,,,,,,,,,,,,,,,,,,,,,,,,,,,,,,,,,,,,,,,,,,,,,,,,,,,,,,,20_current_liabilities,20_current_liabilities,,,,,,,,,,,,,,,,,,,,,,,,,,,,,,,,,,,,,,,,,,,,,,,,,,,,,,,,,,
1,What is the difference between revenue for Cobalt Semiconductor in 2025 and current assets for Cobalt Semiconductor in 2025?,36974.0,Cobalt Semiconductor,2025,,difference_amount,amount,"diff(leaf_metric, leaf_metric)",N161,amount,1,['Cobalt Semiconductor'],['2025'],59,diff,,,,,,,,,,,,,,,,,,,,,,,,,,,,,,0,,,,,,,,,,,,,,,,,,,,,,,,,,,,,,0,1,,,,,,,,,,,,,,,,,False,False,False,False,,,,,,,,,,,,,,,,,,,,,,,,,,,,,,,,,,,,,,,,,,,,,,,,,,,,,,,,,,,,,,,,,,,,,,,,,,,,,,,,,,,,,71_revenue,71_current_assets,,,,,,,,,,,,,,,,,,,,,,,,,,,,,,,,,,,,,,,,,,,,,,,,,,,,,,,,,,,,,,,,,,,,,,,,,,,,,71_revenue,71_current_assets,,,,,,,,,,,,,,,,,,,,,,,,,,,,,,,,,,,,,,,,,,,,,,,,,,,,,,,,
2,What is the ratio of difference between inventories for Titan Consumer Brands in 2023 and capex for Titan Consumer Brands in 2023 to cash for Titan Consumer Brands in 2023 scaled by income tax for Titan Consumer Brands in 2023?,-0.8198417454321777,Titan Consumer Brands,2023,,ratio_amounts,ratio,"ratio(difference_amount, scaled_amount)",N342,ratio,2,['Titan Consumer Brands'],['2023'],60,ratio,diff,,,,,,,,,,,,,,0.0,,,,,,,,,,,,,,0.0,1,mul,,,,,,,,,,,,,,0.0,,,,,,,,,,,,,,0.0,1,2,,,,,,,,,,,,,,,,,False,False,False,False,63_inventories,63_capex,63_cash,63_income_tax,,,,,,,,,,,,,,,,,,,,,,,,,,,,,,,,,,,,,,,,,,,,,,,,,,,,,,,,,,,,,,,,,,,,,,,,,,,,,,,,,,,,,,,,,,,,,,,,,,,,,,,,,,,,,,,,,,,,,,,,,,,,,,,,,,,,,,,,,,,,,,,,,,,,,,,,,,,,,,,,,63_income_tax,63_inventories,63_capex,63_cash,,,,,,,,,,,,,,,,,,,,,,,,,,,,,,,,,,,,,,,,,,,,,,,,,,,,
1,What is the difference between current liabilities for Cobalt Semiconductor in 2023 and short term investments for Cobalt Semiconductor in 2023?,11068.0,Cobalt Semiconductor,2023,,difference_amount,amount,"diff(leaf_metric, leaf_metric)",N708,amount,1,['Cobalt Semiconductor'],['2023'],61,diff,,,,,,,,,,,,,,,,,,,,,,,,,,,,,,0,,,,,,,,,,,,,,,,,,,,,,,,,,,,,,0,1,,,,,,,,,,,,,,,,,False,False,False,False,,,,,,,,,,,,,,,,,,,,,,,,,,,,,,,,,,,,,,,,,,,,,,,,,,,,,,,,,,,,,,,,,,,,,,,,,,,,,,,,,,,,,69_current_liabilities,69_short_term_investments,,,,,,,,,,,,,,,,,,,,,,,,,,,,,,,,,,,,,,,,,,,,,,,,,,,,,,,,,,,,,,,,,,,,,,,,,,,,,,,,,,,69_current_liabilities,69_short_term_investments,,,,,,,,,,,,,,,,,,,,,,,,,,,,,,,,,,,,,,,,,,,,,,,,,,
1,What is the ratio of longterm liabilities for Pacific Crest Energy in 2021 to accounts receivable for Pacific Crest Energy in 2021?,3.411037325395008,Pacific Crest Energy,2021,,ratio_amounts,ratio,"ratio(leaf_metric, leaf_metric)",N309,ratio,1,['Pacific Crest Energy'],['2021'],62,ratio,,,,,,,,,,,,,,,,,,,,,,,,,,,,,,0,,,,,,,,,,,,,,,,,,,,,,,,,,,,,,0,1,,,,,,,,,,,,,,,,,False,False,False,False,,,,,,,,,,,,,,,,,,,,,,,,,,,,,,,,,,,,,,,,,,,,,,,,,,,,,,,,,,,,,,,,,,,,,,,,,,,,,,,,,,,,,49_longterm_liabilities,49_accounts_receivable,,,,,,,,,,,,,,,,,,,,,,,,,,,,,,,,,,,,,,,,,,,,,,,,,,,,,,,,,,,,,,,,,,,,,,,,,,,,,,,,,,,,,49_longterm_liabilities,49_accounts_receivable,,,,,,,,,,,,,,,,,,,,,,,,,,,,,,,,,,,,,,,,,,,,,,,,
1,What is the ratio of accounts receivable for Atlas Global Industries in 2023 to operating income for Atlas Global Industries in 2023?,0.14662427529455768,Atlas Global Industries,2023,,ratio_amounts,ratio,"ratio(leaf_metric, leaf_metric)",N646,ratio,1,['Atlas Global Industries'],['2023'],63,ratio,,,,,,,,,,,,,,,,,,,,,,,,,,,,,,0,,,,,,,,,,,,,,,,,,,,,,,,,,,,,,0,1,,,,,,,,,,,,,,,,,False,False,False,False,,,,,,,,,,,,,,,,,,,,,,,,,,,,,,,,,,,,,,,,,,,,,,,,,,,,,,,,,,,,,,,,,,,,,,,,,,,,,,,,,,,,,27_accounts_receivable,27_operating_income,,,,,,,,,,,,,,,,,,,,,,,,,,,,,,,,,,,,,,,,,,,,,,,,,,,,,,,,,,,,,,,,,,,,,,,,,,,,,,,,,,,,,,,27_accounts_receivable,27_operating_income,,,,,,,,,,,,,,,,,,,,,,,,,,,,,,,,,,,,,,,,,,,,,,
1,What is the ratio of longterm assets for NovaStar Technologies in 2021 to operating income for NovaStar Technologies in 2021?,2.0280483188216265,NovaStar Technologies,2021,,ratio_amounts,ratio,"ratio(leaf_metric, leaf_metric)",N740,ratio,1,['NovaStar Technologies'],['2021'],64,ratio,,,,,,,,,,,,,,,,,,,,,,,,,,,,,,0,,,,,,,,,,,,,,,,,,,,,,,,,,,,,,0,1,,,,,,,,,,,,,,,,,False,False,False,False,,,,,,,,,,,,,,,,,,,,,,,,,,,,,,,,,,,,,,,,,,,,,,,,,,,,,,,,,,,,,,,,,,,,,,,,,,,,,,,,,,,,,19_longterm_assets,19_operating_income,,,,,,,,,,,,,,,,,,,,,,,,,,,,,,,,,,,,,,,,,,,,,,,,,,,,,,,,,,,,,,,,,,,,,,,,,,,,,,,,,,,,,,,,,19_longterm_assets,19_operating_income,,,,,,,,,,,,,,,,,,,,,,,,,,,,,,,,,,,,,,,,,,,,
1,What is the difference between total assets for ClearPath Logistics in 2022 and short term investments for ClearPath Logistics in 2022?,489051.0,ClearPath Logistics,2022,,difference_amount,amount,"diff(leaf_metric, leaf_metric)",N259,amount,1,['ClearPath Logistics'],['2022'],65,diff,,,,,,,,,,,,,,,,,,,,,,,,,,,,,,0,,,,,,,,,,,,,,,,,,,,,,,,,,,,,,0,1,,,,,,,,,,,,,,,,,False,False,False,False,,,,,,,,,,,,,,,,,,,,,,,,,,,,,,,,,,,,,,,,,,,,,,,,,,,,,,,,,,,,,,,,,,,,,,,,,,,,,,,,,,,,,80_total_assets,80_short_term_investments,,,,,,,,,,,,,,,,,,,,,,,,,,,,,,,,,,,,,,,,,,,,,,,,,,,,,,,,,,,,,,,,,,,,,,,,,,,,,,,,,,,,,,,,,,,80_total_assets,80_short_term_investments,,,,,,,,,,,,,,,,,,,,,,,,,,,,,,,,,,,,,,,,,,
1,What is the ratio of cost of goods sold for Crimson Pharmaceuticals in 2022 to non operating expenses for Crimson Pharmaceuticals in 2022?,2.689532071259128,Crimson Pharmaceuticals,2022,,ratio_amounts,ratio,"ratio(leaf_metric, leaf_metric)",N860,ratio,1,['Crimson Pharmaceuticals'],['2022'],66,ratio,,,,,,,,,,,,,,,,,,,,,,,,,,,,,,0,,,,,,,,,,,,,,,,,,,,,,,,,,,,,,0,1,,,,,,,,,,,,,,,,,False,False,False,False,,,,,,,,,,,,,,,,,,,,,,,,,,,,,,,,,,,,,,,,,,,,,,,,,,,,,,,,,,,,,,,,,,,,,,,,,,,,,,,,,,,,,86_cost_of_goods_sold,86_non_operating_expenses,,,,,,,,,,,,,,,,,,,,,,,,,,,,,,,,,,,,,,,,,,,,,,,,,,,,,,,,,,,,,,,,,,,,,,,,,,,,,,,,,,,,,,,,,,,,,86_cost_of_goods_sold,86_non_operating_expenses,,,,,,,,,,,,,,,,,,,,,,,,,,,,,,,,,,,,,,,,
1,What is the ratio of dividends paid for Apex Dynamics Corp in 2025 to pretax income for Apex Dynamics Corp in 2025?,1.2296142296142296,Apex Dynamics Corp,2025,,ratio_amounts,ratio,"ratio(leaf_metric, leaf_metric)",N302,ratio,1,['Apex Dynamics Corp'],['2025'],67,ratio,,,,,,,,,,,,,,,,,,,,,,,,,,,,,,0,,,,,,,,,,,,,,,,,,,,,,,,,,,,,,0,1,,,,,,,,,,,,,,,,,False,False,False,False,,,,,,,,,,,,,,,,,,,,,,,,,,,,,,,,,,,,,,,,,,,,,,,,,,,,,,,,,,,,,,,,,,,,,,,,,,,,,,,,,,,,,5_dividends_paid,5_pretax_income,,,,,,,,,,,,,,,,,,,,,,,,,,,,,,,,,,,,,,,,,,,,,,,,,,,,,,,,,,,,,,,,,,,,,,,,,,,,,,,,,,,,,,,,,,,,,,,5_dividends_paid,5_pretax_income,,,,,,,,,,,,,,,,,,,,,,,,,,,,,,,,,,,,,,
1,What is the ratio of total equity for Pinnacle Health Group in 2022 to non operating expenses for Pinnacle Health Group in 2022?,4.858823529411764,Pinnacle Health Group,2022,,ratio_amounts,ratio,"ratio(leaf_metric, leaf_metric)",N664,ratio,1,['Pinnacle Health Group'],['2022'],68,ratio,,,,,,,,,,,,,,,,,,,,,,,,,,,,,,0,,,,,,,,,,,,,,,,,,,,,,,,,,,,,,0,1,,,,,,,,,,,,,,,,,False,False,False,False,,,,,,,,,,,,,,,,,,,,,,,,,,,,,,,,,,,,,,,,,,,,,,,,,,,,,,,,,,,,,,,,,,,,,,,,,,,,,,,,,,,,,32_total_equity,32_non_operating_expenses,,,,,,,,,,,,,,,,,,,,,,,,,,,,,,,,,,,,,,,,,,,,,,,,,,,,,,,,,,,,,,,,,,,,,,,,,,,,,,,,,,,,,,,,,,,,,,,,,32_total_equity,32_non_operating_expenses,,,,,,,,,,,,,,,,,,,,,,,,,,,,,,,,,,,,
1,What is the ratio of inventories for NovaStar Technologies in 2025 to operating expenses for NovaStar Technologies in 2025?,0.12901118048497168,NovaStar Technologies,2025,,ratio_amounts,ratio,"ratio(leaf_metric, leaf_metric)",N575,ratio,1,['NovaStar Technologies'],['2025'],69,ratio,,,,,,,,,,,,,,,,,,,,,,,,,,,,,,0,,,,,,,,,,,,,,,,,,,,,,,,,,,,,,0,1,,,,,,,,,,,,,,,,,False,False,False,False,,,,,,,,,,,,,,,,,,,,,,,,,,,,,,,,,,,,,,,,,,,,,,,,,,,,,,,,,,,,,,,,,,,,,,,,,,,,,,,,,,,,,23_inventories,23_operating_expenses,,,,,,,,,,,,,,,,,,,,,,,,,,,,,,,,,,,,,,,,,,,,,,,,,,,,,,,,,,,,,,,,,,,,,,,,,,,,,,,,,,,,,,,,,,,,,,,,,,,23_inventories,23_operating_expenses,,,,,,,,,,,,,,,,,,,,,,,,,,,,,,,,,,
1,What is the difference between non operating expenses for Ironclad Manufacturing in 2025 and revenue for Ironclad Manufacturing in 2025?,-483188.0,Ironclad Manufacturing,2025,,difference_amount,amount,"diff(leaf_metric, leaf_metric)",N946,amount,1,['Ironclad Manufacturing'],['2025'],70,diff,,,,,,,,,,,,,,,,,,,,,,,,,,,,,,0,,,,,,,,,,,,,,,,,,,,,,,,,,,,,,0,1,,,,,,,,,,,,,,,,,False,False,False,False,,,,,,,,,,,,,,,,,,,,,,,,,,,,,,,,,,,,,,,,,,,,,,,,,,,,,,,,,,,,,,,,,,,,,,,,,,,,,,,,,,,,,41_non_operating_expenses,41_revenue,,,,,,,,,,,,,,,,,,,,,,,,,,,,,,,,,,,,,,,,,,,,,,,,,,,,,,,,,,,,,,,,,,,,,,,,,,,,,,,,,,,,,,,,,,,,,,,,,,,,,41_non_operating_expenses,41_revenue,,,,,,,,,,,,,,,,,,,,,,,,,,,,,,,,
1,What is the ratio of net income for Atlas Global Industries in 2024 to pretax income for Atlas Global Industries in 2024?,0.7530726336860165,Atlas Global Industries,2024,,ratio_amounts,ratio,"ratio(leaf_metric, leaf_metric)",N273,ratio,1,['Atlas Global Industries'],['2024'],71,ratio,,,,,,,,,,,,,,,,,,,,,,,,,,,,,,0,,,,,,,,,,,,,,,,,,,,,,,,,,,,,,0,1,,,,,,,,,,,,,,,,,False,False,False,False,,,,,,,,,,,,,,,,,,,,,,,,,,,,,,,,,,,,,,,,,,,,,,,,,,,,,,,,,,,,,,,,,,,,,,,,,,,,,,,,,,,,,28_net_income,28_pretax_income,,,,,,,,,,,,,,,,,,,,,,,,,,,,,,,,,,,,,,,,,,,,,,,,,,,,,,,,,,,,,,,,,,,,,,,,,,,,,,,,,,,,,,,,,,,,,,,,,,,,,,,28_net_income,28_pretax_income,,,,,,,,,,,,,,,,,,,,,,,,,,,,,,
1,What is the ratio of total liabilities for Meridian Systems Inc in 2023 to longterm assets for Meridian Systems Inc in 2023?,0.8297710596478858,Meridian Systems Inc,2023,,ratio_amounts,ratio,"ratio(leaf_metric, leaf_metric)",N568,ratio,1,['Meridian Systems Inc'],['2023'],72,ratio,,,,,,,,,,,,,,,,,,,,,,,,,,,,,,0,,,,,,,,,,,,,,,,,,,,,,,,,,,,,,0,1,,,,,,,,,,,,,,,,,False,False,False,False,,,,,,,,,,,,,,,,,,,,,,,,,,,,,,,,,,,,,,,,,,,,,,,,,,,,,,,,,,,,,,,,,,,,,,,,,,,,,,,,,,,,,9_total_liabilities,9_longterm_assets,,,,,,,,,,,,,,,,,,,,,,,,,,,,,,,,,,,,,,,,,,,,,,,,,,,,,,,,,,,,,,,,,,,,,,,,,,,,,,,,,,,,,,,,,,,,,,,,,,,,,,,,,9_total_liabilities,9_longterm_assets,,,,,,,,,,,,,,,,,,,,,,,,,,,,
1,What is the ratio of cash for NovaStar Technologies in 2024 to capex for NovaStar Technologies in 2024?,2.930558000352051,NovaStar Technologies,2024,,ratio_amounts,ratio,"ratio(leaf_metric, leaf_metric)",N206,ratio,1,['NovaStar Technologies'],['2024'],73,ratio,,,,,,,,,,,,,,,,,,,,,,,,,,,,,,0,,,,,,,,,,,,,,,,,,,,,,,,,,,,,,0,1,,,,,,,,,,,,,,,,,False,False,False,False,,,,,,,,,,,,,,,,,,,,,,,,,,,,,,,,,,,,,,,,,,,,,,,,,,,,,,,,,,,,,,,,,,,,,,,,,,,,,,,,,,,,,22_cash,22_capex,,,,,,,,,,,,,,,,,,,,,,,,,,,,,,,,,,,,,,,,,,,,,,,,,,,,,,,,,,,,,,,,,,,,,,,,,,,,,,,,,,,,,,,,,,,,,,,,,,,,,,,,,,,22_cash,22_capex,,,,,,,,,,,,,,,,,,,,,,,,,,
1,What is the ratio of accounts receivable for NovaStar Technologies in 2020 to total equity for NovaStar Technologies in 2020?,0.22689550799115235,NovaStar Technologies,2020,,ratio_amounts,ratio,"ratio(leaf_metric, leaf_metric)",N527,ratio,1,['NovaStar Technologies'],['2020'],74,ratio,,,,,,,,,,,,,,,,,,,,,,,,,,,,,,0,,,,,,,,,,,,,,,,,,,,,,,,,,,,,,0,1,,,,,,,,,,,,,,,,,False,False,False,False,,,,,,,,,,,,,,,,,,,,,,,,,,,,,,,,,,,,,,,,,,,,,,,,,,,,,,,,,,,,,,,,,,,,,,,,,,,,,,,,,,,,,18_accounts_receivable,18_total_equity,,,,,,,,,,,,,,,,,,,,,,,,,,,,,,,,,,,,,,,,,,,,,,,,,,,,,,,,,,,,,,,,,,,,,,,,,,,,,,,,,,,,,,,,,,,,,,,,,,,,,,,,,,,,,18_accounts_receivable,18_total_equity,,,,,,,,,,,,,,,,,,,,,,,,
1,What is the ratio of current liabilities for Titan Consumer Brands in 2022 to net income for Titan Consumer Brands in 2022?,2.11221902443292,Titan Consumer Brands,2022,,ratio_amounts,ratio,"ratio(leaf_metric, leaf_metric)",N575,ratio,1,['Titan Consumer Brands'],['2022'],75,ratio,,,,,,,,,,,,,,,,,,,,,,,,,,,,,,0,,,,,,,,,,,,,,,,,,,,,,,,,,,,,,0,1,,,,,,,,,,,,,,,,,False,False,False,False,,,,,,,,,,,,,,,,,,,,,,,,,,,,,,,,,,,,,,,,,,,,,,,,,,,,,,,,,,,,,,,,,,,,,,,,,,,,,,,,,,,,,62_current_liabilities,62_net_income,,,,,,,,,,,,,,,,,,,,,,,,,,,,,,,,,,,,,,,,,,,,,,,,,,,,,,,,,,,,,,,,,,,,,,,,,,,,,,,,,,,,,,,,,,,,,,,,,,,62_current_liabilities,62_net_income,,,,,,,,,,,,,,,,,,,,,,,,,,,,,,,,,,
1,What is the difference between income tax expense for Cobalt Semiconductor in 2020 and capex for Cobalt Semiconductor in 2020?,-288.96000000000004,Cobalt Semiconductor,2020,,difference_amount,amount,"diff(leaf_metric, leaf_metric)",N82,amount,1,['Cobalt Semiconductor'],['2020'],76,diff,,,,,,,,,,,,,,,,,,,,,,,,,,,,,,0,,,,,,,,,,,,,,,,,,,,,,,,,,,,,,0,1,,,,,,,,,,,,,,,,,False,False,False,False,,,,,,,,,,,,,,,,,,,,,,,,,,,,,,,,,,,,,,,,,,,,,,,,,,,,,,,,,,,,,,,,,,,,,,,,,,,,,,,,,,,,,66_income_tax_expense,66_capex,,,,,,,,,,,,,,,,,,,,,,,,,,,,,,,,,,,,,,,,,,,,,,,,,,,,,,,,,,,,,,,,,,,,,,,,,,,,,,,,,,,,,,,,,,,,,,,,,,,,,,,,,,,,,,,66_income_tax_expense,66_capex,,,,,,,,,,,,,,,,,,,,,,
1,What is the ratio of operating expenses for Apex Dynamics Corp in 2021 to total liabilities for Apex Dynamics Corp in 2021?,0.06512317058420353,Apex Dynamics Corp,2021,,ratio_amounts,ratio,"ratio(leaf_metric, leaf_metric)",N73,ratio,1,['Apex Dynamics Corp'],['2021'],77,ratio,,,,,,,,,,,,,,,,,,,,,,,,,,,,,,0,,,,,,,,,,,,,,,,,,,,,,,,,,,,,,0,1,,,,,,,,,,,,,,,,,False,False,False,False,,,,,,,,,,,,,,,,,,,,,,,,,,,,,,,,,,,,,,,,,,,,,,,,,,,,,,,,,,,,,,,,,,,,,,,,,,,,,,,,,,,,,1_operating_expenses,1_total_liabilities,,,,,,,,,,,,,,,,,,,,,,,,,,,,,,,,,,,,,,,,,,,,,,,,,,,,,,,,,,,,,,,,,,,,,,,,,,,,,,,,,,,,,,,,,,,,,,,,,,,,,,,,,,,,,,,,,1_operating_expenses,1_total_liabilities,,,,,,,,,,,,,,,,,,,,
1,What is the ratio of total assets for Cobalt Semiconductor in 2020 to current liabilities for Cobalt Semiconductor in 2020?,5.1512455516014235,Cobalt Semiconductor,2020,,ratio_amounts,ratio,"ratio(leaf_metric, leaf_metric)",N805,ratio,1,['Cobalt Semiconductor'],['2020'],78,ratio,,,,,,,,,,,,,,,,,,,,,,,,,,,,,,0,,,,,,,,,,,,,,,,,,,,,,,,,,,,,,0,1,,,,,,,,,,,,,,,,,False,False,False,False,,,,,,,,,,,,,,,,,,,,,,,,,,,,,,,,,,,,,,,,,,,,,,,,,,,,,,,,,,,,,,,,,,,,,,,,,,,,,,,,,,,,,66_total_assets,66_current_liabilities,,,,,,,,,,,,,,,,,,,,,,,,,,,,,,,,,,,,,,,,,,,,,,,,,,,,,,,,,,,,,,,,,,,,,,,,,,,,,,,,,,,,,,,,,,,,,,,,,,,,,,,,,,,,,,,,,,,66_total_assets,66_current_liabilities,,,,,,,,,,,,,,,,,,
2,What is the difference between difference between operating income for SilverLine Retail Inc in 2022 and dividends paid for SilverLine Retail Inc in 2022 and combined value of total assets for SilverLine Retail Inc in 2022 and operating income for SilverLine Retail Inc in 2022?,-505724.0,SilverLine Retail Inc,2022,,difference_amount,amount,"diff(difference_amount, sum_amount)",N598,amount,2,['SilverLine Retail Inc'],['2022'],79,diff,diff,,,,,,,,,,,,,,0.0,,,,,,,,,,,,,,0.0,1,sum,,,,,,,,,,,,,,0.0,,,,,,,,,,,,,,0.0,1,2,,,,,,,,,,,,,,,,,False,False,False,False,44_operating_income,44_dividends_paid,44_total_assets,44_operating_income,,,,,,,,,,,,,,,,,,,,,,,,,,,,,,,,,,,,,,,,,,,,,,,,,,,,,,,,,,,,,,,,,,,,,,,,,,,,,,,,,,,,,,,,,,,,,,,,,,,,,,,,,,,,,,,,,,,,,,,,,,,,,,,,,,,,,,,44_operating_income,44_dividends_paid,44_total_assets,44_operating_income,,,,,,,,,,,,,,,,,,,,,,,,,,,,,,,,,,,,,,,,,,,,,,,,,,,,,,,,,,,,,,,,,,,,,,,,,,,,,,
1,What is the difference between accounts receivable for Apex Dynamics Corp in 2025 and longterm assets for Apex Dynamics Corp in 2025?,-106665.0,Apex Dynamics Corp,2025,,difference_amount,amount,"diff(leaf_metric, leaf_metric)",N484,amount,1,['Apex Dynamics Corp'],['2025'],80,diff,,,,,,,,,,,,,,,,,,,,,,,,,,,,,,0,,,,,,,,,,,,,,,,,,,,,,,,,,,,,,0,1,,,,,,,,,,,,,,,,,False,False,False,False,,,,,,,,,,,,,,,,,,,,,,,,,,,,,,,,,,,,,,,,,,,,,,,,,,,,,,,,,,,,,,,,,,,,,,,,,,,,,,,,,,,,,5_accounts_receivable,5_longterm_assets,,,,,,,,,,,,,,,,,,,,,,,,,,,,,,,,,,,,,,,,,,,,,,,,,,,,,,,,,5_accounts_receivable,5_longterm_assets,,,,,,,,,,,,,,,,,,,,,,,,,,,,,,,,,,,,,,,,,,,,,,,,,,,,,,,,,,,,,,,,,,,,,,,,,,,,
1,What is the ratio of income tax expense for Ironclad Manufacturing in 2025 to longterm assets for Ironclad Manufacturing in 2025?,0.042733069283955046,Ironclad Manufacturing,2025,,ratio_amounts,ratio,"ratio(leaf_metric, leaf_metric)",N623,ratio,1,['Ironclad Manufacturing'],['2025'],81,ratio,,,,,,,,,,,,,,,,,,,,,,,,,,,,,,0,,,,,,,,,,,,,,,,,,,,,,,,,,,,,,0,1,,,,,,,,,,,,,,,,,False,False,False,False,,,,,,,,,,,,,,,,,,,,,,,,,,,,,,,,,,,,,,,,,,,,,,,,,,,,,,,,,,,,,,,,,,,,,,,,,,,,,,,,,,,,,41_income_tax_expense,41_longterm_assets,,,,,,,,,,,,,,,,,,,,,,,,,,,,,,,,,,,,,,,,,,,,,,,,,,,,,,,,,,,,,,,,,,,,,,,,,,,,,,,,,,,,,,,,,,,,,,,,,,,,,,,,,,,,,,,,,,,,,41_income_tax_expense,41_longterm_assets,,,,,,,,,,,,,,,,
1,What is the difference between revenue for Ironclad Manufacturing in 2023 and revenue for Ironclad Manufacturing in 2023?,0.0,Ironclad Manufacturing,2023,revenue,difference_amount,amount,"diff(leaf_metric, leaf_metric)",N438,amount,1,['Ironclad Manufacturing'],['2023'],82,diff,,,,,,,,,,,,,,,,,,,,,,,,,,,,,,0,,,,,,,,,,,,,,,,,,,,,,,,,,,,,,0,1,,,,,,,,,,,,,,,,,False,False,False,False,,,,,,,,,,,,,,,,,,,,,,,,,,,,,,,,,,,,,,,,,,,,,,,,,,,,,,,,,,,,,,,,,,,,,,,,,,,,,,,,,,,,,39_revenue,39_revenue,,,,,,,,,,,,,,,,,,,,,,,,,,,,,,,,,,,,,,,,,,,,,,,,,,,,,,,,,,,,,,,,,,,,,,,,,,,,,,,,,,,,,,,,,,,,,,,,,,,,,,,,,,,,,,,,,,,,,,,39_revenue,39_revenue,,,,,,,,,,,,,,
2,What is the difference between total_liabilities for Atlas Global Industries in 2022 and combined value of longterm assets for Atlas Global Industries in 2022 and cash for Atlas Global Industries in 2022?,-18361.0,Atlas Global Industries,2022,,difference_amount,amount,"diff(aggregate_components, sum_amount)",N500,amount,2,['Atlas Global Industries'],['2022'],83,diff,sum,,,,,,,,,,,,,,0.0,,,,,,,,,,,,,,0.0,1,sum,,,,,,,,,,,,,,0.0,,,,,,,,,,,,,,0.0,1,2,,,,,,,,,,,,,,,,,False,False,False,False,26_longterm_liabilities,26_current_liabilities,26_longterm_assets,26_cash,,,,,,,,,,,,,,,,,,,,,,,,,,,,,,,,,,,,,,,,,,,,,,,,,,,,,,,,,,,,,,,,,,,,,,,,,,,,,,,,,,,,,,,,,,,,,,,,,,,,,,,,,,,,,,,,,,,,,,,,,,,,,,,,,,,,,,,,,,,,,,,,,,,,,,,,,,,,,,,,,,,,,,,,,,,,,,,,,,,,,,,,,,,,,,,,,,,,,,,,,,,26_longterm_liabilities,26_current_liabilities,26_longterm_assets,26_cash,,,,,,,,,,
1,What is the difference between operating expenses for Meridian Systems Inc in 2020 and short term investments for Meridian Systems Inc in 2020?,5930.0,Meridian Systems Inc,2020,,difference_amount,amount,"diff(leaf_metric, leaf_metric)",N149,amount,1,['Meridian Systems Inc'],['2020'],84,diff,,,,,,,,,,,,,,,,,,,,,,,,,,,,,,0,,,,,,,,,,,,,,,,,,,,,,,,,,,,,,0,1,,,,,,,,,,,,,,,,,False,False,False,False,,,,,,,,,,,,,,,,,,,,,,,,,,,,,,,,,,,,,,,,,,,,,,,,,,,,,,,,,,,,,,,,,,,,,,,,,,,,,,,,,,,,,6_operating_expenses,6_short_term_investments,,,,,,,,,,,,,,,,,,,,,,,,,,,,,,,,,,,,,,,,,,,,,,,,,,,,,,,,,,,,,,,,,,,,,,,,,,,,,,,,,,,,,,,,,,,,,,,,,,,,,,,,,,,,,,,,,,,,,,,,,,,,,6_operating_expenses,6_short_term_investments,,,,,,,,
1,What is the ratio of current liabilities for Meridian Systems Inc in 2021 to dividends paid for Meridian Systems Inc in 2021?,17.54638332652227,Meridian Systems Inc,2021,,ratio_amounts,ratio,"ratio(leaf_metric, leaf_metric)",N432,ratio,1,['Meridian Systems Inc'],['2021'],85,ratio,,,,,,,,,,,,,,,,,,,,,,,,,,,,,,0,,,,,,,,,,,,,,,,,,,,,,,,,,,,,,0,1,,,,,,,,,,,,,,,,,False,False,False,False,,,,,,,,,,,,,,,,,,,,,,,,,,,,,,,,,,,,,,,,,,,,,,,,,,,,,,,,,,,,,,,,,,,,,,,,,,,,,,,,,,,,,7_current_liabilities,7_dividends_paid,,,,,,,,,,,,,,,,,,,,,,,,,,,,,,,,,,,,,,,,,,,,,,,,,,,,,,,,,,,,,,,,,,,,,,,,,,,,,,,,,,,,,,,,,,,,,,,,,,,,,,,,,,,,,,,,,,,,,,,,,,,,,,,7_current_liabilities,7_dividends_paid,,,,,,
1,What is the difference between current assets for Pacific Crest Energy in 2021 and short term investments for Pacific Crest Energy in 2021?,51663.0,Pacific Crest Energy,2021,,difference_amount,amount,"diff(leaf_metric, leaf_metric)",N982,amount,1,['Pacific Crest Energy'],['2021'],86,diff,,,,,,,,,,,,,,,,,,,,,,,,,,,,,,0,,,,,,,,,,,,,,,,,,,,,,,,,,,,,,0,1,,,,,,,,,,,,,,,,,False,False,False,False,,,,,,,,,,,,,,,,,,,,,,,,,,,,,,,,,,,,,,,,,,,,,,,,,,,,,,,,,,,,,,,,,,,,,,,,,,,,,,,,,,,,,49_current_assets,49_short_term_investments,,,,,,,,,,,,,,,,,,,,,,,,,,,,,,,,,,,,,,,,,,,,,,,,,,,,,,,,,,,,,,,,,,,,,,,,,,,,,,,,,,,,,,,,,,,,,,,,,,,,,,,,,,,,,,,,,,,,,,,,,,,,,,,,,49_current_assets,49_short_term_investments,,,,
1,What is the ratio of net income for Meridian Systems Inc in 2023 to total liabilities for Meridian Systems Inc in 2023?,0.4797664475868021,Meridian Systems Inc,2023,,ratio_amounts,ratio,"ratio(leaf_metric, leaf_metric)",N464,ratio,1,['Meridian Systems Inc'],['2023'],87,ratio,,,,,,,,,,,,,,,,,,,,,,,,,,,,,,0,,,,,,,,,,,,,,,,,,,,,,,,,,,,,,0,1,,,,,,,,,,,,,,,,,False,False,False,False,,,,,,,,,,,,,,,,,,,,,,,,,,,,,,,,,,,,,,,,,,,,,,,,,,,,,,,,,,,,,,,,,,,,,,,,,,,,,,,,,,,,,9_net_income,9_total_liabilities,,,,,,,,,,,,,,,,,,,,,,,,,,,,,,,,,,,,,,,,,,,,,,,,,,,,,,,,,,,,,,,,,,,,,,,,,,,,,,,,,,,,,,,,,,,,,,,,,,,,,,,,,,,,,,,,,,,,,,,,,,,,,,,,,,,9_net_income,9_total_liabilities,,
1,What is the ratio of total liabilities for Quantum Bridge Holdings in 2025 to net income for Quantum Bridge Holdings in 2025?,3.676192543050582,Quantum Bridge Holdings,2025,,ratio_amounts,ratio,"ratio(leaf_metric, leaf_metric)",N883,ratio,1,['Quantum Bridge Holdings'],['2025'],88,ratio,,,,,,,,,,,,,,,,,,,,,,,,,,,,,,0,,,,,,,,,,,,,,,,,,,,,,,,,,,,,,0,1,,,,,,,,,,,,,,,,,False,False,False,False,,,,,,,,,,,,,,,,,,,,,,,,,,,,,,,,,,,,,,,,,,,,,,,,,,,,,,,,,,,,,,,,,,,,,,,,,,,,,,,,,,,,,17_total_liabilities,17_net_income,,,,,,,,,,,,,,,,,,,,,,,,,,,,,,,,,,,,,,,,,,,,,,,,,,,,,,,,,,,,,,,,,,,,,,,,,,,,,,,,,,,,,,,,,,,,,,,,,,,,,,,,,,,,,,,,,,,,,,,,,,,,,,,,,,,,,17_total_liabilities,17_net_income
1,What is the ratio of inventories for Meridian Systems Inc in 2021 to total assets for Meridian Systems Inc in 2021?,0.02097855946675026,Meridian Systems Inc,2021,,ratio_amounts,ratio,"ratio(leaf_metric, leaf_metric)",N256,ratio,1,['Meridian Systems Inc'],['2021'],89,ratio,,,,,,,,,,,,,,,,,,,,,,,,,,,,,,0,,,,,,,,,,,,,,,,,,,,,,,,,,,,,,0,1,,,,,,,,,,,,,,,,,False,False,False,False,,,,,,,,,,,,,,,,,,,,,,,,,,,,,,,,,,,,,,,,,,,,,,,,,,,,,,,,,,,,,,,,,,,,,,,,,,,,,,,,,,,,,7_inventories,7_total_assets,,,,,,,,,,,,,,,,,,,,,,,,,,,,,,,,,,,,,,,,,,,,,,,,,,,,,,,,,,,,,,,7_inventories,7_total_assets,,,,,,,,,,,,,,,,,,,,,,,,,,,,,,,,,,,,,,,,,,,,,,,,,,,,,,,,,,,,,,,,,,,,,,
1,What is the ratio of capex for Pinnacle Health Group in 2021 to net income for Pinnacle Health Group in 2021?,0.229611757986876,Pinnacle Health Group,2021,,ratio_amounts,ratio,"ratio(leaf_metric, leaf_metric)",N432,ratio,1,['Pinnacle Health Group'],['2021'],90,ratio,,,,,,,,,,,,,,,,,,,,,,,,,,,,,,0,,,,,,,,,,,,,,,,,,,,,,,,,,,,,,0,1,,,,,,,,,,,,,,,,,False,False,False,False,,,,,,,,,,,,,,,,,,,,,,,,,,,,,,,,,,,,,,,,,,,,,,,,,,,,,,,,,,,,,,,,,,,,,,,,,,,,,,,,,,,,,31_capex,31_net_income,,,,,,,,,,,,,,,,,,,,,,,,,,,,,,,,,,,,,,,,,,,,,,,,,,,,,,,,,,,,,,,,,,,,,,,,,,,,,,,,,,,,,,,,,,,,,,,,,,,,,,,,,,,,,,,,,,,,,,,,,,,,,,,31_capex,31_net_income,,,,,,
